{
"type": "FeatureCollection",
"name": "seoul_zones",
"crs": { "type": "name", "properties": { "name": "urn:ogc:def:crs:OGC:1.3:CRS84" } },
"features": [
{ "type": "Feature", "properties": { "name": "강남 MICE 관광특구", "area_code": "POI001", "category": "관광특구" }, "geometry": { "type": "Polygon", "coordinates": [ [ [ 127.060275, 37.513903 ], [ 127.060396, 37.513854 ], [ 127.061568, 37.511707 ], [ 127.062893, 37.509279 ], [ 127.062574, 37.508673 ], [ 127.060024, 37.507891 ], [ 127.05992, 37.507926 ], [ 127.05858, 37.510381 ], [ 127.057005, 37.513266 ], [ 127.057057, 37.513346 ], [ 127.060275, 37.513903 ] ] ] } },
{ "type": "Feature", "properties": { "name": "동대문 관광특구", "area_code": "POI002", "category": "관광특구" }, "geometry": { "type": "Polygon", "coordinates": [ [ [ 127.01759, 37.569498 ], [ 127.017716, 37.569382 ], [ 127.017731, 37.569211 ], [ 127.017754, 37.568952 ], [ 127.018004, 37.565765 ], [ 127.017803, 37.565562 ], [ 127.017651, 37.56555 ], [ 127.016117, 37.565365 ], [ 127.012501, 37.564986 ], [ 127.010946, 37.564743 ], [ 127.009857, 37.564573 ], [ 127.009259, 37.564623 ], [ 127.009008, 37.564594 ], [ 127.008676, 37.564662 ], [ 127.008103, 37.564797 ], [ 127.006555, 37.564999 ], [ 127.004903, 37.564867 ], [ 127.004712, 37.564852 ], [ 127.004705, 37.564851 ], [ 127.004669, 37.564872 ], [ 127.004656, 37.564879 ], [ 127.004624, 37.564897 ], [ 127.004619, 37.5649 ], [ 127.004615, 37.564903 ], [ 127.004585, 37.56528 ], [ 127.00458, 37.565346 ], [ 127.004546, 37.565357 ], [ 127.004563, 37.565432 ], [ 127.004574, 37.565466 ], [ 127.004565, 37.565556 ], [ 127.0045, 37.566339 ], [ 127.004486, 37.566338 ], [ 127.004475, 37.566344 ], [ 127.004497, 37.566375 ], [ 127.0045, 37.566378 ], [ 127.004497, 37.566382 ], [ 127.004478, 37.56641 ], [ 127.004492, 37.566414 ], [ 127.00428, 37.568954 ], [ 127.004277, 37.569011 ], [ 127.004286, 37.569026 ], [ 127.004341, 37.56906 ], [ 127.0044, 37.569178 ], [ 127.004421, 37.569228 ], [ 127.004425, 37.569238 ], [ 127.00446, 37.569327 ], [ 127.004456, 37.569341 ], [ 127.004458, 37.569351 ], [ 127.004467, 37.569377 ], [ 127.004479, 37.569415 ], [ 127.004485, 37.569417 ], [ 127.004511, 37.569491 ], [ 127.004519, 37.569519 ], [ 127.004525, 37.569537 ], [ 127.004847, 37.569546 ], [ 127.005143, 37.569545 ], [ 127.005223, 37.569548 ], [ 127.008449, 37.569557 ], [ 127.008595, 37.569555 ], [ 127.010157, 37.569658 ], [ 127.011673, 37.569757 ], [ 127.0171, 37.569655 ], [ 127.01759, 37.569498 ] ] ] } },
{ "type": "Feature", "properties": { "name": "명동 관광특구", "area_code": "POI003", "category": "관광특구" }, "geometry": { "type": "Polygon", "coordinates": [ [ [ 126.976006, 37.560666 ], [ 126.976016, 37.560685 ], [ 126.976012, 37.560792 ], [ 126.97606, 37.560885 ], [ 126.976687, 37.562552 ], [ 126.977335, 37.564213 ], [ 126.97749, 37.564607 ], [ 126.978109, 37.5656 ], [ 126.977659, 37.565786 ], [ 126.977227, 37.566251 ], [ 126.977243, 37.566452 ], [ 126.977176, 37.566546 ], [ 126.977189, 37.566687 ], [ 126.977422, 37.566687 ], [ 126.977408, 37.567111 ], [ 126.977344, 37.568652 ], [ 126.977353, 37.569061 ], [ 126.977338, 37.569249 ], [ 126.977616, 37.569293 ], [ 126.978186, 37.569167 ], [ 126.978695, 37.569106 ], [ 126.979578, 37.569071 ], [ 126.979909, 37.569031 ], [ 126.980148, 37.56902 ], [ 126.980587, 37.568992 ], [ 126.981, 37.568974 ], [ 126.981421, 37.569005 ], [ 126.981688, 37.569012 ], [ 126.982023, 37.569063 ], [ 126.982367, 37.569052 ], [ 126.982608, 37.569019 ], [ 126.982699, 37.569017 ], [ 126.983219, 37.568905 ], [ 126.983795, 37.568788 ], [ 126.98393, 37.568759 ], [ 126.984391, 37.568637 ], [ 126.985266, 37.568484 ], [ 126.986284, 37.568301 ], [ 126.986662, 37.568233 ], [ 126.986647, 37.568066 ], [ 126.987158, 37.568021 ], [ 126.987389, 37.56802 ], [ 126.987388, 37.56795 ], [ 126.987482, 37.567907 ], [ 126.987466, 37.56784 ], [ 126.987402, 37.567815 ], [ 126.987363, 37.567116 ], [ 126.987327, 37.566383 ], [ 126.987437, 37.566211 ], [ 126.987631, 37.566017 ], [ 126.987631, 37.565967 ], [ 126.987612, 37.565968 ], [ 126.987604, 37.56593 ], [ 126.987607, 37.56593 ], [ 126.98761, 37.565911 ], [ 126.987594, 37.565909 ], [ 126.987594, 37.565899 ], [ 126.987634, 37.565895 ], [ 126.987641, 37.565794 ], [ 126.987627, 37.565791 ], [ 126.987626, 37.565787 ], [ 126.987584, 37.565768 ], [ 126.987545, 37.565746 ], [ 126.987505, 37.565735 ], [ 126.9875, 37.565738 ], [ 126.987425, 37.565709 ], [ 126.987394, 37.565684 ], [ 126.987385, 37.565683 ], [ 126.987394, 37.565527 ], [ 126.987398, 37.565373 ], [ 126.987403, 37.564899 ], [ 126.987397, 37.564781 ], [ 126.987354, 37.564741 ], [ 126.987365, 37.564676 ], [ 126.987383, 37.564567 ], [ 126.987479, 37.564534 ], [ 126.987627, 37.564127 ], [ 126.98799, 37.563616 ], [ 126.988294, 37.563206 ], [ 126.988516, 37.562835 ], [ 126.988562, 37.562745 ], [ 126.988646, 37.562453 ], [ 126.988687, 37.562174 ], [ 126.988693, 37.562134 ], [ 126.988706, 37.562141 ], [ 126.988797, 37.561416 ], [ 126.988789, 37.561405 ], [ 126.988766, 37.561376 ], [ 126.988728, 37.561326 ], [ 126.988609, 37.561315 ], [ 126.988212, 37.561288 ], [ 126.986911, 37.561168 ], [ 126.986629, 37.561149 ], [ 126.985075, 37.560973 ], [ 126.984698, 37.560928 ], [ 126.983426, 37.560833 ], [ 126.982279, 37.560749 ], [ 126.982126, 37.560733 ], [ 126.981898, 37.560662 ], [ 126.981958, 37.560526 ], [ 126.98195, 37.560461 ], [ 126.981603, 37.560319 ], [ 126.981155, 37.560014 ], [ 126.981065, 37.56007 ], [ 126.980398, 37.559852 ], [ 126.98017, 37.559858 ], [ 126.980014, 37.559863 ], [ 126.97984, 37.5596 ], [ 126.97959, 37.559536 ], [ 126.979077, 37.559364 ], [ 126.978621, 37.559111 ], [ 126.978223, 37.558766 ], [ 126.977812, 37.55832 ], [ 126.977389, 37.558018 ], [ 126.977145, 37.557896 ], [ 126.976513, 37.557681 ], [ 126.976169, 37.558441 ], [ 126.975833, 37.558735 ], [ 126.975653, 37.558933 ], [ 126.975627, 37.559119 ], [ 126.97564, 37.559268 ], [ 126.975799, 37.559465 ], [ 126.975943, 37.559633 ], [ 126.976038, 37.55986 ], [ 126.975991, 37.560224 ], [ 126.976052, 37.560316 ], [ 126.976078, 37.560564 ], [ 126.976006, 37.560666 ] ] ] } },
{ "type": "Feature", "properties": { "name": "이태원 관광특구", "area_code": "POI004", "category": "관광특구" }, "geometry": { "type": "Polygon", "coordinates": [ [ [ 126.991246, 37.530305 ], [ 126.991207, 37.530238 ], [ 126.991147, 37.530237 ], [ 126.990821, 37.530687 ], [ 126.990815, 37.530701 ], [ 126.988172, 37.534304 ], [ 126.988131, 37.534359 ], [ 126.98806, 37.534466 ], [ 126.988258, 37.534989 ], [ 126.98829, 37.535024 ], [ 126.988274, 37.535032 ], [ 126.988292, 37.535073 ], [ 126.988358, 37.5351 ], [ 126.98859, 37.535072 ], [ 126.988787, 37.535037 ], [ 126.989132, 37.535246 ], [ 126.989215, 37.535291 ], [ 126.989252, 37.535321 ], [ 126.989442, 37.535538 ], [ 126.989542, 37.535593 ], [ 126.989551, 37.535602 ], [ 126.989605, 37.535617 ], [ 126.989647, 37.535635 ], [ 126.989714, 37.535677 ], [ 126.989732, 37.53569 ], [ 126.989774, 37.535726 ], [ 126.98982, 37.535756 ], [ 126.989929, 37.535859 ], [ 126.989924, 37.535871 ], [ 126.989974, 37.535904 ], [ 126.990007, 37.535935 ], [ 126.990064, 37.536016 ], [ 126.990596, 37.536105 ], [ 126.990693, 37.536133 ], [ 126.990885, 37.536219 ], [ 126.990913, 37.536235 ], [ 126.991016, 37.536308 ], [ 126.991181, 37.536586 ], [ 126.991232, 37.536599 ], [ 126.991526, 37.536486 ], [ 126.991635, 37.536466 ], [ 126.991699, 37.536422 ], [ 126.991804, 37.536409 ], [ 126.991883, 37.536366 ], [ 126.992114, 37.536263 ], [ 126.992198, 37.536241 ], [ 126.992287, 37.536227 ], [ 126.992404, 37.536221 ], [ 126.992389, 37.536145 ], [ 126.992296, 37.536095 ], [ 126.992296, 37.53609 ], [ 126.992261, 37.535961 ], [ 126.992282, 37.535894 ], [ 126.992213, 37.535797 ], [ 126.992208, 37.535735 ], [ 126.992233, 37.535687 ], [ 126.992128, 37.535609 ], [ 126.992128, 37.535599 ], [ 126.992344, 37.535513 ], [ 126.992465, 37.535432 ], [ 126.992834, 37.535331 ], [ 126.993267, 37.535406 ], [ 126.993511, 37.535445 ], [ 126.994139, 37.535496 ], [ 126.994279, 37.535405 ], [ 126.994343, 37.535372 ], [ 126.994432, 37.535339 ], [ 126.994561, 37.535318 ], [ 126.99502, 37.535316 ], [ 126.995068, 37.5353 ], [ 126.995102, 37.535283 ], [ 126.995167, 37.535209 ], [ 126.995265, 37.535096 ], [ 126.99538, 37.535147 ], [ 126.995686, 37.535219 ], [ 126.996358, 37.53525 ], [ 126.996393, 37.53523 ], [ 126.9966, 37.53522 ], [ 126.99673, 37.535228 ], [ 126.996772, 37.535234 ], [ 126.996776, 37.535234 ], [ 126.997197, 37.535305 ], [ 126.997399, 37.53534 ], [ 126.99758, 37.53538 ], [ 126.997601, 37.535386 ], [ 126.997649, 37.535401 ], [ 126.997753, 37.535441 ], [ 126.997929, 37.535524 ], [ 126.997938, 37.53553 ], [ 126.998148, 37.535665 ], [ 126.998267, 37.535743 ], [ 126.998455, 37.535843 ], [ 126.998617, 37.535958 ], [ 126.998773, 37.536104 ], [ 126.998948, 37.536266 ], [ 126.999054, 37.536343 ], [ 126.999139, 37.536418 ], [ 126.999178, 37.536453 ], [ 126.999183, 37.536458 ], [ 126.999226, 37.5365 ], [ 126.999238, 37.536511 ], [ 126.999501, 37.536781 ], [ 126.999875, 37.537166 ], [ 126.999978, 37.537288 ], [ 127.000218, 37.537611 ], [ 127.000414, 37.537873 ], [ 127.000546, 37.53805 ], [ 127.000578, 37.538115 ], [ 127.000601, 37.5382 ], [ 127.000624, 37.538279 ], [ 127.000663, 37.53832 ], [ 127.000784, 37.538362 ], [ 127.00085, 37.538373 ], [ 127.001376, 37.538373 ], [ 127.001427, 37.538526 ], [ 127.001735, 37.538457 ], [ 127.001739, 37.538515 ], [ 127.001784, 37.538679 ], [ 127.001802, 37.53879 ], [ 127.001824, 37.538937 ], [ 127.002713, 37.538879 ], [ 127.002643, 37.538599 ], [ 127.002601, 37.538439 ], [ 127.002537, 37.538089 ], [ 127.002515, 37.538001 ], [ 127.002399, 37.537857 ], [ 127.002209, 37.537672 ], [ 127.002211, 37.537453 ], [ 127.001889, 37.537029 ], [ 127.001863, 37.537016 ], [ 127.001803, 37.536954 ], [ 127.00165, 37.536885 ], [ 127.001348, 37.536437 ], [ 127.001089, 37.536058 ], [ 127.001047, 37.536001 ], [ 127.000969, 37.535936 ], [ 127.000845, 37.535877 ], [ 127.000826, 37.535864 ], [ 127.000281, 37.535605 ], [ 127.000214, 37.53562 ], [ 127.000137, 37.535587 ], [ 127.000249, 37.535446 ], [ 127.000502, 37.535132 ], [ 127.000647, 37.534957 ], [ 127.000661, 37.534937 ], [ 127.00068, 37.534905 ], [ 127.000685, 37.534878 ], [ 127.000683, 37.534834 ], [ 127.000665, 37.53479 ], [ 127.0006, 37.534696 ], [ 127.000431, 37.534476 ], [ 127.000269, 37.534591 ], [ 127.000119, 37.534674 ], [ 126.999816, 37.53482 ], [ 126.999732, 37.534703 ], [ 126.999552, 37.534468 ], [ 126.999492, 37.534452 ], [ 126.998886, 37.534503 ], [ 126.998846, 37.534535 ], [ 126.99884, 37.534573 ], [ 126.998831, 37.5346 ], [ 126.998816, 37.534629 ], [ 126.998786, 37.534657 ], [ 126.998775, 37.534664 ], [ 126.998761, 37.534674 ], [ 126.998722, 37.534686 ], [ 126.998675, 37.53469 ], [ 126.998639, 37.534688 ], [ 126.99859, 37.534674 ], [ 126.998478, 37.534606 ], [ 126.998249, 37.534474 ], [ 126.997849, 37.534395 ], [ 126.997776, 37.534405 ], [ 126.997714, 37.534356 ], [ 126.997694, 37.534323 ], [ 126.997683, 37.534303 ], [ 126.997698, 37.534243 ], [ 126.997735, 37.534201 ], [ 126.997818, 37.534029 ], [ 126.997812, 37.533979 ], [ 126.997795, 37.533948 ], [ 126.997782, 37.533921 ], [ 126.997771, 37.533884 ], [ 126.997765, 37.533855 ], [ 126.997765, 37.533824 ], [ 126.997772, 37.53377 ], [ 126.997782, 37.533748 ], [ 126.997811, 37.533691 ], [ 126.998024, 37.53346 ], [ 126.998028, 37.533438 ], [ 126.997964, 37.53334 ], [ 126.997926, 37.533311 ], [ 126.997899, 37.533285 ], [ 126.997869, 37.53325 ], [ 126.997855, 37.533228 ], [ 126.997837, 37.533198 ], [ 126.997821, 37.533156 ], [ 126.99776, 37.533129 ], [ 126.997624, 37.533161 ], [ 126.997343, 37.533234 ], [ 126.997284, 37.533261 ], [ 126.997241, 37.533268 ], [ 126.997104, 37.533283 ], [ 126.997044, 37.533295 ], [ 126.996999, 37.533304 ], [ 126.996944, 37.53331 ], [ 126.996782, 37.533307 ], [ 126.996595, 37.533276 ], [ 126.996312, 37.533224 ], [ 126.995987, 37.533167 ], [ 126.995894, 37.533151 ], [ 126.995889, 37.53315 ], [ 126.995832, 37.53315 ], [ 126.995806, 37.533151 ], [ 126.99575, 37.533159 ], [ 126.995721, 37.533165 ], [ 126.995683, 37.533173 ], [ 126.995657, 37.533181 ], [ 126.995628, 37.533193 ], [ 126.995431, 37.533197 ], [ 126.994281, 37.533153 ], [ 126.994526, 37.532578 ], [ 126.994622, 37.532272 ], [ 126.994698, 37.532078 ], [ 126.994711, 37.532047 ], [ 126.994738, 37.531976 ], [ 126.994745, 37.531961 ], [ 126.994758, 37.531931 ], [ 126.994818, 37.531822 ], [ 126.994865, 37.531757 ], [ 126.994862, 37.531754 ], [ 126.994845, 37.531701 ], [ 126.994755, 37.531611 ], [ 126.994491, 37.53159 ], [ 126.9943, 37.531577 ], [ 126.994224, 37.531568 ], [ 126.994187, 37.531569 ], [ 126.993945, 37.531563 ], [ 126.993794, 37.531564 ], [ 126.993724, 37.531588 ], [ 126.993627, 37.531615 ], [ 126.993331, 37.531713 ], [ 126.993123, 37.531773 ], [ 126.992908, 37.531809 ], [ 126.992201, 37.531994 ], [ 126.99206, 37.531938 ], [ 126.991847, 37.531806 ], [ 126.991759, 37.5317 ], [ 126.991684, 37.531615 ], [ 126.991652, 37.53157 ], [ 126.991629, 37.531537 ], [ 126.991526, 37.531407 ], [ 126.991402, 37.530962 ], [ 126.991386, 37.53091 ], [ 126.99136, 37.530803 ], [ 126.991325, 37.53069 ], [ 126.991246, 37.530305 ] ] ] } },
{ "type": "Feature", "properties": { "name": "잠실 관광특구", "area_code": "POI005", "category": "관광특구" }, "geometry": { "type": "Polygon", "coordinates": [ [ [ 127.093074, 37.510513 ], [ 127.092721, 37.511498 ], [ 127.092908, 37.511723 ], [ 127.095625, 37.511993 ], [ 127.095918, 37.512028 ], [ 127.096119, 37.51206 ], [ 127.096172, 37.512068 ], [ 127.096421, 37.512116 ], [ 127.098979, 37.512749 ], [ 127.101161, 37.513391 ], [ 127.101195, 37.513405 ], [ 127.101202, 37.513407 ], [ 127.101565, 37.513531 ], [ 127.105151, 37.514749 ], [ 127.106195, 37.515106 ], [ 127.107, 37.515378 ], [ 127.111852, 37.517026 ], [ 127.112275, 37.51717 ], [ 127.112557, 37.517168 ], [ 127.117551, 37.525248 ], [ 127.117809, 37.525323 ], [ 127.117924, 37.525302 ], [ 127.118092, 37.525276 ], [ 127.118259, 37.525256 ], [ 127.118427, 37.525243 ], [ 127.118455, 37.525241 ], [ 127.118596, 37.525235 ], [ 127.118664, 37.525235 ], [ 127.118767, 37.525234 ], [ 127.118819, 37.525236 ], [ 127.1189, 37.525238 ], [ 127.118936, 37.52524 ], [ 127.119059, 37.525247 ], [ 127.119103, 37.525251 ], [ 127.119279, 37.525269 ], [ 127.119438, 37.525292 ], [ 127.119597, 37.525322 ], [ 127.119763, 37.525359 ], [ 127.119968, 37.525416 ], [ 127.120639, 37.525607 ], [ 127.120744, 37.525637 ], [ 127.120943, 37.525696 ], [ 127.121149, 37.525755 ], [ 127.121351, 37.52581 ], [ 127.121468, 37.525832 ], [ 127.121474, 37.525833 ], [ 127.121533, 37.525845 ], [ 127.121646, 37.525864 ], [ 127.121697, 37.525873 ], [ 127.121868, 37.525894 ], [ 127.122037, 37.525907 ], [ 127.1222, 37.525913 ], [ 127.122379, 37.525912 ], [ 127.122547, 37.525903 ], [ 127.122724, 37.525885 ], [ 127.122744, 37.525882 ], [ 127.122808, 37.525872 ], [ 127.122824, 37.525869 ], [ 127.122937, 37.525835 ], [ 127.122941, 37.525834 ], [ 127.122946, 37.525833 ], [ 127.122949, 37.525831 ], [ 127.122959, 37.525829 ], [ 127.12296, 37.525828 ], [ 127.122998, 37.525812 ], [ 127.128679, 37.5233 ], [ 127.127756, 37.523069 ], [ 127.127967, 37.522008 ], [ 127.127974, 37.521998 ], [ 127.128582, 37.521066 ], [ 127.128739, 37.520694 ], [ 127.128775, 37.520596 ], [ 127.128895, 37.520354 ], [ 127.128929, 37.520283 ], [ 127.129, 37.520122 ], [ 127.129065, 37.519936 ], [ 127.129118, 37.519745 ], [ 127.129182, 37.519447 ], [ 127.129313, 37.518743 ], [ 127.129349, 37.518606 ], [ 127.129409, 37.518453 ], [ 127.129494, 37.51831 ], [ 127.129594, 37.518177 ], [ 127.129654, 37.518115 ], [ 127.129659, 37.518111 ], [ 127.129708, 37.518061 ], [ 127.129839, 37.517957 ], [ 127.129978, 37.517873 ], [ 127.13041, 37.517672 ], [ 127.130953, 37.517432 ], [ 127.127919, 37.51246 ], [ 127.127856, 37.512422 ], [ 127.127744, 37.512371 ], [ 127.127683, 37.512359 ], [ 127.127624, 37.512344 ], [ 127.127561, 37.512335 ], [ 127.127498, 37.512331 ], [ 127.127434, 37.512332 ], [ 127.127419, 37.512333 ], [ 127.123114, 37.514102 ], [ 127.115836, 37.516697 ], [ 127.114577, 37.514686 ], [ 127.111818, 37.515766 ], [ 127.110326, 37.515256 ], [ 127.110502, 37.514836 ], [ 127.110339, 37.514574 ], [ 127.110037, 37.514692 ], [ 127.109173, 37.514398 ], [ 127.109665, 37.51325 ], [ 127.108572, 37.511564 ], [ 127.109055, 37.511368 ], [ 127.10887, 37.511084 ], [ 127.108043, 37.511418 ], [ 127.1045, 37.508655 ], [ 127.104793, 37.50833 ], [ 127.104649, 37.508218 ], [ 127.102862, 37.507466 ], [ 127.09968, 37.506117 ], [ 127.098516, 37.505953 ], [ 127.097223, 37.505837 ], [ 127.097289, 37.506715 ], [ 127.097509, 37.510059 ], [ 127.093291, 37.510368 ], [ 127.093074, 37.510513 ] ] ] } },
{ "type": "Feature", "properties": { "name": "종로·청계 관광특구", "area_code": "POI006", "category": "관광특구" }, "geometry": { "type": "Polygon", "coordinates": [ [ [ 126.977579, 37.570082 ], [ 126.977582, 37.570082 ], [ 126.97759, 37.570209 ], [ 126.977625, 37.570209 ], [ 126.97762, 37.570272 ], [ 126.97776, 37.570272 ], [ 126.983255, 37.570227 ], [ 126.984772, 37.570236 ], [ 126.987863, 37.570255 ], [ 126.988038, 37.5702 ], [ 126.991153, 37.570376 ], [ 126.99281, 37.570432 ], [ 126.997792, 37.570739 ], [ 127.001631, 37.570953 ], [ 127.009214, 37.571083 ], [ 127.009226, 37.571222 ], [ 127.010842, 37.57176 ], [ 127.014132, 37.572538 ], [ 127.014351, 37.572666 ], [ 127.01511, 37.572914 ], [ 127.015557, 37.573045 ], [ 127.015631, 37.572609 ], [ 127.015549, 37.572011 ], [ 127.015546, 37.57196 ], [ 127.015545, 37.571809 ], [ 127.015564, 37.571685 ], [ 127.015562, 37.571435 ], [ 127.015554, 37.571437 ], [ 127.015556, 37.571416 ], [ 127.015558, 37.571416 ], [ 127.015551, 37.571347 ], [ 127.015553, 37.571337 ], [ 127.015563, 37.571307 ], [ 127.015573, 37.571275 ], [ 127.015572, 37.571273 ], [ 127.01557, 37.571227 ], [ 127.015574, 37.571164 ], [ 127.01558, 37.571079 ], [ 127.015586, 37.571015 ], [ 127.015614, 37.571016 ], [ 127.01561, 37.570998 ], [ 127.015586, 37.570999 ], [ 127.015589, 37.570955 ], [ 127.01559, 37.570925 ], [ 127.015609, 37.570925 ], [ 127.015622, 37.570866 ], [ 127.015596, 37.570862 ], [ 127.01561, 37.570647 ], [ 127.015627, 37.570647 ], [ 127.01563, 37.570622 ], [ 127.015627, 37.570598 ], [ 127.015633, 37.570552 ], [ 127.015654, 37.570319 ], [ 127.015658, 37.570257 ], [ 127.01566, 37.57023 ], [ 127.015647, 37.570167 ], [ 127.015656, 37.570086 ], [ 127.015638, 37.57007 ], [ 127.015527, 37.569976 ], [ 127.015391, 37.569974 ], [ 127.0149, 37.569965 ], [ 127.014611, 37.569964 ], [ 127.014094, 37.56996 ], [ 127.013567, 37.569959 ], [ 127.012691, 37.569959 ], [ 127.012071, 37.569956 ], [ 127.011359, 37.569955 ], [ 127.011225, 37.569962 ], [ 127.010601, 37.56992 ], [ 127.010187, 37.569934 ], [ 127.01, 37.569924 ], [ 127.009953, 37.569924 ], [ 127.009755, 37.569883 ], [ 127.009236, 37.569892 ], [ 127.008909, 37.569864 ], [ 127.00853, 37.56985 ], [ 127.007491, 37.569785 ], [ 127.007136, 37.569781 ], [ 127.00706, 37.569795 ], [ 127.006972, 37.569799 ], [ 127.006896, 37.569804 ], [ 127.006867, 37.569822 ], [ 127.006751, 37.569813 ], [ 127.006669, 37.569776 ], [ 127.006576, 37.569762 ], [ 127.006074, 37.569739 ], [ 127.0051, 37.569734 ], [ 127.004452, 37.569734 ], [ 127.004149, 37.569711 ], [ 127.003589, 37.569697 ], [ 127.002842, 37.569697 ], [ 127.002626, 37.569679 ], [ 127.002113, 37.569697 ], [ 127.001506, 37.569655 ], [ 127.001465, 37.569637 ], [ 127.001331, 37.569609 ], [ 127.001197, 37.569544 ], [ 127.000748, 37.569465 ], [ 126.998823, 37.569066 ], [ 126.997913, 37.568926 ], [ 126.99779, 37.568903 ], [ 126.996326, 37.568708 ], [ 126.996314, 37.568685 ], [ 126.996268, 37.568685 ], [ 126.99625, 37.568703 ], [ 126.995089, 37.568606 ], [ 126.993666, 37.56849 ], [ 126.993334, 37.56849 ], [ 126.99226, 37.568392 ], [ 126.991426, 37.568294 ], [ 126.990143, 37.568187 ], [ 126.989618, 37.56815 ], [ 126.989434, 37.568146 ], [ 126.98925, 37.568146 ], [ 126.989029, 37.568127 ], [ 126.988845, 37.568129 ], [ 126.988614, 37.568138 ], [ 126.987634, 37.568196 ], [ 126.987413, 37.568199 ], [ 126.987104, 37.568226 ], [ 126.986602, 37.568284 ], [ 126.986232, 37.568318 ], [ 126.985942, 37.56837 ], [ 126.985395, 37.568492 ], [ 126.985385, 37.568485 ], [ 126.984465, 37.568638 ], [ 126.983872, 37.568754 ], [ 126.983881, 37.568775 ], [ 126.98377, 37.568798 ], [ 126.98377, 37.568766 ], [ 126.983143, 37.568898 ], [ 126.983102, 37.568898 ], [ 126.982817, 37.568951 ], [ 126.982729, 37.568963 ], [ 126.982656, 37.568991 ], [ 126.982303, 37.569026 ], [ 126.981985, 37.569032 ], [ 126.981863, 37.569015 ], [ 126.98141, 37.568973 ], [ 126.981131, 37.568969 ], [ 126.980937, 37.568962 ], [ 126.98049, 37.568971 ], [ 126.979551, 37.56904 ], [ 126.97949, 37.56904 ], [ 126.979306, 37.569047 ], [ 126.979271, 37.569056 ], [ 126.979169, 37.569061 ], [ 126.978866, 37.569077 ], [ 126.978819, 37.569086 ], [ 126.978524, 37.569107 ], [ 126.978443, 37.569107 ], [ 126.978317, 37.569119 ], [ 126.978253, 37.569121 ], [ 126.978113, 37.569137 ], [ 126.978081, 37.569137 ], [ 126.978037, 37.569149 ], [ 126.97788, 37.569163 ], [ 126.977605, 37.569244 ], [ 126.977629, 37.569263 ], [ 126.977527, 37.569314 ], [ 126.977512, 37.570068 ], [ 126.977529, 37.570082 ], [ 126.977579, 37.570082 ] ] ] } },
{ "type": "Feature", "properties": { "name": "홍대 관광특구", "area_code": "POI007", "category": "관광특구" }, "geometry": { "type": "Polygon", "coordinates": [ [ [ 126.915029, 37.55011 ], [ 126.915067, 37.550137 ], [ 126.915112, 37.550171 ], [ 126.915195, 37.550232 ], [ 126.915255, 37.550278 ], [ 126.915312, 37.550321 ], [ 126.915465, 37.550435 ], [ 126.915472, 37.55044 ], [ 126.915575, 37.550517 ], [ 126.915685, 37.550597 ], [ 126.915715, 37.550624 ], [ 126.915796, 37.550684 ], [ 126.915914, 37.550772 ], [ 126.915935, 37.550788 ], [ 126.916029, 37.550857 ], [ 126.916062, 37.550881 ], [ 126.916198, 37.550983 ], [ 126.916625, 37.551299 ], [ 126.916675, 37.551335 ], [ 126.917013, 37.551587 ], [ 126.917048, 37.551613 ], [ 126.917296, 37.551798 ], [ 126.91745, 37.551912 ], [ 126.917549, 37.551986 ], [ 126.917663, 37.55207 ], [ 126.91789, 37.552238 ], [ 126.917959, 37.55229 ], [ 126.918082, 37.552377 ], [ 126.918205, 37.55247 ], [ 126.918489, 37.552681 ], [ 126.918717, 37.552852 ], [ 126.918784, 37.552901 ], [ 126.918938, 37.553017 ], [ 126.91909, 37.553129 ], [ 126.919243, 37.553243 ], [ 126.919387, 37.553349 ], [ 126.919717, 37.553595 ], [ 126.919784, 37.553645 ], [ 126.919895, 37.553727 ], [ 126.920002, 37.553805 ], [ 126.920069, 37.553855 ], [ 126.920189, 37.553945 ], [ 126.920322, 37.554042 ], [ 126.92037, 37.554077 ], [ 126.920602, 37.554251 ], [ 126.920706, 37.554328 ], [ 126.92081, 37.554405 ], [ 126.920922, 37.554489 ], [ 126.921204, 37.554699 ], [ 126.921395, 37.554842 ], [ 126.921522, 37.554937 ], [ 126.921826, 37.55516 ], [ 126.921929, 37.555235 ], [ 126.922092, 37.555355 ], [ 126.92228, 37.555497 ], [ 126.922413, 37.555594 ], [ 126.922581, 37.555719 ], [ 126.92272, 37.555825 ], [ 126.922748, 37.555846 ], [ 126.922884, 37.555946 ], [ 126.922949, 37.555994 ], [ 126.923222, 37.556198 ], [ 126.923331, 37.55628 ], [ 126.92346, 37.556374 ], [ 126.92359, 37.556471 ], [ 126.92367, 37.556532 ], [ 126.923808, 37.556634 ], [ 126.923812, 37.556637 ], [ 126.923949, 37.55674 ], [ 126.924095, 37.556847 ], [ 126.92419, 37.556918 ], [ 126.924278, 37.556982 ], [ 126.92432, 37.557011 ], [ 126.924395, 37.557067 ], [ 126.924596, 37.557218 ], [ 126.924738, 37.557322 ], [ 126.924928, 37.557464 ], [ 126.92504, 37.557546 ], [ 126.925103, 37.557593 ], [ 126.925178, 37.557649 ], [ 126.925237, 37.557695 ], [ 126.925296, 37.557738 ], [ 126.925419, 37.55783 ], [ 126.925489, 37.557881 ], [ 126.925543, 37.557921 ], [ 126.925612, 37.557972 ], [ 126.925637, 37.557991 ], [ 126.925713, 37.558047 ], [ 126.925812, 37.55812 ], [ 126.925921, 37.558204 ], [ 126.925972, 37.558242 ], [ 126.926067, 37.558312 ], [ 126.92623, 37.558433 ], [ 126.926237, 37.558435 ], [ 126.92635, 37.558445 ], [ 126.926626, 37.558474 ], [ 126.926806, 37.558493 ], [ 126.926896, 37.558503 ], [ 126.926975, 37.55851 ], [ 126.927088, 37.558522 ], [ 126.927237, 37.558469 ], [ 126.927579, 37.558342 ], [ 126.927662, 37.558311 ], [ 126.927884, 37.55823 ], [ 126.928107, 37.558148 ], [ 126.928139, 37.558137 ], [ 126.928708, 37.557928 ], [ 126.928792, 37.557896 ], [ 126.928969, 37.557831 ], [ 126.928979, 37.557827 ], [ 126.929186, 37.557752 ], [ 126.929421, 37.557665 ], [ 126.929627, 37.55759 ], [ 126.929778, 37.557535 ], [ 126.930069, 37.557428 ], [ 126.930092, 37.557419 ], [ 126.930285, 37.557348 ], [ 126.930407, 37.557303 ], [ 126.930609, 37.557229 ], [ 126.930724, 37.557186 ], [ 126.930866, 37.557134 ], [ 126.930994, 37.557088 ], [ 126.930996, 37.557088 ], [ 126.931034, 37.557074 ], [ 126.931099, 37.557051 ], [ 126.931106, 37.557048 ], [ 126.931206, 37.557012 ], [ 126.931269, 37.556989 ], [ 126.931308, 37.556974 ], [ 126.931472, 37.556915 ], [ 126.931641, 37.556852 ], [ 126.930156, 37.554842 ], [ 126.93002, 37.554671 ], [ 126.929815, 37.554479 ], [ 126.929113, 37.553995 ], [ 126.92881, 37.553793 ], [ 126.928531, 37.553668 ], [ 126.927429, 37.553427 ], [ 126.926849, 37.553297 ], [ 126.926604, 37.553247 ], [ 126.926363, 37.553225 ], [ 126.925629, 37.553323 ], [ 126.92552, 37.553323 ], [ 126.925415, 37.553303 ], [ 126.924256, 37.552859 ], [ 126.924335, 37.552791 ], [ 126.924269, 37.552714 ], [ 126.924291, 37.552679 ], [ 126.924279, 37.552544 ], [ 126.924268, 37.552416 ], [ 126.924228, 37.552341 ], [ 126.924228, 37.552341 ], [ 126.92419, 37.552269 ], [ 126.924142, 37.552293 ], [ 126.92412, 37.55225 ], [ 126.924035, 37.552087 ], [ 126.924051, 37.552068 ], [ 126.924091, 37.551833 ], [ 126.924196, 37.551546 ], [ 126.924199, 37.551534 ], [ 126.924223, 37.551422 ], [ 126.924235, 37.551282 ], [ 126.924221, 37.551144 ], [ 126.924249, 37.551143 ], [ 126.92426, 37.551063 ], [ 126.924254, 37.550924 ], [ 126.924246, 37.550896 ], [ 126.924245, 37.550861 ], [ 126.924211, 37.550622 ], [ 126.92421, 37.550581 ], [ 126.924171, 37.55056 ], [ 126.924136, 37.550543 ], [ 126.924034, 37.550487 ], [ 126.923899, 37.550414 ], [ 126.923873, 37.550402 ], [ 126.923759, 37.550338 ], [ 126.923562, 37.550234 ], [ 126.923537, 37.550222 ], [ 126.923398, 37.550147 ], [ 126.923187, 37.550033 ], [ 126.923181, 37.550041 ], [ 126.923057, 37.549973 ], [ 126.922981, 37.548019 ], [ 126.922977, 37.547864 ], [ 126.922752, 37.547872 ], [ 126.922688, 37.547874 ], [ 126.922615, 37.547877 ], [ 126.922558, 37.547879 ], [ 126.92247, 37.547882 ], [ 126.922398, 37.547885 ], [ 126.922204, 37.547891 ], [ 126.922108, 37.547894 ], [ 126.922037, 37.547897 ], [ 126.921954, 37.5479 ], [ 126.921891, 37.547902 ], [ 126.921891, 37.54788 ], [ 126.921839, 37.547881 ], [ 126.921839, 37.547902 ], [ 126.921773, 37.547905 ], [ 126.921706, 37.547908 ], [ 126.921575, 37.547915 ], [ 126.921558, 37.547914 ], [ 126.921556, 37.547892 ], [ 126.921486, 37.547894 ], [ 126.921418, 37.547896 ], [ 126.921356, 37.547898 ], [ 126.921294, 37.547899 ], [ 126.921287, 37.547923 ], [ 126.92125, 37.547924 ], [ 126.921164, 37.547928 ], [ 126.921159, 37.547922 ], [ 126.921139, 37.547902 ], [ 126.921034, 37.547905 ], [ 126.920905, 37.54791 ], [ 126.920821, 37.547914 ], [ 126.920795, 37.547916 ], [ 126.920762, 37.547919 ], [ 126.920628, 37.547923 ], [ 126.920595, 37.547925 ], [ 126.920607, 37.54795 ], [ 126.920527, 37.547953 ], [ 126.920453, 37.547954 ], [ 126.920441, 37.547929 ], [ 126.920408, 37.54793 ], [ 126.920332, 37.547932 ], [ 126.920262, 37.547934 ], [ 126.92, 37.547951 ], [ 126.919931, 37.547954 ], [ 126.919742, 37.547961 ], [ 126.91912, 37.547984 ], [ 126.919013, 37.547988 ], [ 126.918895, 37.547993 ], [ 126.918877, 37.547994 ], [ 126.91877, 37.547999 ], [ 126.918744, 37.548001 ], [ 126.918661, 37.548004 ], [ 126.918504, 37.548008 ], [ 126.9184, 37.548011 ], [ 126.918379, 37.548015 ], [ 126.91781, 37.548134 ], [ 126.917718, 37.548153 ], [ 126.917353, 37.548229 ], [ 126.916963, 37.548311 ], [ 126.916455, 37.548414 ], [ 126.916364, 37.54843 ], [ 126.916052, 37.548494 ], [ 126.915751, 37.548559 ], [ 126.915751, 37.548559 ], [ 126.91561, 37.54859 ], [ 126.915403, 37.548633 ], [ 126.914923, 37.548733 ], [ 126.914838, 37.54875 ], [ 126.914661, 37.548786 ], [ 126.914483, 37.548823 ], [ 126.914387, 37.548843 ], [ 126.914341, 37.548852 ], [ 126.914071, 37.548908 ], [ 126.913669, 37.548992 ], [ 126.913643, 37.54908 ], [ 126.913643, 37.54908 ], [ 126.913643, 37.54908 ], [ 126.913529, 37.549013 ], [ 126.913422, 37.54895 ], [ 126.913261, 37.548983 ], [ 126.91326, 37.548987 ], [ 126.913212, 37.549145 ], [ 126.913118, 37.549455 ], [ 126.913086, 37.54956 ], [ 126.913022, 37.549771 ], [ 126.912994, 37.54986 ], [ 126.912928, 37.550075 ], [ 126.912818, 37.550433 ], [ 126.9128, 37.55051 ], [ 126.912798, 37.550517 ], [ 126.912766, 37.550624 ], [ 126.912683, 37.550897 ], [ 126.912616, 37.55112 ], [ 126.912521, 37.551429 ], [ 126.912521, 37.551429 ], [ 126.91247, 37.551596 ], [ 126.912433, 37.551718 ], [ 126.912414, 37.551779 ], [ 126.912381, 37.551883 ], [ 126.912381, 37.551883 ], [ 126.912274, 37.552235 ], [ 126.91226, 37.55228 ], [ 126.912253, 37.552305 ], [ 126.912228, 37.552384 ], [ 126.912202, 37.552471 ], [ 126.912164, 37.552594 ], [ 126.912134, 37.552689 ], [ 126.912121, 37.552732 ], [ 126.912115, 37.552753 ], [ 126.912107, 37.552778 ], [ 126.912079, 37.552866 ], [ 126.912078, 37.552868 ], [ 126.911723, 37.554036 ], [ 126.911679, 37.554187 ], [ 126.911698, 37.55424 ], [ 126.911914, 37.55429 ], [ 126.912216, 37.554339 ], [ 126.912321, 37.554356 ], [ 126.912472, 37.554381 ], [ 126.912753, 37.55443 ], [ 126.912765, 37.554432 ], [ 126.912843, 37.554446 ], [ 126.91321, 37.554511 ], [ 126.913623, 37.554583 ], [ 126.913637, 37.554586 ], [ 126.913647, 37.554588 ], [ 126.913704, 37.5546 ], [ 126.913758, 37.55461 ], [ 126.913857, 37.554627 ], [ 126.914304, 37.554704 ], [ 126.914471, 37.554733 ], [ 126.914656, 37.554765 ], [ 126.915006, 37.55482 ], [ 126.915111, 37.554836 ], [ 126.915147, 37.554842 ], [ 126.915642, 37.554925 ], [ 126.915756, 37.554944 ], [ 126.916006, 37.554985 ], [ 126.916173, 37.555014 ], [ 126.916406, 37.555054 ], [ 126.916494, 37.555069 ], [ 126.916557, 37.55508 ], [ 126.916732, 37.555109 ], [ 126.917183, 37.555186 ], [ 126.917377, 37.555219 ], [ 126.917618, 37.55526 ], [ 126.917827, 37.555296 ], [ 126.91785, 37.5553 ], [ 126.917946, 37.555318 ], [ 126.918003, 37.555328 ], [ 126.91806, 37.555338 ], [ 126.918506, 37.555413 ], [ 126.918629, 37.555434 ], [ 126.918725, 37.555459 ], [ 126.918734, 37.555461 ], [ 126.918805, 37.55548 ], [ 126.919076, 37.555569 ], [ 126.919087, 37.555572 ], [ 126.919093, 37.555574 ], [ 126.919123, 37.555583 ], [ 126.919353, 37.555655 ], [ 126.919411, 37.555673 ], [ 126.919541, 37.555713 ], [ 126.919909, 37.555828 ], [ 126.91992, 37.555831 ], [ 126.920139, 37.5559 ], [ 126.920387, 37.55597 ], [ 126.92055, 37.556018 ], [ 126.920409, 37.55613 ], [ 126.920031, 37.556455 ], [ 126.920003, 37.556478 ], [ 126.919868, 37.556593 ], [ 126.919601, 37.556825 ], [ 126.919392, 37.557013 ], [ 126.919286, 37.557108 ], [ 126.918882, 37.557453 ], [ 126.918791, 37.557535 ], [ 126.918912, 37.557619 ], [ 126.918953, 37.557645 ], [ 126.91934, 37.557909 ], [ 126.919776, 37.558206 ], [ 126.919898, 37.55829 ], [ 126.920568, 37.558747 ], [ 126.921229, 37.559198 ], [ 126.921563, 37.559425 ], [ 126.921597, 37.559449 ], [ 126.921744, 37.559548 ], [ 126.922505, 37.560067 ], [ 126.922699, 37.560198 ], [ 126.922866, 37.560312 ], [ 126.923191, 37.560533 ], [ 126.923269, 37.560586 ], [ 126.923273, 37.560589 ], [ 126.923406, 37.560426 ], [ 126.92369, 37.560077 ], [ 126.923768, 37.559982 ], [ 126.923787, 37.560015 ], [ 126.923807, 37.56005 ], [ 126.923831, 37.560067 ], [ 126.923838, 37.560073 ], [ 126.92385, 37.560083 ], [ 126.923866, 37.560149 ], [ 126.923873, 37.560148 ], [ 126.923905, 37.560144 ], [ 126.923943, 37.56027 ], [ 126.923949, 37.560289 ], [ 126.923955, 37.560356 ], [ 126.923956, 37.560378 ], [ 126.923967, 37.560551 ], [ 126.923968, 37.560553 ], [ 126.923994, 37.560605 ], [ 126.924033, 37.560706 ], [ 126.924039, 37.560721 ], [ 126.924048, 37.560748 ], [ 126.924072, 37.560785 ], [ 126.924128, 37.560864 ], [ 126.924144, 37.560887 ], [ 126.924234, 37.560862 ], [ 126.924249, 37.560858 ], [ 126.924254, 37.560857 ], [ 126.924405, 37.560815 ], [ 126.924506, 37.560787 ], [ 126.924572, 37.560773 ], [ 126.924604, 37.560766 ], [ 126.924605, 37.560766 ], [ 126.924622, 37.560763 ], [ 126.924644, 37.560713 ], [ 126.924652, 37.560694 ], [ 126.924666, 37.560662 ], [ 126.924742, 37.560627 ], [ 126.92475, 37.560631 ], [ 126.924753, 37.560632 ], [ 126.924759, 37.560627 ], [ 126.92478, 37.560606 ], [ 126.924802, 37.560597 ], [ 126.924871, 37.560576 ], [ 126.924881, 37.560576 ], [ 126.924885, 37.560576 ], [ 126.924887, 37.560573 ], [ 126.924908, 37.560547 ], [ 126.924947, 37.560517 ], [ 126.924962, 37.560507 ], [ 126.924973, 37.560512 ], [ 126.925055, 37.560445 ], [ 126.925134, 37.560425 ], [ 126.925137, 37.56043 ], [ 126.925137, 37.56043 ], [ 126.925218, 37.560406 ], [ 126.92525, 37.560402 ], [ 126.925255, 37.560402 ], [ 126.925287, 37.560401 ], [ 126.925389, 37.560393 ], [ 126.92539, 37.560393 ], [ 126.925476, 37.56039 ], [ 126.925526, 37.560379 ], [ 126.925529, 37.560379 ], [ 126.925529, 37.560379 ], [ 126.925581, 37.560412 ], [ 126.925589, 37.560417 ], [ 126.925605, 37.560447 ], [ 126.925607, 37.56045 ], [ 126.925616, 37.560465 ], [ 126.925641, 37.560509 ], [ 126.925657, 37.560538 ], [ 126.925667, 37.560557 ], [ 126.925683, 37.560587 ], [ 126.925729, 37.56067 ], [ 126.925742, 37.560694 ], [ 126.925745, 37.5607 ], [ 126.925755, 37.560719 ], [ 126.925802, 37.560808 ], [ 126.925819, 37.56084 ], [ 126.925845, 37.56089 ], [ 126.925852, 37.560903 ], [ 126.925852, 37.560903 ], [ 126.92586, 37.560911 ], [ 126.925925, 37.560973 ], [ 126.92602, 37.561061 ], [ 126.926042, 37.561078 ], [ 126.926059, 37.561091 ], [ 126.926068, 37.561097 ], [ 126.926167, 37.56117 ], [ 126.926246, 37.561228 ], [ 126.926257, 37.561236 ], [ 126.926281, 37.561254 ], [ 126.926348, 37.561306 ], [ 126.926358, 37.561314 ], [ 126.926444, 37.561382 ], [ 126.926496, 37.561422 ], [ 126.926532, 37.561443 ], [ 126.92656, 37.561459 ], [ 126.92667, 37.56152 ], [ 126.926747, 37.561564 ], [ 126.926775, 37.561579 ], [ 126.926795, 37.56159 ], [ 126.926803, 37.561594 ], [ 126.926918, 37.561655 ], [ 126.926941, 37.561668 ], [ 126.926979, 37.561705 ], [ 126.92709, 37.561765 ], [ 126.92716, 37.561781 ], [ 126.927166, 37.561784 ], [ 126.927191, 37.561793 ], [ 126.927189, 37.561791 ], [ 126.927188, 37.56179 ], [ 126.927181, 37.561788 ], [ 126.927169, 37.561769 ], [ 126.92712, 37.561698 ], [ 126.927061, 37.561611 ], [ 126.926986, 37.561504 ], [ 126.926946, 37.561445 ], [ 126.926941, 37.561439 ], [ 126.926939, 37.561435 ], [ 126.926929, 37.561417 ], [ 126.926894, 37.561358 ], [ 126.926848, 37.561281 ], [ 126.926844, 37.561269 ], [ 126.926813, 37.5612 ], [ 126.926774, 37.561108 ], [ 126.926761, 37.561072 ], [ 126.926721, 37.560967 ], [ 126.926715, 37.560936 ], [ 126.92671, 37.560906 ], [ 126.926709, 37.560898 ], [ 126.926697, 37.560833 ], [ 126.926693, 37.560811 ], [ 126.92668, 37.560741 ], [ 126.926668, 37.560676 ], [ 126.926659, 37.560628 ], [ 126.926672, 37.560656 ], [ 126.926672, 37.560653 ], [ 126.926674, 37.560609 ], [ 126.926676, 37.560569 ], [ 126.926676, 37.560568 ], [ 126.926679, 37.560504 ], [ 126.926662, 37.56041 ], [ 126.926612, 37.559636 ], [ 126.926601, 37.559452 ], [ 126.926595, 37.558918 ], [ 126.926594, 37.558849 ], [ 126.926194, 37.558656 ], [ 126.925839, 37.558393 ], [ 126.92581, 37.558372 ], [ 126.925784, 37.558352 ], [ 126.925687, 37.558281 ], [ 126.925681, 37.558276 ], [ 126.92568, 37.558276 ], [ 126.925662, 37.558262 ], [ 126.925497, 37.558139 ], [ 126.924971, 37.557746 ], [ 126.924955, 37.557734 ], [ 126.924899, 37.557692 ], [ 126.924884, 37.557681 ], [ 126.924099, 37.557105 ], [ 126.924093, 37.557101 ], [ 126.923545, 37.5567 ], [ 126.922763, 37.556109 ], [ 126.922716, 37.556074 ], [ 126.921734, 37.555342 ], [ 126.921523, 37.555191 ], [ 126.921364, 37.555078 ], [ 126.920727, 37.5546 ], [ 126.919911, 37.55399 ], [ 126.919881, 37.553968 ], [ 126.919152, 37.55344 ], [ 126.91873, 37.553122 ], [ 126.918504, 37.552952 ], [ 126.918323, 37.552815 ], [ 126.918188, 37.55272 ], [ 126.918113, 37.552667 ], [ 126.917889, 37.552495 ], [ 126.917112, 37.55191 ], [ 126.91703, 37.551848 ], [ 126.916861, 37.551721 ], [ 126.91676, 37.551644 ], [ 126.916675, 37.55158 ], [ 126.916634, 37.551549 ], [ 126.916493, 37.551448 ], [ 126.916053, 37.551132 ], [ 126.915884, 37.551 ], [ 126.915824, 37.550954 ], [ 126.915604, 37.550787 ], [ 126.915556, 37.55075 ], [ 126.915554, 37.550749 ], [ 126.915078, 37.55041 ], [ 126.914536, 37.550018 ], [ 126.914297, 37.549853 ], [ 126.914008, 37.549653 ], [ 126.914008, 37.549653 ], [ 126.914174, 37.549473 ], [ 126.914174, 37.549473 ], [ 126.914309, 37.549573 ], [ 126.914468, 37.549691 ], [ 126.914504, 37.549718 ], [ 126.914602, 37.549791 ], [ 126.914683, 37.549852 ], [ 126.914726, 37.549884 ], [ 126.914769, 37.549915 ], [ 126.914811, 37.549946 ], [ 126.914843, 37.54997 ], [ 126.914914, 37.550023 ], [ 126.91497, 37.550065 ], [ 126.915029, 37.55011 ] ] ] } },
{ "type": "Feature", "properties": { "name": "경복궁", "area_code": "POI008", "category": "고궁·문화유산" }, "geometry": { "type": "Polygon", "coordinates": [ [ [ 126.974233, 37.575925 ], [ 126.973806, 37.57954 ], [ 126.973733, 37.580874 ], [ 126.9736, 37.583553 ], [ 126.973603, 37.583584 ], [ 126.973872, 37.583485 ], [ 126.974308, 37.583546 ], [ 126.975302, 37.583703 ], [ 126.976688, 37.583738 ], [ 126.97862, 37.583512 ], [ 126.979286, 37.583391 ], [ 126.979439, 37.583321 ], [ 126.979668, 37.583165 ], [ 126.979854, 37.582939 ], [ 126.980029, 37.58267 ], [ 126.980105, 37.58247 ], [ 126.980127, 37.582192 ], [ 126.980116, 37.581879 ], [ 126.980116, 37.581271 ], [ 126.980106, 37.581019 ], [ 126.979615, 37.579421 ], [ 126.979538, 37.579195 ], [ 126.979506, 37.578951 ], [ 126.97944, 37.578326 ], [ 126.979386, 37.576423 ], [ 126.978939, 37.575902 ], [ 126.976854, 37.575702 ], [ 126.974233, 37.575925 ] ] ] } },
{ "type": "Feature", "properties": { "name": "보신각", "area_code": "POI010", "category": "고궁·문화유산" }, "geometry": { "type": "Polygon", "coordinates": [ [ [ 126.98053, 37.571688 ], [ 126.980897, 37.571825 ], [ 126.981098, 37.571989 ], [ 126.981235, 37.572292 ], [ 126.983011, 37.57204 ], [ 126.98498, 37.572489 ], [ 126.985394, 37.572679 ], [ 126.985557, 37.572399 ], [ 126.985727, 37.572424 ], [ 126.985883, 37.572065 ], [ 126.985783, 37.572045 ], [ 126.985865, 37.571736 ], [ 126.985633, 37.571611 ], [ 126.985696, 37.570163 ], [ 126.985683, 37.568475 ], [ 126.984405, 37.56873 ], [ 126.984405, 37.568732 ], [ 126.983099, 37.568984 ], [ 126.982603, 37.569033 ], [ 126.982648, 37.569022 ], [ 126.981004, 37.569164 ], [ 126.980703, 37.570272 ], [ 126.981029, 37.570292 ], [ 126.981004, 37.570612 ], [ 126.98053, 37.571688 ] ] ] } },
{ "type": "Feature", "properties": { "name": "서울 암사동 유적", "area_code": "POI011", "category": "고궁·문화유산" }, "geometry": { "type": "Polygon", "coordinates": [ [ [ 127.130245, 37.558718 ], [ 127.13002, 37.5588 ], [ 127.129894, 37.558846 ], [ 127.129722, 37.558909 ], [ 127.129541, 37.558975 ], [ 127.129229, 37.559088 ], [ 127.129049, 37.559154 ], [ 127.128728, 37.55927 ], [ 127.128621, 37.55931 ], [ 127.12852, 37.559341 ], [ 127.12845, 37.559366 ], [ 127.128294, 37.559423 ], [ 127.128197, 37.559458 ], [ 127.128142, 37.559478 ], [ 127.127988, 37.559533 ], [ 127.12802, 37.559574 ], [ 127.128143, 37.559729 ], [ 127.128238, 37.559839 ], [ 127.128256, 37.55986 ], [ 127.128289, 37.559898 ], [ 127.128327, 37.559941 ], [ 127.128427, 37.560054 ], [ 127.128477, 37.56011 ], [ 127.128546, 37.560188 ], [ 127.12859, 37.560237 ], [ 127.128705, 37.560364 ], [ 127.128933, 37.560608 ], [ 127.129119, 37.560799 ], [ 127.129303, 37.560987 ], [ 127.12938, 37.561066 ], [ 127.129518, 37.561209 ], [ 127.129661, 37.561336 ], [ 127.129899, 37.561568 ], [ 127.130155, 37.561795 ], [ 127.130561, 37.562158 ], [ 127.130694, 37.56227 ], [ 127.131082, 37.562604 ], [ 127.131301, 37.56279 ], [ 127.131431, 37.562901 ], [ 127.131475, 37.562916 ], [ 127.131479, 37.562943 ], [ 127.131511, 37.562971 ], [ 127.131503, 37.563019 ], [ 127.131518, 37.563 ], [ 127.131522, 37.562982 ], [ 127.131531, 37.562989 ], [ 127.131804, 37.563183 ], [ 127.131803, 37.563182 ], [ 127.131807, 37.563185 ], [ 127.132039, 37.563348 ], [ 127.132317, 37.563536 ], [ 127.132603, 37.56373 ], [ 127.132762, 37.563836 ], [ 127.132787, 37.563824 ], [ 127.132865, 37.563785 ], [ 127.132878, 37.563779 ], [ 127.132832, 37.563437 ], [ 127.132812, 37.563322 ], [ 127.132775, 37.56304 ], [ 127.132754, 37.562878 ], [ 127.132702, 37.562567 ], [ 127.132648, 37.562355 ], [ 127.132604, 37.562202 ], [ 127.13258, 37.562136 ], [ 127.132531, 37.562003 ], [ 127.13247, 37.561856 ], [ 127.132393, 37.561694 ], [ 127.132339, 37.561588 ], [ 127.132243, 37.56142 ], [ 127.132243, 37.561419 ], [ 127.132243, 37.561419 ], [ 127.132181, 37.561327 ], [ 127.13218, 37.56133 ], [ 127.13218, 37.56133 ], [ 127.132094, 37.561211 ], [ 127.132093, 37.56121 ], [ 127.131972, 37.561053 ], [ 127.13189, 37.560947 ], [ 127.131752, 37.560767 ], [ 127.131686, 37.560684 ], [ 127.13161, 37.560586 ], [ 127.131477, 37.560416 ], [ 127.131363, 37.56027 ], [ 127.131307, 37.560192 ], [ 127.131211, 37.560055 ], [ 127.131137, 37.559945 ], [ 127.131098, 37.559889 ], [ 127.132337, 37.55878 ], [ 127.131515, 37.558103 ], [ 127.131112, 37.55836 ], [ 127.13074, 37.558052 ], [ 127.13057, 37.557991 ], [ 127.130499, 37.558636 ], [ 127.130249, 37.558717 ], [ 127.130245, 37.558718 ] ] ] } },
{ "type": "Feature", "properties": { "name": "창덕궁·종묘", "area_code": "POI012", "category": "고궁·문화유산" }, "geometry": { "type": "Polygon", "coordinates": [ [ [ 126.989293, 37.577407 ], [ 126.989263, 37.577648 ], [ 126.989265, 37.577648 ], [ 126.989266, 37.578111 ], [ 126.9893, 37.578195 ], [ 126.989292, 37.578338 ], [ 126.989282, 37.578503 ], [ 126.989249, 37.578654 ], [ 126.989228, 37.578759 ], [ 126.989225, 37.578772 ], [ 126.989236, 37.578988 ], [ 126.989263, 37.579018 ], [ 126.989289, 37.579297 ], [ 126.989288, 37.579298 ], [ 126.98928, 37.579501 ], [ 126.98928, 37.579598 ], [ 126.989279, 37.579715 ], [ 126.989274, 37.579882 ], [ 126.989253, 37.579978 ], [ 126.989242, 37.580028 ], [ 126.989221, 37.580134 ], [ 126.989196, 37.580369 ], [ 126.989194, 37.580417 ], [ 126.989188, 37.580641 ], [ 126.989183, 37.580792 ], [ 126.989186, 37.580846 ], [ 126.989189, 37.580862 ], [ 126.989202, 37.580888 ], [ 126.989246, 37.580918 ], [ 126.989277, 37.580913 ], [ 126.989278, 37.580914 ], [ 126.989285, 37.580916 ], [ 126.989301, 37.580921 ], [ 126.989314, 37.580921 ], [ 126.989359, 37.58092 ], [ 126.989418, 37.580921 ], [ 126.989426, 37.580922 ], [ 126.989467, 37.58092 ], [ 126.989476, 37.58092 ], [ 126.989508, 37.580919 ], [ 126.989509, 37.581058 ], [ 126.989488, 37.581069 ], [ 126.989487, 37.581098 ], [ 126.989486, 37.581168 ], [ 126.989485, 37.581216 ], [ 126.989504, 37.581219 ], [ 126.989502, 37.581334 ], [ 126.989502, 37.581347 ], [ 126.989498, 37.581353 ], [ 126.98946, 37.581407 ], [ 126.989439, 37.581405 ], [ 126.989436, 37.581591 ], [ 126.989472, 37.581595 ], [ 126.989473, 37.581607 ], [ 126.989478, 37.581654 ], [ 126.98949, 37.581772 ], [ 126.989501, 37.581793 ], [ 126.989573, 37.581926 ], [ 126.989609, 37.581987 ], [ 126.989652, 37.582056 ], [ 126.989678, 37.582109 ], [ 126.989705, 37.582171 ], [ 126.989715, 37.582216 ], [ 126.989722, 37.582219 ], [ 126.989739, 37.582296 ], [ 126.989735, 37.582297 ], [ 126.989737, 37.582306 ], [ 126.98974, 37.582318 ], [ 126.989703, 37.582423 ], [ 126.989682, 37.582495 ], [ 126.989661, 37.582548 ], [ 126.989598, 37.582637 ], [ 126.989557, 37.582689 ], [ 126.989484, 37.582743 ], [ 126.989466, 37.582767 ], [ 126.989441, 37.5828 ], [ 126.989395, 37.582865 ], [ 126.989375, 37.582912 ], [ 126.989375, 37.582919 ], [ 126.989376, 37.582982 ], [ 126.989388, 37.583098 ], [ 126.989382, 37.583161 ], [ 126.989379, 37.583258 ], [ 126.989366, 37.583318 ], [ 126.989365, 37.583408 ], [ 126.989369, 37.58351 ], [ 126.989326, 37.583682 ], [ 126.989264, 37.583767 ], [ 126.989249, 37.583787 ], [ 126.989202, 37.58386 ], [ 126.989135, 37.583939 ], [ 126.989077, 37.58404 ], [ 126.989069, 37.584052 ], [ 126.98904, 37.584097 ], [ 126.989002, 37.584197 ], [ 126.988982, 37.58425 ], [ 126.988958, 37.584312 ], [ 126.98892, 37.584411 ], [ 126.98892, 37.584414 ], [ 126.98892, 37.584417 ], [ 126.98892, 37.58442 ], [ 126.988932, 37.58448 ], [ 126.988877, 37.584664 ], [ 126.988872, 37.584679 ], [ 126.988866, 37.584703 ], [ 126.988845, 37.584757 ], [ 126.988832, 37.584792 ], [ 126.988805, 37.584863 ], [ 126.988794, 37.58489 ], [ 126.988778, 37.585 ], [ 126.988774, 37.585029 ], [ 126.988799, 37.585134 ], [ 126.988828, 37.585307 ], [ 126.98886, 37.585494 ], [ 126.9889, 37.585604 ], [ 126.988871, 37.585607 ], [ 126.988719, 37.585625 ], [ 126.988399, 37.585661 ], [ 126.988148, 37.585611 ], [ 126.988148, 37.585611 ], [ 126.988112, 37.585542 ], [ 126.988111, 37.58554 ], [ 126.988068, 37.585545 ], [ 126.987963, 37.585556 ], [ 126.987954, 37.585557 ], [ 126.987948, 37.585709 ], [ 126.987947, 37.585723 ], [ 126.987939, 37.585744 ], [ 126.98792, 37.585792 ], [ 126.987917, 37.5858 ], [ 126.987851, 37.585968 ], [ 126.987837, 37.586019 ], [ 126.987786, 37.586198 ], [ 126.98779, 37.586219 ], [ 126.987797, 37.586262 ], [ 126.987806, 37.586294 ], [ 126.98784, 37.586416 ], [ 126.987854, 37.586505 ], [ 126.987875, 37.586666 ], [ 126.98786, 37.586697 ], [ 126.987816, 37.586785 ], [ 126.987743, 37.587018 ], [ 126.987738, 37.587034 ], [ 126.987704, 37.587118 ], [ 126.987713, 37.587143 ], [ 126.987674, 37.587259 ], [ 126.987727, 37.587268 ], [ 126.987877, 37.587292 ], [ 126.987933, 37.587313 ], [ 126.987973, 37.587315 ], [ 126.988124, 37.587326 ], [ 126.988191, 37.587325 ], [ 126.988408, 37.587438 ], [ 126.988731, 37.587607 ], [ 126.988771, 37.587607 ], [ 126.989329, 37.587631 ], [ 126.989374, 37.587636 ], [ 126.989466, 37.587552 ], [ 126.989531, 37.587492 ], [ 126.989588, 37.587466 ], [ 126.989719, 37.587408 ], [ 126.989964, 37.587299 ], [ 126.990101, 37.587238 ], [ 126.990328, 37.587145 ], [ 126.990332, 37.587131 ], [ 126.990356, 37.587133 ], [ 126.990428, 37.587104 ], [ 126.99049, 37.587105 ], [ 126.990628, 37.587116 ], [ 126.990991, 37.587143 ], [ 126.991013, 37.587145 ], [ 126.991552, 37.587186 ], [ 126.992124, 37.58723 ], [ 126.992107, 37.587236 ], [ 126.992296, 37.587251 ], [ 126.992969, 37.587302 ], [ 126.992981, 37.587303 ], [ 126.993062, 37.587153 ], [ 126.993081, 37.587117 ], [ 126.993044, 37.587084 ], [ 126.992981, 37.587047 ], [ 126.99301, 37.587039 ], [ 126.992991, 37.587023 ], [ 126.993179, 37.586947 ], [ 126.99323, 37.58695 ], [ 126.99328, 37.586952 ], [ 126.993314, 37.586934 ], [ 126.993352, 37.586886 ], [ 126.993384, 37.586846 ], [ 126.993486, 37.586681 ], [ 126.993555, 37.586612 ], [ 126.993584, 37.586582 ], [ 126.993609, 37.586556 ], [ 126.99361, 37.586555 ], [ 126.99366, 37.586505 ], [ 126.993671, 37.586496 ], [ 126.993674, 37.586419 ], [ 126.993691, 37.586386 ], [ 126.993752, 37.586288 ], [ 126.993781, 37.586241 ], [ 126.993796, 37.586218 ], [ 126.993864, 37.586033 ], [ 126.993887, 37.585972 ], [ 126.993848, 37.585963 ], [ 126.993928, 37.585807 ], [ 126.994014, 37.585691 ], [ 126.99404, 37.585655 ], [ 126.994062, 37.585624 ], [ 126.994141, 37.585509 ], [ 126.994152, 37.585493 ], [ 126.994246, 37.585398 ], [ 126.99434, 37.585317 ], [ 126.994444, 37.585225 ], [ 126.994495, 37.585176 ], [ 126.994561, 37.58509 ], [ 126.994579, 37.585095 ], [ 126.994687, 37.584891 ], [ 126.994769, 37.58478 ], [ 126.99483, 37.584706 ], [ 126.994832, 37.584703 ], [ 126.994867, 37.584734 ], [ 126.994872, 37.584731 ], [ 126.994836, 37.584703 ], [ 126.994829, 37.584699 ], [ 126.994832, 37.584694 ], [ 126.994874, 37.58464 ], [ 126.994924, 37.584577 ], [ 126.994985, 37.5845 ], [ 126.995044, 37.584425 ], [ 126.9951, 37.584355 ], [ 126.995127, 37.584323 ], [ 126.995179, 37.584256 ], [ 126.995244, 37.584188 ], [ 126.995269, 37.584163 ], [ 126.995416, 37.584026 ], [ 126.995473, 37.583973 ], [ 126.995567, 37.583885 ], [ 126.995684, 37.583772 ], [ 126.995704, 37.583737 ], [ 126.995723, 37.583714 ], [ 126.995834, 37.583584 ], [ 126.995913, 37.58362 ], [ 126.99597, 37.583556 ], [ 126.995997, 37.583571 ], [ 126.996002, 37.583561 ], [ 126.996001, 37.58356 ], [ 126.996007, 37.583552 ], [ 126.996035, 37.583501 ], [ 126.996048, 37.583445 ], [ 126.99607, 37.583372 ], [ 126.996041, 37.583366 ], [ 126.996073, 37.583294 ], [ 126.996138, 37.583146 ], [ 126.996163, 37.583149 ], [ 126.996211, 37.583004 ], [ 126.996241, 37.582901 ], [ 126.99626, 37.582841 ], [ 126.996279, 37.582846 ], [ 126.996282, 37.582838 ], [ 126.996492, 37.582446 ], [ 126.996506, 37.582344 ], [ 126.996525, 37.582206 ], [ 126.99656, 37.581962 ], [ 126.996519, 37.581667 ], [ 126.996518, 37.581662 ], [ 126.996541, 37.581571 ], [ 126.996544, 37.581558 ], [ 126.996668, 37.581428 ], [ 126.996659, 37.581419 ], [ 126.99662, 37.581383 ], [ 126.996537, 37.581308 ], [ 126.996505, 37.581279 ], [ 126.996497, 37.581273 ], [ 126.996488, 37.581264 ], [ 126.996466, 37.581242 ], [ 126.996372, 37.581129 ], [ 126.996355, 37.5811 ], [ 126.996415, 37.5811 ], [ 126.996354, 37.580999 ], [ 126.996333, 37.5809 ], [ 126.996313, 37.58066 ], [ 126.996322, 37.580555 ], [ 126.996362, 37.580373 ], [ 126.996366, 37.580355 ], [ 126.996438, 37.579943 ], [ 126.996542, 37.579298 ], [ 126.996595, 37.579004 ], [ 126.996632, 37.578769 ], [ 126.996727, 37.578385 ], [ 126.996746, 37.578306 ], [ 126.996756, 37.578273 ], [ 126.996872, 37.577887 ], [ 126.996994, 37.577496 ], [ 126.997127, 37.577072 ], [ 126.997165, 37.576917 ], [ 126.99722, 37.576919 ], [ 126.997333, 37.576923 ], [ 126.99737, 37.576925 ], [ 126.997443, 37.576928 ], [ 126.997476, 37.576933 ], [ 126.997548, 37.576952 ], [ 126.997571, 37.576957 ], [ 126.997663, 37.57698 ], [ 126.997639, 37.577033 ], [ 126.997727, 37.577054 ], [ 126.997754, 37.576994 ], [ 126.997793, 37.576908 ], [ 126.997836, 37.576811 ], [ 126.997854, 37.576769 ], [ 126.997855, 37.576766 ], [ 126.997869, 37.576733 ], [ 126.997873, 37.576724 ], [ 126.997895, 37.576673 ], [ 126.997958, 37.576685 ], [ 126.998002, 37.576694 ], [ 126.998018, 37.576662 ], [ 126.998037, 37.576644 ], [ 126.99803, 37.576638 ], [ 126.998034, 37.576631 ], [ 126.998058, 37.576587 ], [ 126.998084, 37.576564 ], [ 126.998189, 37.576618 ], [ 126.998219, 37.576633 ], [ 126.998269, 37.576642 ], [ 126.99834, 37.576655 ], [ 126.998342, 37.576647 ], [ 126.998362, 37.576651 ], [ 126.998426, 37.576666 ], [ 126.99847, 37.576675 ], [ 126.998457, 37.576716 ], [ 126.998424, 37.576831 ], [ 126.998822, 37.576911 ], [ 126.998839, 37.576848 ], [ 126.998844, 37.57683 ], [ 126.998786, 37.576818 ], [ 126.9988, 37.576727 ], [ 126.998804, 37.576709 ], [ 126.998807, 37.57669 ], [ 126.998847, 37.576639 ], [ 126.998864, 37.576617 ], [ 126.998869, 37.576611 ], [ 126.998875, 37.576603 ], [ 126.998884, 37.576592 ], [ 126.99892, 37.576544 ], [ 126.99897, 37.576479 ], [ 126.99898, 37.57647 ], [ 126.998939, 37.576451 ], [ 126.998973, 37.576399 ], [ 126.998978, 37.576393 ], [ 126.998978, 37.576393 ], [ 126.99904, 37.576412 ], [ 126.999044, 37.576359 ], [ 126.999046, 37.576339 ], [ 126.999046, 37.576337 ], [ 126.999046, 37.576328 ], [ 126.999047, 37.576326 ], [ 126.999094, 37.576241 ], [ 126.999101, 37.576229 ], [ 126.999101, 37.576227 ], [ 126.999145, 37.576144 ], [ 126.999174, 37.57614 ], [ 126.999271, 37.576132 ], [ 126.999288, 37.57613 ], [ 126.999296, 37.57613 ], [ 126.999303, 37.576129 ], [ 126.999341, 37.576124 ], [ 126.999363, 37.576133 ], [ 126.999386, 37.576128 ], [ 126.999394, 37.576144 ], [ 126.999402, 37.576159 ], [ 126.999416, 37.576164 ], [ 126.99943, 37.576161 ], [ 126.999448, 37.576159 ], [ 126.999458, 37.576155 ], [ 126.999482, 37.576147 ], [ 126.999491, 37.576144 ], [ 126.999532, 37.57613 ], [ 126.999545, 37.576126 ], [ 126.999558, 37.576088 ], [ 126.999583, 37.576042 ], [ 126.999592, 37.576027 ], [ 126.999599, 37.576015 ], [ 126.999588, 37.576011 ], [ 126.999546, 37.575996 ], [ 126.999497, 37.575973 ], [ 126.999458, 37.575942 ], [ 126.999429, 37.575893 ], [ 126.999396, 37.57589 ], [ 126.999337, 37.575887 ], [ 126.998669, 37.57587 ], [ 126.99856, 37.575869 ], [ 126.998392, 37.575866 ], [ 126.997784, 37.575858 ], [ 126.997351, 37.575863 ], [ 126.996493, 37.576128 ], [ 126.996457, 37.576009 ], [ 126.996201, 37.575945 ], [ 126.995767, 37.575853 ], [ 126.995809, 37.575522 ], [ 126.99583, 37.575401 ], [ 126.995859, 37.575306 ], [ 126.995894, 37.575205 ], [ 126.995929, 37.575141 ], [ 126.996048, 37.574967 ], [ 126.99614, 37.574833 ], [ 126.996196, 37.574751 ], [ 126.996217, 37.574685 ], [ 126.996242, 37.574497 ], [ 126.996255, 37.574445 ], [ 126.996307, 37.574282 ], [ 126.996371, 37.574091 ], [ 126.996466, 37.573669 ], [ 126.996596, 37.573688 ], [ 126.99662, 37.573605 ], [ 126.996646, 37.573588 ], [ 126.996679, 37.573583 ], [ 126.996821, 37.573579 ], [ 126.996981, 37.573581 ], [ 126.997204, 37.573569 ], [ 126.997206, 37.573535 ], [ 126.997585, 37.573532 ], [ 126.997595, 37.573352 ], [ 126.99837, 37.573365 ], [ 126.998376, 37.573354 ], [ 126.998474, 37.573251 ], [ 126.998628, 37.57309 ], [ 126.998726, 37.572986 ], [ 126.9988, 37.572916 ], [ 126.998925, 37.572771 ], [ 126.998936, 37.572758 ], [ 126.999016, 37.572667 ], [ 126.999196, 37.572456 ], [ 126.999205, 37.572445 ], [ 126.999284, 37.572351 ], [ 126.999332, 37.572295 ], [ 126.999466, 37.572182 ], [ 126.999525, 37.572128 ], [ 126.999568, 37.57209 ], [ 126.999589, 37.572063 ], [ 126.999597, 37.572052 ], [ 126.999618, 37.572025 ], [ 126.999624, 37.572015 ], [ 126.999644, 37.571976 ], [ 126.999667, 37.571933 ], [ 126.999686, 37.571894 ], [ 126.999711, 37.571853 ], [ 126.999744, 37.5718 ], [ 126.999746, 37.571796 ], [ 126.999758, 37.571778 ], [ 126.999777, 37.571754 ], [ 126.999814, 37.571709 ], [ 126.999837, 37.571681 ], [ 126.999864, 37.571629 ], [ 126.999882, 37.571592 ], [ 126.999892, 37.571573 ], [ 126.999931, 37.571517 ], [ 126.999965, 37.571467 ], [ 126.999995, 37.571423 ], [ 127.000028, 37.571374 ], [ 127.000044, 37.571351 ], [ 127.000048, 37.571348 ], [ 127.000087, 37.571314 ], [ 127.000129, 37.571278 ], [ 127.000169, 37.571243 ], [ 127.000179, 37.571235 ], [ 127.000192, 37.571203 ], [ 127.000207, 37.571167 ], [ 127.000225, 37.571123 ], [ 127.000243, 37.571074 ], [ 127.000257, 37.57103 ], [ 127.000272, 37.570992 ], [ 127.000296, 37.57093 ], [ 127.000308, 37.570897 ], [ 127.000317, 37.570885 ], [ 127.000257, 37.570885 ], [ 126.999998, 37.570866 ], [ 126.999532, 37.57083 ], [ 126.999216, 37.570808 ], [ 126.998951, 37.570786 ], [ 126.998843, 37.570777 ], [ 126.997754, 37.570715 ], [ 126.997464, 37.570699 ], [ 126.997074, 37.570677 ], [ 126.996843, 37.570664 ], [ 126.996444, 37.57064 ], [ 126.995715, 37.570596 ], [ 126.995563, 37.570589 ], [ 126.995347, 37.570575 ], [ 126.994783, 37.570556 ], [ 126.99443, 37.570532 ], [ 126.994162, 37.570519 ], [ 126.993786, 37.570515 ], [ 126.993636, 37.570498 ], [ 126.993262, 37.570486 ], [ 126.992729, 37.570469 ], [ 126.992647, 37.570465 ], [ 126.992132, 37.570451 ], [ 126.992088, 37.570828 ], [ 126.992057, 37.570953 ], [ 126.992008, 37.571144 ], [ 126.991955, 37.571314 ], [ 126.991939, 37.571367 ], [ 126.991893, 37.571512 ], [ 126.991741, 37.571989 ], [ 126.991735, 37.572008 ], [ 126.991532, 37.572591 ], [ 126.991452, 37.572843 ], [ 126.991445, 37.572865 ], [ 126.991273, 37.573417 ], [ 126.99123, 37.573562 ], [ 126.991164, 37.573786 ], [ 126.991148, 37.57384 ], [ 126.991055, 37.574153 ], [ 126.991023, 37.574258 ], [ 126.990971, 37.574435 ], [ 126.990883, 37.574728 ], [ 126.990853, 37.574828 ], [ 126.99061, 37.575655 ], [ 126.990551, 37.575856 ], [ 126.990446, 37.576205 ], [ 126.990438, 37.576233 ], [ 126.990305, 37.576669 ], [ 126.990171, 37.577064 ], [ 126.990041, 37.577449 ], [ 126.989293, 37.577407 ] ] ] } },
{ "type": "Feature", "properties": { "name": "가산디지털단지역", "area_code": "POI013", "category": "인구밀집지역" }, "geometry": { "type": "Polygon", "coordinates": [ [ [ 126.873379, 37.482434 ], [ 126.873204, 37.482296 ], [ 126.873189, 37.482284 ], [ 126.872971, 37.48227 ], [ 126.872744, 37.482425 ], [ 126.872769, 37.482665 ], [ 126.87278, 37.482795 ], [ 126.872781, 37.482803 ], [ 126.872779, 37.482964 ], [ 126.872773, 37.483128 ], [ 126.872769, 37.483234 ], [ 126.872765, 37.483383 ], [ 126.872787, 37.483489 ], [ 126.872801, 37.483524 ], [ 126.872858, 37.483657 ], [ 126.872873, 37.483673 ], [ 126.872947, 37.483753 ], [ 126.873011, 37.483805 ], [ 126.873148, 37.483915 ], [ 126.873234, 37.484001 ], [ 126.873295, 37.484092 ], [ 126.873305, 37.484123 ], [ 126.873297, 37.484181 ], [ 126.87319, 37.484239 ], [ 126.873144, 37.484257 ], [ 126.872976, 37.484313 ], [ 126.872784, 37.48437 ], [ 126.872747, 37.484373 ], [ 126.872443, 37.484396 ], [ 126.872208, 37.484433 ], [ 126.872014, 37.484662 ], [ 126.871895, 37.484847 ], [ 126.871797, 37.484997 ], [ 126.871763, 37.485269 ], [ 126.872031, 37.4856 ], [ 126.872232, 37.485762 ], [ 126.872378, 37.486013 ], [ 126.872445, 37.48611 ], [ 126.872614, 37.486191 ], [ 126.872674, 37.48622 ], [ 126.872687, 37.486224 ], [ 126.872735, 37.48624 ], [ 126.872895, 37.486252 ], [ 126.873042, 37.486198 ], [ 126.873137, 37.486152 ], [ 126.873214, 37.486075 ], [ 126.8733, 37.485988 ], [ 126.873436, 37.485844 ], [ 126.873558, 37.485713 ], [ 126.873625, 37.48564 ], [ 126.873667, 37.485567 ], [ 126.873751, 37.485426 ], [ 126.873813, 37.485322 ], [ 126.87394, 37.485249 ], [ 126.87409, 37.4852 ], [ 126.874126, 37.485189 ], [ 126.874219, 37.485188 ], [ 126.874421, 37.485274 ], [ 126.874556, 37.485367 ], [ 126.874559, 37.485367 ], [ 126.874562, 37.485366 ], [ 126.874573, 37.485367 ], [ 126.874749, 37.485392 ], [ 126.874762, 37.485394 ], [ 126.875182, 37.485471 ], [ 126.875226, 37.485481 ], [ 126.875262, 37.485491 ], [ 126.875465, 37.485547 ], [ 126.875543, 37.485568 ], [ 126.875747, 37.485621 ], [ 126.875884, 37.485655 ], [ 126.87603, 37.485692 ], [ 126.876076, 37.485704 ], [ 126.876096, 37.485709 ], [ 126.876145, 37.48572 ], [ 126.876318, 37.485764 ], [ 126.876343, 37.48577 ], [ 126.876382, 37.48578 ], [ 126.87642, 37.48579 ], [ 126.876505, 37.485811 ], [ 126.876545, 37.485822 ], [ 126.87661, 37.485835 ], [ 126.876795, 37.485889 ], [ 126.876899, 37.485922 ], [ 126.876884, 37.485945 ], [ 126.876917, 37.485952 ], [ 126.877029, 37.485974 ], [ 126.87706, 37.485981 ], [ 126.877099, 37.485989 ], [ 126.877308, 37.486031 ], [ 126.877309, 37.486027 ], [ 126.877312, 37.486012 ], [ 126.877313, 37.486008 ], [ 126.877357, 37.486018 ], [ 126.877422, 37.486041 ], [ 126.877583, 37.486059 ], [ 126.877584, 37.486059 ], [ 126.877655, 37.486067 ], [ 126.87766, 37.486094 ], [ 126.877661, 37.4861 ], [ 126.877665, 37.486102 ], [ 126.8777, 37.486113 ], [ 126.877807, 37.486145 ], [ 126.877831, 37.486159 ], [ 126.87793, 37.486219 ], [ 126.877943, 37.486227 ], [ 126.877952, 37.486237 ], [ 126.87788, 37.486227 ], [ 126.877892, 37.486237 ], [ 126.877993, 37.486323 ], [ 126.878135, 37.486386 ], [ 126.878145, 37.48639 ], [ 126.878221, 37.486463 ], [ 126.87831, 37.486548 ], [ 126.878335, 37.486573 ], [ 126.878349, 37.486586 ], [ 126.878458, 37.486672 ], [ 126.878489, 37.486658 ], [ 126.878618, 37.4866 ], [ 126.878676, 37.486575 ], [ 126.878856, 37.486495 ], [ 126.878973, 37.486443 ], [ 126.87908, 37.486394 ], [ 126.879247, 37.486319 ], [ 126.879392, 37.486254 ], [ 126.879439, 37.486233 ], [ 126.879516, 37.486206 ], [ 126.87966, 37.486156 ], [ 126.87982, 37.486099 ], [ 126.880299, 37.485929 ], [ 126.880597, 37.485827 ], [ 126.880848, 37.48574 ], [ 126.880886, 37.485726 ], [ 126.880891, 37.485724 ], [ 126.880973, 37.485696 ], [ 126.881101, 37.485651 ], [ 126.881208, 37.485613 ], [ 126.881354, 37.485563 ], [ 126.881408, 37.485531 ], [ 126.881479, 37.48549 ], [ 126.881907, 37.485235 ], [ 126.882171, 37.485079 ], [ 126.88218, 37.485074 ], [ 126.882361, 37.484965 ], [ 126.882364, 37.484963 ], [ 126.882372, 37.484959 ], [ 126.88239, 37.484948 ], [ 126.882396, 37.484945 ], [ 126.882426, 37.484927 ], [ 126.882582, 37.484833 ], [ 126.882601, 37.484821 ], [ 126.882614, 37.484813 ], [ 126.882617, 37.484812 ], [ 126.882641, 37.484797 ], [ 126.882648, 37.484793 ], [ 126.882724, 37.48475 ], [ 126.882745, 37.484734 ], [ 126.882783, 37.484707 ], [ 126.88279, 37.484702 ], [ 126.882795, 37.484698 ], [ 126.882916, 37.484612 ], [ 126.882923, 37.484607 ], [ 126.883095, 37.484486 ], [ 126.8831, 37.484483 ], [ 126.883101, 37.484482 ], [ 126.883169, 37.484433 ], [ 126.883277, 37.484356 ], [ 126.883349, 37.484305 ], [ 126.883369, 37.484291 ], [ 126.883424, 37.484251 ], [ 126.883455, 37.484229 ], [ 126.883507, 37.484193 ], [ 126.883612, 37.48412 ], [ 126.883759, 37.484016 ], [ 126.883802, 37.483985 ], [ 126.883824, 37.48397 ], [ 126.884162, 37.483732 ], [ 126.884267, 37.483656 ], [ 126.884294, 37.483638 ], [ 126.88435, 37.483598 ], [ 126.884366, 37.483587 ], [ 126.884418, 37.483552 ], [ 126.884434, 37.483542 ], [ 126.884463, 37.483522 ], [ 126.884516, 37.483486 ], [ 126.884588, 37.483437 ], [ 126.88462, 37.483416 ], [ 126.884705, 37.483359 ], [ 126.884889, 37.483237 ], [ 126.88497, 37.483182 ], [ 126.885067, 37.483117 ], [ 126.885071, 37.483114 ], [ 126.885143, 37.483066 ], [ 126.885211, 37.483021 ], [ 126.885272, 37.482981 ], [ 126.885278, 37.482977 ], [ 126.885437, 37.482874 ], [ 126.885476, 37.482848 ], [ 126.885488, 37.48284 ], [ 126.885563, 37.482791 ], [ 126.885631, 37.482746 ], [ 126.885639, 37.482741 ], [ 126.885675, 37.482718 ], [ 126.885681, 37.482714 ], [ 126.885715, 37.482692 ], [ 126.88573, 37.482683 ], [ 126.885736, 37.482677 ], [ 126.885809, 37.482621 ], [ 126.885881, 37.482565 ], [ 126.886043, 37.482438 ], [ 126.886056, 37.482428 ], [ 126.886103, 37.482391 ], [ 126.886149, 37.482354 ], [ 126.886155, 37.48235 ], [ 126.886165, 37.482337 ], [ 126.886241, 37.48225 ], [ 126.886363, 37.482107 ], [ 126.886407, 37.482055 ], [ 126.88651, 37.481934 ], [ 126.886513, 37.481931 ], [ 126.886649, 37.481764 ], [ 126.886748, 37.481642 ], [ 126.886888, 37.481471 ], [ 126.88691, 37.481444 ], [ 126.886928, 37.481422 ], [ 126.886997, 37.481338 ], [ 126.88704, 37.481285 ], [ 126.887065, 37.481254 ], [ 126.887076, 37.48124 ], [ 126.887165, 37.481132 ], [ 126.887183, 37.48111 ], [ 126.887238, 37.481042 ], [ 126.887254, 37.481022 ], [ 126.887341, 37.480916 ], [ 126.887355, 37.480899 ], [ 126.88736, 37.480892 ], [ 126.887374, 37.480875 ], [ 126.887401, 37.480842 ], [ 126.887447, 37.480786 ], [ 126.887452, 37.48078 ], [ 126.887507, 37.480713 ], [ 126.887545, 37.480666 ], [ 126.887594, 37.480607 ], [ 126.887647, 37.480542 ], [ 126.887664, 37.480521 ], [ 126.8877, 37.480476 ], [ 126.88773, 37.480441 ], [ 126.887843, 37.480369 ], [ 126.887995, 37.480272 ], [ 126.888211, 37.480134 ], [ 126.888249, 37.48011 ], [ 126.888362, 37.480042 ], [ 126.888466, 37.479981 ], [ 126.888561, 37.479924 ], [ 126.888649, 37.479871 ], [ 126.888755, 37.479807 ], [ 126.888771, 37.479798 ], [ 126.888785, 37.47979 ], [ 126.888839, 37.47977 ], [ 126.889113, 37.47967 ], [ 126.889133, 37.479663 ], [ 126.889194, 37.479641 ], [ 126.88948, 37.479536 ], [ 126.889565, 37.479505 ], [ 126.889666, 37.479469 ], [ 126.889775, 37.479429 ], [ 126.889851, 37.4794 ], [ 126.889852, 37.4794 ], [ 126.889882, 37.47939 ], [ 126.889885, 37.479389 ], [ 126.889858, 37.479367 ], [ 126.889858, 37.479367 ], [ 126.889858, 37.479367 ], [ 126.889767, 37.479293 ], [ 126.889471, 37.47905 ], [ 126.889382, 37.478977 ], [ 126.889382, 37.478977 ], [ 126.889135, 37.478774 ], [ 126.88897, 37.478638 ], [ 126.888927, 37.478604 ], [ 126.888626, 37.478362 ], [ 126.888248, 37.478052 ], [ 126.888109, 37.477955 ], [ 126.888019, 37.477919 ], [ 126.887925, 37.477882 ], [ 126.887351, 37.477706 ], [ 126.886622, 37.477495 ], [ 126.884897, 37.477 ], [ 126.883301, 37.476532 ], [ 126.883281, 37.476527 ], [ 126.881686, 37.476069 ], [ 126.880845, 37.475841 ], [ 126.879901, 37.475585 ], [ 126.879493, 37.475491 ], [ 126.879063, 37.475372 ], [ 126.878513, 37.475223 ], [ 126.878248, 37.475151 ], [ 126.878186, 37.475135 ], [ 126.878176, 37.475132 ], [ 126.878176, 37.475132 ], [ 126.877325, 37.474937 ], [ 126.877236, 37.47508 ], [ 126.877114, 37.475278 ], [ 126.876993, 37.475472 ], [ 126.876841, 37.47572 ], [ 126.876791, 37.4758 ], [ 126.876695, 37.475954 ], [ 126.876574, 37.476148 ], [ 126.87643, 37.476383 ], [ 126.87637, 37.476479 ], [ 126.876251, 37.476673 ], [ 126.876144, 37.476845 ], [ 126.875986, 37.477104 ], [ 126.875928, 37.477215 ], [ 126.875821, 37.47742 ], [ 126.875672, 37.477707 ], [ 126.875634, 37.47778 ], [ 126.875546, 37.477952 ], [ 126.875499, 37.47804 ], [ 126.875361, 37.478298 ], [ 126.87532, 37.478373 ], [ 126.875271, 37.478468 ], [ 126.875132, 37.478738 ], [ 126.875071, 37.478856 ], [ 126.874959, 37.479072 ], [ 126.874852, 37.479281 ], [ 126.874785, 37.479407 ], [ 126.87475, 37.479478 ], [ 126.874557, 37.479853 ], [ 126.874406, 37.480146 ], [ 126.874285, 37.48038 ], [ 126.874266, 37.480417 ], [ 126.874235, 37.480442 ], [ 126.874199, 37.48048 ], [ 126.874179, 37.480552 ], [ 126.874208, 37.480606 ], [ 126.874182, 37.480656 ], [ 126.874137, 37.480757 ], [ 126.874065, 37.480918 ], [ 126.873993, 37.481075 ], [ 126.873939, 37.481194 ], [ 126.87388, 37.481323 ], [ 126.87381, 37.481478 ], [ 126.873755, 37.481601 ], [ 126.873695, 37.481731 ], [ 126.873659, 37.481811 ], [ 126.873629, 37.481878 ], [ 126.873573, 37.482001 ], [ 126.873517, 37.482125 ], [ 126.873442, 37.482292 ], [ 126.873379, 37.482434 ] ] ] } },
{ "type": "Feature", "properties": { "name": "강남역", "area_code": "POI014", "category": "인구밀집지역" }, "geometry": { "type": "Polygon", "coordinates": [ [ [ 127.028296, 37.492532 ], [ 127.022828, 37.503963 ], [ 127.026532, 37.505017 ], [ 127.027092, 37.503747 ], [ 127.028349, 37.504104 ], [ 127.029942, 37.503246 ], [ 127.029269, 37.502549 ], [ 127.033389, 37.494092 ], [ 127.028296, 37.492532 ] ] ] } },
{ "type": "Feature", "properties": { "name": "건대입구역", "area_code": "POI015", "category": "인구밀집지역" }, "geometry": { "type": "Polygon", "coordinates": [ [ [ 127.070077, 37.543802 ], [ 127.070369, 37.543493 ], [ 127.07037, 37.543492 ], [ 127.070423, 37.543439 ], [ 127.070467, 37.543394 ], [ 127.070473, 37.543388 ], [ 127.070715, 37.54315 ], [ 127.070825, 37.543037 ], [ 127.070827, 37.543034 ], [ 127.071021, 37.542833 ], [ 127.071026, 37.542827 ], [ 127.071053, 37.5428 ], [ 127.071243, 37.54261 ], [ 127.071247, 37.542605 ], [ 127.071279, 37.542573 ], [ 127.071281, 37.542571 ], [ 127.071564, 37.542298 ], [ 127.071724, 37.542242 ], [ 127.071554, 37.54188 ], [ 127.071499, 37.541762 ], [ 127.071385, 37.541516 ], [ 127.071165, 37.541045 ], [ 127.070958, 37.540605 ], [ 127.070907, 37.540496 ], [ 127.070715, 37.540085 ], [ 127.070613, 37.53993 ], [ 127.070613, 37.539929 ], [ 127.070613, 37.539929 ], [ 127.071494, 37.539629 ], [ 127.071506, 37.539624 ], [ 127.07194, 37.539477 ], [ 127.071942, 37.539477 ], [ 127.072212, 37.539385 ], [ 127.072396, 37.539323 ], [ 127.072397, 37.539323 ], [ 127.072902, 37.539151 ], [ 127.072902, 37.539151 ], [ 127.072907, 37.53915 ], [ 127.072937, 37.539142 ], [ 127.073076, 37.539108 ], [ 127.073077, 37.539108 ], [ 127.07355, 37.53899 ], [ 127.07355, 37.53899 ], [ 127.073571, 37.538985 ], [ 127.074201, 37.538828 ], [ 127.074213, 37.53899 ], [ 127.074334, 37.538962 ], [ 127.074355, 37.538957 ], [ 127.074479, 37.538926 ], [ 127.074426, 37.53877 ], [ 127.074376, 37.538617 ], [ 127.074203, 37.53809 ], [ 127.074108, 37.5378 ], [ 127.074105, 37.53779 ], [ 127.073717, 37.537907 ], [ 127.072833, 37.538174 ], [ 127.07253, 37.538265 ], [ 127.071733, 37.538507 ], [ 127.071588, 37.538193 ], [ 127.071651, 37.538084 ], [ 127.071516, 37.537822 ], [ 127.071452, 37.537696 ], [ 127.071344, 37.53735 ], [ 127.071338, 37.536991 ], [ 127.071336, 37.536878 ], [ 127.071101, 37.536956 ], [ 127.071091, 37.536959 ], [ 127.070329, 37.537219 ], [ 127.070249, 37.537246 ], [ 127.069701, 37.537433 ], [ 127.069579, 37.537472 ], [ 127.069457, 37.537512 ], [ 127.069446, 37.537516 ], [ 127.069446, 37.537516 ], [ 127.069439, 37.537501 ], [ 127.069356, 37.537306 ], [ 127.069234, 37.537342 ], [ 127.069202, 37.537371 ], [ 127.069136, 37.537335 ], [ 127.069025, 37.537458 ], [ 127.06888, 37.53762 ], [ 127.068787, 37.537725 ], [ 127.068795, 37.537742 ], [ 127.06871, 37.537828 ], [ 127.068684, 37.537853 ], [ 127.068677, 37.53785 ], [ 127.068556, 37.537793 ], [ 127.068426, 37.53773 ], [ 127.068408, 37.537711 ], [ 127.068376, 37.537664 ], [ 127.068371, 37.537651 ], [ 127.068289, 37.53769 ], [ 127.067994, 37.537794 ], [ 127.067956, 37.537796 ], [ 127.067892, 37.5378 ], [ 127.067178, 37.538026 ], [ 127.067175, 37.538027 ], [ 127.067185, 37.537993 ], [ 127.067285, 37.537646 ], [ 127.067291, 37.537626 ], [ 127.067289, 37.537625 ], [ 127.066983, 37.537557 ], [ 127.066847, 37.537518 ], [ 127.066847, 37.537518 ], [ 127.066794, 37.537499 ], [ 127.066778, 37.537492 ], [ 127.066725, 37.537524 ], [ 127.066673, 37.537543 ], [ 127.066669, 37.537544 ], [ 127.066492, 37.537604 ], [ 127.066277, 37.537672 ], [ 127.066204, 37.537685 ], [ 127.066128, 37.537701 ], [ 127.065831, 37.537786 ], [ 127.065826, 37.537787 ], [ 127.065747, 37.537806 ], [ 127.065527, 37.537857 ], [ 127.065482, 37.537869 ], [ 127.065438, 37.537881 ], [ 127.065442, 37.537896 ], [ 127.065444, 37.537899 ], [ 127.065576, 37.538113 ], [ 127.06559, 37.538149 ], [ 127.065591, 37.538151 ], [ 127.065573, 37.53818 ], [ 127.065552, 37.538215 ], [ 127.065337, 37.538576 ], [ 127.065318, 37.538611 ], [ 127.065318, 37.538613 ], [ 127.06532, 37.538622 ], [ 127.065285, 37.538613 ], [ 127.06506, 37.538551 ], [ 127.064968, 37.538521 ], [ 127.064974, 37.538501 ], [ 127.064981, 37.53848 ], [ 127.064964, 37.538472 ], [ 127.064835, 37.538419 ], [ 127.064651, 37.538353 ], [ 127.064577, 37.538326 ], [ 127.064311, 37.538232 ], [ 127.06427, 37.538232 ], [ 127.064254, 37.538245 ], [ 127.064185, 37.538326 ], [ 127.064185, 37.538326 ], [ 127.064161, 37.538312 ], [ 127.064003, 37.538208 ], [ 127.063991, 37.5382 ], [ 127.063835, 37.538096 ], [ 127.063817, 37.538084 ], [ 127.063805, 37.5381 ], [ 127.063585, 37.538301 ], [ 127.063572, 37.538311 ], [ 127.063565, 37.538306 ], [ 127.063419, 37.538212 ], [ 127.063387, 37.538192 ], [ 127.063228, 37.538341 ], [ 127.063096, 37.538465 ], [ 127.063095, 37.538466 ], [ 127.063119, 37.538483 ], [ 127.063167, 37.538518 ], [ 127.063178, 37.538528 ], [ 127.063182, 37.538557 ], [ 127.0632, 37.538604 ], [ 127.063207, 37.538627 ], [ 127.063207, 37.53865 ], [ 127.063192, 37.53868 ], [ 127.063167, 37.538729 ], [ 127.063094, 37.538849 ], [ 127.063077, 37.538874 ], [ 127.063036, 37.538937 ], [ 127.062962, 37.539042 ], [ 127.062954, 37.539056 ], [ 127.062939, 37.539081 ], [ 127.062872, 37.539173 ], [ 127.062844, 37.539205 ], [ 127.062861, 37.539209 ], [ 127.062885, 37.539221 ], [ 127.062993, 37.539265 ], [ 127.063075, 37.539301 ], [ 127.063095, 37.539312 ], [ 127.063272, 37.53907 ], [ 127.063412, 37.538881 ], [ 127.063588, 37.538661 ], [ 127.063817, 37.538786 ], [ 127.063837, 37.538796 ], [ 127.063836, 37.538798 ], [ 127.063789, 37.538859 ], [ 127.063778, 37.538893 ], [ 127.063777, 37.538895 ], [ 127.063762, 37.538914 ], [ 127.063711, 37.538978 ], [ 127.063637, 37.539077 ], [ 127.063666, 37.539092 ], [ 127.06406, 37.539292 ], [ 127.064077, 37.539301 ], [ 127.063932, 37.539481 ], [ 127.063836, 37.539541 ], [ 127.063717, 37.539594 ], [ 127.063671, 37.539596 ], [ 127.063718, 37.53967 ], [ 127.063798, 37.539816 ], [ 127.063821, 37.539858 ], [ 127.063628, 37.539925 ], [ 127.063628, 37.539925 ], [ 127.063013, 37.540141 ], [ 127.062863, 37.540194 ], [ 127.062893, 37.540246 ], [ 127.062971, 37.540385 ], [ 127.062988, 37.540417 ], [ 127.063021, 37.540477 ], [ 127.063071, 37.540566 ], [ 127.063141, 37.54069 ], [ 127.063206, 37.540805 ], [ 127.063269, 37.540916 ], [ 127.063335, 37.541032 ], [ 127.063418, 37.541179 ], [ 127.063468, 37.541269 ], [ 127.063501, 37.541327 ], [ 127.063534, 37.541386 ], [ 127.063564, 37.54144 ], [ 127.063604, 37.541509 ], [ 127.063669, 37.541625 ], [ 127.063727, 37.541729 ], [ 127.063777, 37.541815 ], [ 127.063822, 37.541896 ], [ 127.063871, 37.541982 ], [ 127.063965, 37.542148 ], [ 127.063983, 37.542178 ], [ 127.064012, 37.542229 ], [ 127.064014, 37.542228 ], [ 127.06402, 37.542226 ], [ 127.064026, 37.542225 ], [ 127.064023, 37.542219 ], [ 127.063998, 37.542175 ], [ 127.063998, 37.542175 ], [ 127.064265, 37.542084 ], [ 127.064356, 37.542054 ], [ 127.064441, 37.542025 ], [ 127.06476, 37.541917 ], [ 127.06585, 37.541547 ], [ 127.066104, 37.541461 ], [ 127.066104, 37.54146 ], [ 127.066169, 37.541438 ], [ 127.066398, 37.541361 ], [ 127.066398, 37.541362 ], [ 127.0664, 37.541361 ], [ 127.066408, 37.541358 ], [ 127.06648, 37.5415 ], [ 127.066583, 37.541704 ], [ 127.066673, 37.541856 ], [ 127.066704, 37.541921 ], [ 127.066647, 37.541941 ], [ 127.066437, 37.542012 ], [ 127.06619, 37.542096 ], [ 127.065924, 37.542186 ], [ 127.065922, 37.542187 ], [ 127.065938, 37.542219 ], [ 127.065954, 37.54225 ], [ 127.066089, 37.542503 ], [ 127.066103, 37.542528 ], [ 127.066174, 37.54266 ], [ 127.066175, 37.542661 ], [ 127.066204, 37.542651 ], [ 127.066455, 37.542568 ], [ 127.066936, 37.542407 ], [ 127.066966, 37.542397 ], [ 127.066966, 37.542397 ], [ 127.066893, 37.542259 ], [ 127.066922, 37.542248 ], [ 127.066991, 37.542224 ], [ 127.067152, 37.542166 ], [ 127.067391, 37.54208 ], [ 127.067404, 37.542075 ], [ 127.067635, 37.541998 ], [ 127.067666, 37.541987 ], [ 127.067515, 37.54171 ], [ 127.067501, 37.541684 ], [ 127.067484, 37.541652 ], [ 127.067486, 37.541651 ], [ 127.067793, 37.541547 ], [ 127.067798, 37.541545 ], [ 127.067892, 37.541517 ], [ 127.068069, 37.541458 ], [ 127.06807, 37.541458 ], [ 127.06821, 37.541412 ], [ 127.068281, 37.541388 ], [ 127.068314, 37.541454 ], [ 127.068525, 37.541859 ], [ 127.068542, 37.541891 ], [ 127.068585, 37.541877 ], [ 127.068952, 37.541754 ], [ 127.069, 37.541845 ], [ 127.069055, 37.541948 ], [ 127.069054, 37.541959 ], [ 127.068701, 37.542086 ], [ 127.068655, 37.542102 ], [ 127.068682, 37.542153 ], [ 127.068694, 37.542175 ], [ 127.068809, 37.542388 ], [ 127.06887, 37.542501 ], [ 127.068915, 37.542584 ], [ 127.069025, 37.542789 ], [ 127.069055, 37.542838 ], [ 127.069056, 37.542841 ], [ 127.069183, 37.543081 ], [ 127.069183, 37.543081 ], [ 127.069218, 37.543147 ], [ 127.06942, 37.543531 ], [ 127.069421, 37.543532 ], [ 127.06953, 37.543739 ], [ 127.069654, 37.543973 ], [ 127.069702, 37.544063 ], [ 127.069714, 37.54408 ], [ 127.06973, 37.544095 ], [ 127.069757, 37.544121 ], [ 127.06982, 37.544069 ], [ 127.070077, 37.543802 ] ] ] } },
{ "type": "Feature", "properties": { "name": "고덕역", "area_code": "POI016", "category": "인구밀집지역" }, "geometry": { "type": "Polygon", "coordinates": [ [ [ 127.153313, 37.553021 ], [ 127.153322, 37.554424 ], [ 127.153333, 37.554878 ], [ 127.153322, 37.554932 ], [ 127.153334, 37.554934 ], [ 127.154066, 37.555035 ], [ 127.156318, 37.555367 ], [ 127.156572, 37.555383 ], [ 127.156552, 37.555077 ], [ 127.156501, 37.554278 ], [ 127.156501, 37.554277 ], [ 127.156476, 37.553934 ], [ 127.156474, 37.553915 ], [ 127.156434, 37.553261 ], [ 127.15641, 37.552883 ], [ 127.15641, 37.552883 ], [ 127.156379, 37.552397 ], [ 127.156329, 37.551706 ], [ 127.156329, 37.551704 ], [ 127.156249, 37.55171 ], [ 127.155525, 37.551747 ], [ 127.154923, 37.551778 ], [ 127.154306, 37.551812 ], [ 127.152809, 37.551911 ], [ 127.152816, 37.55228 ], [ 127.153309, 37.553002 ], [ 127.153312, 37.553007 ], [ 127.153313, 37.553021 ] ] ] } },
{ "type": "Feature", "properties": { "name": "고속터미널역", "area_code": "POI017", "category": "인구밀집지역" }, "geometry": { "type": "Polygon", "coordinates": [ [ [ 127.00954, 37.506435 ], [ 127.009624, 37.506276 ], [ 127.009677, 37.506175 ], [ 127.009688, 37.506154 ], [ 127.009931, 37.505692 ], [ 127.010026, 37.50551 ], [ 127.010388, 37.504822 ], [ 127.010416, 37.504768 ], [ 127.010416, 37.504767 ], [ 127.010383, 37.504764 ], [ 127.010059, 37.504683 ], [ 127.009787, 37.50458 ], [ 127.009731, 37.504559 ], [ 127.008636, 37.504144 ], [ 127.007898, 37.503864 ], [ 127.006603, 37.503357 ], [ 127.006547, 37.503335 ], [ 127.005176, 37.502804 ], [ 127.004439, 37.502541 ], [ 127.003832, 37.502379 ], [ 127.003293, 37.502213 ], [ 127.002939, 37.50269 ], [ 127.0029, 37.502753 ], [ 127.002559, 37.503161 ], [ 127.002557, 37.503163 ], [ 127.002481, 37.503253 ], [ 127.002255, 37.503524 ], [ 127.002197, 37.503593 ], [ 127.002195, 37.503596 ], [ 127.002192, 37.5036 ], [ 127.001785, 37.504087 ], [ 127.001769, 37.504107 ], [ 127.001755, 37.504125 ], [ 127.001719, 37.504169 ], [ 127.001675, 37.504225 ], [ 127.0015, 37.504446 ], [ 127.00143, 37.504536 ], [ 127.00143, 37.504537 ], [ 127.001178, 37.504865 ], [ 127.001091, 37.504978 ], [ 127.00108, 37.504992 ], [ 127.001074, 37.504999 ], [ 127.001076, 37.505 ], [ 127.001109, 37.50501 ], [ 127.001144, 37.505022 ], [ 127.001154, 37.505002 ], [ 127.004416, 37.505988 ], [ 127.008968, 37.507365 ], [ 127.008969, 37.507365 ], [ 127.00904, 37.507387 ], [ 127.009107, 37.50726 ], [ 127.00921, 37.507063 ], [ 127.009299, 37.506895 ], [ 127.00937, 37.506759 ], [ 127.00954, 37.506435 ] ] ] } },
{ "type": "Feature", "properties": { "name": "교대역", "area_code": "POI018", "category": "인구밀집지역" }, "geometry": { "type": "Polygon", "coordinates": [ [ [ 127.014416, 37.488496 ], [ 127.012653, 37.487856 ], [ 127.01229, 37.488747 ], [ 127.012637, 37.489412 ], [ 127.012495, 37.490429 ], [ 127.011724, 37.491533 ], [ 127.010827, 37.493466 ], [ 127.015426, 37.494896 ], [ 127.016544, 37.495008 ], [ 127.017363, 37.495247 ], [ 127.017757, 37.49472 ], [ 127.017914, 37.493904 ], [ 127.01604, 37.493327 ], [ 127.015221, 37.493227 ], [ 127.015582, 37.491445 ], [ 127.014323, 37.491319 ], [ 127.014416, 37.488496 ] ] ] } },
{ "type": "Feature", "properties": { "name": "구로디지털단지역", "area_code": "POI019", "category": "인구밀집지역" }, "geometry": { "type": "Polygon", "coordinates": [ [ [ 126.899638, 37.485009 ], [ 126.899968, 37.485449 ], [ 126.90063, 37.48506 ], [ 126.901496, 37.484722 ], [ 126.901639, 37.484296 ], [ 126.902915, 37.483506 ], [ 126.901391, 37.481359 ], [ 126.900807, 37.482425 ], [ 126.8998, 37.481282 ], [ 126.897704, 37.482385 ], [ 126.897359, 37.48177 ], [ 126.897107, 37.481506 ], [ 126.896918, 37.481393 ], [ 126.896572, 37.481167 ], [ 126.896084, 37.480903 ], [ 126.895439, 37.480689 ], [ 126.894463, 37.480512 ], [ 126.893991, 37.480562 ], [ 126.893234, 37.480862 ], [ 126.892446, 37.481489 ], [ 126.890743, 37.48283 ], [ 126.891498, 37.483584 ], [ 126.891624, 37.483722 ], [ 126.892033, 37.48376 ], [ 126.892065, 37.483911 ], [ 126.891671, 37.484174 ], [ 126.89208, 37.484501 ], [ 126.892221, 37.484589 ], [ 126.892268, 37.485166 ], [ 126.892252, 37.485279 ], [ 126.891984, 37.485392 ], [ 126.892377, 37.485881 ], [ 126.891384, 37.486407 ], [ 126.893178, 37.487388 ], [ 126.894232, 37.487878 ], [ 126.899638, 37.485009 ] ] ] } },
{ "type": "Feature", "properties": { "name": "구로역", "area_code": "POI020", "category": "인구밀집지역" }, "geometry": { "type": "Polygon", "coordinates": [ [ [ 126.879794, 37.502992 ], [ 126.879822, 37.503015 ], [ 126.880398, 37.50341 ], [ 126.881916, 37.504456 ], [ 126.883117, 37.503379 ], [ 126.88199, 37.502444 ], [ 126.882169, 37.502324 ], [ 126.883526, 37.502333 ], [ 126.883681, 37.502274 ], [ 126.883737, 37.502121 ], [ 126.883911, 37.502082 ], [ 126.883893, 37.501966 ], [ 126.884157, 37.501879 ], [ 126.884179, 37.501839 ], [ 126.884153, 37.501663 ], [ 126.884136, 37.50155 ], [ 126.884118, 37.501423 ], [ 126.884097, 37.501246 ], [ 126.884088, 37.501174 ], [ 126.884088, 37.501171 ], [ 126.884085, 37.501152 ], [ 126.883923, 37.501205 ], [ 126.883804, 37.501246 ], [ 126.883804, 37.501205 ], [ 126.883805, 37.500812 ], [ 126.883692, 37.500808 ], [ 126.883604, 37.500809 ], [ 126.883627, 37.500451 ], [ 126.883095, 37.500317 ], [ 126.882909, 37.50027 ], [ 126.882909, 37.50027 ], [ 126.882889, 37.500291 ], [ 126.88272, 37.500464 ], [ 126.88272, 37.500464 ], [ 126.882719, 37.500464 ], [ 126.882556, 37.500613 ], [ 126.882555, 37.500614 ], [ 126.882544, 37.500624 ], [ 126.882446, 37.500713 ], [ 126.882024, 37.501097 ], [ 126.881617, 37.501422 ], [ 126.881562, 37.501461 ], [ 126.881552, 37.501468 ], [ 126.880568, 37.502292 ], [ 126.879794, 37.502992 ] ] ] } },
{ "type": "Feature", "properties": { "name": "군자역", "area_code": "POI021", "category": "인구밀집지역" }, "geometry": { "type": "Polygon", "coordinates": [ [ [ 127.083998, 37.554576 ], [ 127.08368, 37.554054 ], [ 127.081092, 37.555081 ], [ 127.08109, 37.555077 ], [ 127.080766, 37.555217 ], [ 127.079477, 37.555717 ], [ 127.079187, 37.5552 ], [ 127.0789, 37.554641 ], [ 127.078574, 37.554069 ], [ 127.078331, 37.554242 ], [ 127.077946, 37.554371 ], [ 127.077931, 37.554344 ], [ 127.077436, 37.554514 ], [ 127.077269, 37.554572 ], [ 127.077018, 37.554658 ], [ 127.076622, 37.554794 ], [ 127.076579, 37.55511 ], [ 127.076634, 37.55515 ], [ 127.076743, 37.555241 ], [ 127.077429, 37.555891 ], [ 127.076841, 37.556133 ], [ 127.077194, 37.556705 ], [ 127.076406, 37.557001 ], [ 127.07705, 37.558333 ], [ 127.077634, 37.558121 ], [ 127.077635, 37.558123 ], [ 127.078321, 37.557843 ], [ 127.078885, 37.558843 ], [ 127.080104, 37.558383 ], [ 127.08089, 37.558073 ], [ 127.081338, 37.557905 ], [ 127.081909, 37.55766 ], [ 127.082487, 37.557449 ], [ 127.082204, 37.556959 ], [ 127.083548, 37.556429 ], [ 127.084038, 37.556241 ], [ 127.084359, 37.556117 ], [ 127.084663, 37.556 ], [ 127.084827, 37.555937 ], [ 127.084405, 37.55524 ], [ 127.084407, 37.555239 ], [ 127.083998, 37.554576 ], [ 127.083998, 37.554576 ] ] ] } },
{ "type": "Feature", "properties": { "name": "대림역", "area_code": "POI023", "category": "인구밀집지역" }, "geometry": { "type": "Polygon", "coordinates": [ [ [ 126.894338, 37.494909 ], [ 126.894119, 37.495581 ], [ 126.89497, 37.495717 ], [ 126.895706, 37.496093 ], [ 126.895948, 37.495543 ], [ 126.896558, 37.495507 ], [ 126.897064, 37.495627 ], [ 126.897582, 37.495792 ], [ 126.897767, 37.495511 ], [ 126.899422, 37.496007 ], [ 126.899837, 37.494882 ], [ 126.900397, 37.494282 ], [ 126.898294, 37.492981 ], [ 126.899084, 37.492146 ], [ 126.899144, 37.492082 ], [ 126.89907, 37.491848 ], [ 126.899516, 37.491739 ], [ 126.899323, 37.491569 ], [ 126.899654, 37.491273 ], [ 126.898085, 37.490097 ], [ 126.898199, 37.489989 ], [ 126.898261, 37.489871 ], [ 126.897638, 37.48965 ], [ 126.897219, 37.490128 ], [ 126.89697, 37.489987 ], [ 126.89689, 37.490096 ], [ 126.896205, 37.489892 ], [ 126.895912, 37.490584 ], [ 126.89312, 37.488765 ], [ 126.891539, 37.489585 ], [ 126.892914, 37.490458 ], [ 126.892573, 37.490846 ], [ 126.891609, 37.49186 ], [ 126.890792, 37.492771 ], [ 126.890503, 37.493217 ], [ 126.891154, 37.493399 ], [ 126.891481, 37.494013 ], [ 126.891855, 37.494302 ], [ 126.891679, 37.494568 ], [ 126.891899, 37.494726 ], [ 126.892551, 37.494388 ], [ 126.892761, 37.493996 ], [ 126.894338, 37.494909 ] ] ] } },
{ "type": "Feature", "properties": { "name": "동대문역", "area_code": "POI024", "category": "인구밀집지역" }, "geometry": { "type": "Polygon", "coordinates": [ [ [ 127.012318, 37.569745 ], [ 127.012129, 37.569755 ], [ 127.011613, 37.569763 ], [ 127.010805, 37.569768 ], [ 127.010243, 37.56977 ], [ 127.010035, 37.569771 ], [ 127.009942, 37.569768 ], [ 127.009863, 37.569766 ], [ 127.009847, 37.569765 ], [ 127.009835, 37.569765 ], [ 127.009783, 37.569763 ], [ 127.009765, 37.569762 ], [ 127.009705, 37.56976 ], [ 127.009681, 37.569759 ], [ 127.009598, 37.569756 ], [ 127.009277, 37.569746 ], [ 127.009164, 37.569743 ], [ 127.009136, 37.569742 ], [ 127.009084, 37.569739 ], [ 127.009065, 37.569739 ], [ 127.009018, 37.569737 ], [ 127.008996, 37.569736 ], [ 127.008988, 37.569735 ], [ 127.008983, 37.569735 ], [ 127.008951, 37.569734 ], [ 127.008892, 37.569731 ], [ 127.008881, 37.569731 ], [ 127.008859, 37.56973 ], [ 127.008836, 37.569729 ], [ 127.008829, 37.569729 ], [ 127.008822, 37.569728 ], [ 127.008812, 37.569728 ], [ 127.008555, 37.569718 ], [ 127.008461, 37.569714 ], [ 127.008418, 37.569713 ], [ 127.008374, 37.569711 ], [ 127.008294, 37.569708 ], [ 127.008236, 37.569706 ], [ 127.008172, 37.569703 ], [ 127.008151, 37.569702 ], [ 127.008104, 37.5697 ], [ 127.007989, 37.569695 ], [ 127.00781, 37.569687 ], [ 127.007581, 37.569676 ], [ 127.007272, 37.569658 ], [ 127.006942, 37.569646 ], [ 127.006905, 37.569644 ], [ 127.006734, 37.569635 ], [ 127.006734, 37.569658 ], [ 127.006731, 37.569829 ], [ 127.006715, 37.570082 ], [ 127.006727, 37.570461 ], [ 127.006701, 37.571094 ], [ 127.00668, 37.57157 ], [ 127.006674, 37.571676 ], [ 127.006668, 37.571781 ], [ 127.006667, 37.5718 ], [ 127.006909, 37.571964 ], [ 127.007102, 37.572344 ], [ 127.007345, 37.572867 ], [ 127.007458, 37.573008 ], [ 127.007553, 37.573126 ], [ 127.008443, 37.573101 ], [ 127.008455, 37.573194 ], [ 127.008604, 37.573461 ], [ 127.008676, 37.573461 ], [ 127.009025, 37.573524 ], [ 127.009025, 37.573524 ], [ 127.009025, 37.573524 ], [ 127.009022, 37.57352 ], [ 127.009036, 37.573524 ], [ 127.009196, 37.573532 ], [ 127.009324, 37.573553 ], [ 127.009437, 37.573574 ], [ 127.009568, 37.573602 ], [ 127.009612, 37.573605 ], [ 127.009698, 37.573612 ], [ 127.010008, 37.573653 ], [ 127.010011, 37.573654 ], [ 127.010231, 37.573688 ], [ 127.010336, 37.573693 ], [ 127.010612, 37.573686 ], [ 127.010879, 37.573637 ], [ 127.010949, 37.573632 ], [ 127.011132, 37.573613 ], [ 127.011227, 37.573559 ], [ 127.011228, 37.573557 ], [ 127.011261, 37.573499 ], [ 127.011301, 37.573416 ], [ 127.011349, 37.573315 ], [ 127.0114, 37.573239 ], [ 127.011449, 37.573186 ], [ 127.011647, 37.57302 ], [ 127.011667, 37.573 ], [ 127.011703, 37.57296 ], [ 127.011859, 37.572732 ], [ 127.01201, 37.572596 ], [ 127.012155, 37.57252 ], [ 127.012235, 37.572478 ], [ 127.012287, 37.572446 ], [ 127.012572, 37.572127 ], [ 127.012333, 37.572066 ], [ 127.012508, 37.571644 ], [ 127.012548, 37.571528 ], [ 127.012579, 37.571359 ], [ 127.012587, 37.571092 ], [ 127.012599, 37.570705 ], [ 127.012595, 37.570519 ], [ 127.012594, 37.570491 ], [ 127.012582, 37.570266 ], [ 127.012598, 37.570158 ], [ 127.01263, 37.569972 ], [ 127.012645, 37.56979 ], [ 127.012643, 37.569748 ], [ 127.012318, 37.569745 ] ] ] } },
{ "type": "Feature", "properties": { "name": "뚝섬역", "area_code": "POI025", "category": "인구밀집지역" }, "geometry": { "type": "Polygon", "coordinates": [ [ [ 127.044488, 37.548084 ], [ 127.045108, 37.548306 ], [ 127.045511, 37.548713 ], [ 127.04565, 37.548713 ], [ 127.046549, 37.549883 ], [ 127.046425, 37.549982 ], [ 127.046302, 37.550919 ], [ 127.046968, 37.551313 ], [ 127.046921, 37.551572 ], [ 127.047541, 37.551597 ], [ 127.048702, 37.55151 ], [ 127.050343, 37.551152 ], [ 127.050219, 37.550757 ], [ 127.050683, 37.550363 ], [ 127.049831, 37.549882 ], [ 127.050218, 37.549401 ], [ 127.049273, 37.548785 ], [ 127.049907, 37.548058 ], [ 127.049504, 37.547207 ], [ 127.048606, 37.547503 ], [ 127.0489, 37.546591 ], [ 127.046857, 37.547294 ], [ 127.04777, 37.546259 ], [ 127.047491, 37.545864 ], [ 127.047382, 37.545482 ], [ 127.046004, 37.545926 ], [ 127.045865, 37.545914 ], [ 127.045385, 37.546149 ], [ 127.044611, 37.546223 ], [ 127.044626, 37.546075 ], [ 127.044007, 37.546211 ], [ 127.04379, 37.545927 ], [ 127.039285, 37.547112 ], [ 127.03927, 37.547186 ], [ 127.039704, 37.548074 ], [ 127.040339, 37.547889 ], [ 127.040339, 37.547889 ], [ 127.040339, 37.547889 ], [ 127.044488, 37.548084 ] ] ] } },
{ "type": "Feature", "properties": { "name": "미아사거리역", "area_code": "POI026", "category": "인구밀집지역" }, "geometry": { "type": "Polygon", "coordinates": [ [ [ 127.028948, 37.616611 ], [ 127.031279, 37.616533 ], [ 127.031361, 37.615546 ], [ 127.031582, 37.615524 ], [ 127.031816, 37.615041 ], [ 127.032298, 37.6148 ], [ 127.032684, 37.61424 ], [ 127.032863, 37.612638 ], [ 127.033249, 37.611738 ], [ 127.033865, 37.612571 ], [ 127.0344, 37.612194 ], [ 127.03451, 37.612249 ], [ 127.034921, 37.611943 ], [ 127.035058, 37.61161 ], [ 127.032465, 37.610215 ], [ 127.032089, 37.609281 ], [ 127.031689, 37.608941 ], [ 127.029179, 37.607801 ], [ 127.028269, 37.607845 ], [ 127.027938, 37.608437 ], [ 127.029, 37.609512 ], [ 127.029042, 37.609984 ], [ 127.028807, 37.610072 ], [ 127.028573, 37.610511 ], [ 127.028532, 37.611531 ], [ 127.029194, 37.611531 ], [ 127.029291, 37.611827 ], [ 127.029332, 37.612354 ], [ 127.028491, 37.612519 ], [ 127.028615, 37.612815 ], [ 127.028395, 37.613429 ], [ 127.028354, 37.614625 ], [ 127.028478, 37.614735 ], [ 127.028478, 37.615174 ], [ 127.029016, 37.615174 ], [ 127.028948, 37.616611 ] ] ] } },
{ "type": "Feature", "properties": { "name": "발산역", "area_code": "POI027", "category": "인구밀집지역" }, "geometry": { "type": "Polygon", "coordinates": [ [ [ 126.838945, 37.563356 ], [ 126.840829, 37.563048 ], [ 126.839969, 37.56053 ], [ 126.841441, 37.560256 ], [ 126.841162, 37.55936 ], [ 126.845243, 37.558991 ], [ 126.844577, 37.557942 ], [ 126.845719, 37.557815 ], [ 126.845627, 37.557104 ], [ 126.845646, 37.556985 ], [ 126.844872, 37.557078 ], [ 126.84486, 37.557207 ], [ 126.844622, 37.557331 ], [ 126.844342, 37.556834 ], [ 126.844718, 37.556442 ], [ 126.844712, 37.556328 ], [ 126.844624, 37.556213 ], [ 126.843963, 37.556093 ], [ 126.843957, 37.556267 ], [ 126.843514, 37.556271 ], [ 126.84365, 37.55646 ], [ 126.843463, 37.556604 ], [ 126.843618, 37.556987 ], [ 126.842607, 37.557011 ], [ 126.842558, 37.556683 ], [ 126.841859, 37.556776 ], [ 126.84192, 37.557074 ], [ 126.840915, 37.557177 ], [ 126.838706, 37.557403 ], [ 126.838395, 37.55746 ], [ 126.83775, 37.555356 ], [ 126.836494, 37.555458 ], [ 126.837461, 37.558545 ], [ 126.833173, 37.558901 ], [ 126.833493, 37.56128 ], [ 126.838149, 37.560838 ], [ 126.838945, 37.563356 ] ] ] } },
{ "type": "Feature", "properties": { "name": "사당역", "area_code": "POI029", "category": "인구밀집지역" }, "geometry": { "type": "Polygon", "coordinates": [ [ [ 126.978357, 37.477278 ], [ 126.978014, 37.477595 ], [ 126.978267, 37.477818 ], [ 126.977907, 37.478423 ], [ 126.978066, 37.480759 ], [ 126.985367, 37.480474 ], [ 126.985261, 37.478754 ], [ 126.983925, 37.478818 ], [ 126.983925, 37.478801 ], [ 126.983915, 37.478612 ], [ 126.983877, 37.477826 ], [ 126.98452, 37.477593 ], [ 126.985199, 37.477348 ], [ 126.985543, 37.476787 ], [ 126.985297, 37.47674 ], [ 126.984782, 37.476827 ], [ 126.984571, 37.476145 ], [ 126.98303, 37.476413 ], [ 126.981707, 37.476561 ], [ 126.981766, 37.475833 ], [ 126.981814, 37.475259 ], [ 126.981856, 37.474756 ], [ 126.981991, 37.474304 ], [ 126.982083, 37.474048 ], [ 126.981953, 37.474014 ], [ 126.981246, 37.473828 ], [ 126.981246, 37.473829 ], [ 126.980705, 37.47369 ], [ 126.980292, 37.473551 ], [ 126.980232, 37.474087 ], [ 126.980106, 37.47522 ], [ 126.979734, 37.475135 ], [ 126.978714, 37.474888 ], [ 126.978628, 37.474771 ], [ 126.978341, 37.474771 ], [ 126.978347, 37.47593 ], [ 126.978346, 37.476193 ], [ 126.978732, 37.476205 ], [ 126.978724, 37.476608 ], [ 126.978358, 37.4766 ], [ 126.978357, 37.477278 ] ] ] } },
{ "type": "Feature", "properties": { "name": "삼각지역", "area_code": "POI030", "category": "인구밀집지역" }, "geometry": { "type": "Polygon", "coordinates": [ [ [ 126.973846, 37.536906 ], [ 126.974967, 37.537021 ], [ 126.974997, 37.535948 ], [ 126.975052, 37.535371 ], [ 126.975077, 37.535286 ], [ 126.975074, 37.535284 ], [ 126.975266, 37.535024 ], [ 126.975908, 37.534765 ], [ 126.975713, 37.534176 ], [ 126.975096, 37.534553 ], [ 126.973745, 37.534197 ], [ 126.973716, 37.533996 ], [ 126.9737, 37.533994 ], [ 126.973143, 37.534032 ], [ 126.97314, 37.534029 ], [ 126.972326, 37.534117 ], [ 126.972039, 37.534296 ], [ 126.973261, 37.53557 ], [ 126.973263, 37.535576 ], [ 126.971842, 37.536026 ], [ 126.972073, 37.536507 ], [ 126.973424, 37.536068 ], [ 126.973723, 37.536101 ], [ 126.973876, 37.536227 ], [ 126.973965, 37.536445 ], [ 126.973846, 37.536906 ] ] ] } },
{ "type": "Feature", "properties": { "name": "서울대입구역", "area_code": "POI031", "category": "인구밀집지역" }, "geometry": { "type": "Polygon", "coordinates": [ [ [ 126.954676, 37.482254 ], [ 126.955051, 37.482035 ], [ 126.955423, 37.481297 ], [ 126.955647, 37.480832 ], [ 126.955676, 37.480772 ], [ 126.955759, 37.480562 ], [ 126.955818, 37.480128 ], [ 126.955471, 37.480264 ], [ 126.955382, 37.479617 ], [ 126.955618, 37.478577 ], [ 126.954308, 37.47893 ], [ 126.953845, 37.47804 ], [ 126.953498, 37.478073 ], [ 126.952285, 37.478169 ], [ 126.952307, 37.47872 ], [ 126.95143, 37.478773 ], [ 126.951333, 37.478783 ], [ 126.950574, 37.478856 ], [ 126.950149, 37.478898 ], [ 126.950692, 37.482385 ], [ 126.951833, 37.48227 ], [ 126.951975, 37.482256 ], [ 126.952271, 37.482226 ], [ 126.952539, 37.482187 ], [ 126.953315, 37.483183 ], [ 126.954001, 37.483562 ], [ 126.95536, 37.483172 ], [ 126.954676, 37.482254 ] ] ] } },
{ "type": "Feature", "properties": { "name": "서울식물원·마곡나루역", "area_code": "POI032", "category": "인구밀집지역" }, "geometry": { "type": "Polygon", "coordinates": [ [ [ 126.824394, 37.563421 ], [ 126.825075, 37.568472 ], [ 126.828064, 37.568253 ], [ 126.827936, 37.567408 ], [ 126.830036, 37.567308 ], [ 126.830491, 37.56755 ], [ 126.831237, 37.572566 ], [ 126.8344, 37.572295 ], [ 126.837587, 37.570404 ], [ 126.834497, 37.56759 ], [ 126.833942, 37.563711 ], [ 126.826145, 37.564458 ], [ 126.824394, 37.563421 ] ] ] } },
{ "type": "Feature", "properties": { "name": "서울역", "area_code": "POI033", "category": "인구밀집지역" }, "geometry": { "type": "Polygon", "coordinates": [ [ [ 126.972413, 37.55465 ], [ 126.972412, 37.554652 ], [ 126.972408, 37.554877 ], [ 126.972408, 37.554877 ], [ 126.971491, 37.554877 ], [ 126.971468, 37.55486 ], [ 126.971465, 37.554535 ], [ 126.971788, 37.554207 ], [ 126.971788, 37.554206 ], [ 126.971789, 37.554205 ], [ 126.97179, 37.554204 ], [ 126.97179, 37.554202 ], [ 126.97179, 37.554201 ], [ 126.97179, 37.5542 ], [ 126.97179, 37.554198 ], [ 126.971789, 37.554197 ], [ 126.971788, 37.554196 ], [ 126.971787, 37.554194 ], [ 126.971786, 37.554194 ], [ 126.971785, 37.554193 ], [ 126.971692, 37.554139 ], [ 126.971691, 37.554138 ], [ 126.971691, 37.554138 ], [ 126.971586, 37.554084 ], [ 126.971585, 37.554084 ], [ 126.97144, 37.554021 ], [ 126.971439, 37.55402 ], [ 126.971439, 37.55402 ], [ 126.971256, 37.55396 ], [ 126.971255, 37.55396 ], [ 126.971124, 37.553925 ], [ 126.971123, 37.553925 ], [ 126.971122, 37.553925 ], [ 126.970987, 37.553901 ], [ 126.970987, 37.553901 ], [ 126.970987, 37.553901 ], [ 126.970799, 37.553881 ], [ 126.970798, 37.553881 ], [ 126.970797, 37.553881 ], [ 126.970676, 37.553878 ], [ 126.970587, 37.553876 ], [ 126.970586, 37.553876 ], [ 126.970585, 37.553876 ], [ 126.97051, 37.55388 ], [ 126.970439, 37.553884 ], [ 126.970439, 37.553884 ], [ 126.970438, 37.553884 ], [ 126.970246, 37.553915 ], [ 126.970246, 37.553915 ], [ 126.970246, 37.553915 ], [ 126.970046, 37.553959 ], [ 126.970046, 37.553959 ], [ 126.970045, 37.553959 ], [ 126.969892, 37.554009 ], [ 126.969891, 37.554009 ], [ 126.969891, 37.55401 ], [ 126.96979, 37.554047 ], [ 126.969789, 37.554047 ], [ 126.969789, 37.554047 ], [ 126.969672, 37.5541 ], [ 126.969671, 37.5541 ], [ 126.96967, 37.554101 ], [ 126.969668, 37.554103 ], [ 126.969668, 37.554104 ], [ 126.969667, 37.554105 ], [ 126.969667, 37.554107 ], [ 126.969667, 37.554108 ], [ 126.969667, 37.55411 ], [ 126.969668, 37.554111 ], [ 126.969668, 37.554112 ], [ 126.969948, 37.554464 ], [ 126.969947, 37.554877 ], [ 126.969726, 37.554877 ], [ 126.969737, 37.554302 ], [ 126.969737, 37.554301 ], [ 126.969736, 37.554299 ], [ 126.969735, 37.554298 ], [ 126.969734, 37.554297 ], [ 126.969733, 37.554296 ], [ 126.969731, 37.554295 ], [ 126.96973, 37.554294 ], [ 126.969728, 37.554293 ], [ 126.969726, 37.554293 ], [ 126.969725, 37.554293 ], [ 126.969339, 37.5543 ], [ 126.969337, 37.5543 ], [ 126.969335, 37.5543 ], [ 126.969334, 37.554301 ], [ 126.969332, 37.554302 ], [ 126.969331, 37.554303 ], [ 126.96933, 37.554304 ], [ 126.969329, 37.554306 ], [ 126.969328, 37.554307 ], [ 126.969328, 37.554309 ], [ 126.969322, 37.554876 ], [ 126.969177, 37.554876 ], [ 126.969177, 37.554876 ], [ 126.969173, 37.554876 ], [ 126.969172, 37.554876 ], [ 126.969171, 37.554876 ], [ 126.969172, 37.554878 ], [ 126.969186, 37.555662 ], [ 126.969186, 37.555662 ], [ 126.969186, 37.555663 ], [ 126.969193, 37.555868 ], [ 126.969197, 37.55593 ], [ 126.969199, 37.555987 ], [ 126.9692, 37.55603 ], [ 126.969201, 37.556056 ], [ 126.969206, 37.556207 ], [ 126.969215, 37.55647 ], [ 126.969217, 37.556538 ], [ 126.969217, 37.55655 ], [ 126.969222, 37.556699 ], [ 126.969222, 37.5567 ], [ 126.969222, 37.556729 ], [ 126.969225, 37.556818 ], [ 126.969228, 37.556834 ], [ 126.969228, 37.556836 ], [ 126.969231, 37.556856 ], [ 126.969238, 37.557038 ], [ 126.969239, 37.557073 ], [ 126.969246, 37.557255 ], [ 126.969248, 37.557267 ], [ 126.969255, 37.557305 ], [ 126.969272, 37.557396 ], [ 126.969285, 37.557437 ], [ 126.969293, 37.557463 ], [ 126.969298, 37.557479 ], [ 126.969349, 37.557615 ], [ 126.969368, 37.55767 ], [ 126.96941, 37.557782 ], [ 126.969446, 37.557875 ], [ 126.969478, 37.557999 ], [ 126.969493, 37.558126 ], [ 126.96949, 37.558227 ], [ 126.969488, 37.558292 ], [ 126.969491, 37.55832 ], [ 126.969504, 37.558323 ], [ 126.969497, 37.558529 ], [ 126.969495, 37.558622 ], [ 126.969492, 37.558726 ], [ 126.969491, 37.558768 ], [ 126.969487, 37.558783 ], [ 126.969486, 37.55879 ], [ 126.969486, 37.558795 ], [ 126.969486, 37.558801 ], [ 126.969484, 37.559008 ], [ 126.969483, 37.559192 ], [ 126.969483, 37.559213 ], [ 126.969483, 37.559213 ], [ 126.969642, 37.559214 ], [ 126.970088, 37.559217 ], [ 126.970084, 37.559265 ], [ 126.970084, 37.559267 ], [ 126.970084, 37.559269 ], [ 126.970084, 37.559269 ], [ 126.970084, 37.559269 ], [ 126.970572, 37.559314 ], [ 126.970686, 37.559353 ], [ 126.970686, 37.559353 ], [ 126.970724, 37.559356 ], [ 126.97083, 37.559363 ], [ 126.97088, 37.559366 ], [ 126.970884, 37.559348 ], [ 126.970935, 37.559276 ], [ 126.970957, 37.559195 ], [ 126.971004, 37.559085 ], [ 126.970921, 37.559061 ], [ 126.971006, 37.558976 ], [ 126.971061, 37.558933 ], [ 126.971075, 37.558879 ], [ 126.971233, 37.558782 ], [ 126.97131, 37.558735 ], [ 126.97131, 37.558735 ], [ 126.971311, 37.558734 ], [ 126.971336, 37.558719 ], [ 126.971345, 37.558714 ], [ 126.971367, 37.558734 ], [ 126.971534, 37.558889 ], [ 126.971571, 37.558923 ], [ 126.971586, 37.558937 ], [ 126.971617, 37.558972 ], [ 126.971624, 37.558978 ], [ 126.971677, 37.559021 ], [ 126.971802, 37.559122 ], [ 126.971813, 37.55913 ], [ 126.97186, 37.559159 ], [ 126.971948, 37.559213 ], [ 126.971955, 37.559217 ], [ 126.971968, 37.55924 ], [ 126.971975, 37.559251 ], [ 126.972035, 37.559303 ], [ 126.972101, 37.559361 ], [ 126.972172, 37.559421 ], [ 126.972192, 37.559438 ], [ 126.972196, 37.559442 ], [ 126.972232, 37.559472 ], [ 126.972266, 37.559502 ], [ 126.972289, 37.559524 ], [ 126.972293, 37.559529 ], [ 126.972303, 37.559537 ], [ 126.972443, 37.55957 ], [ 126.972487, 37.559561 ], [ 126.972493, 37.559562 ], [ 126.972518, 37.559567 ], [ 126.972566, 37.559569 ], [ 126.972624, 37.559574 ], [ 126.972708, 37.559578 ], [ 126.972927, 37.559595 ], [ 126.973054, 37.559605 ], [ 126.973061, 37.559606 ], [ 126.973206, 37.559617 ], [ 126.973266, 37.559621 ], [ 126.973327, 37.559626 ], [ 126.973371, 37.559629 ], [ 126.973396, 37.559632 ], [ 126.973463, 37.559636 ], [ 126.973527, 37.559642 ], [ 126.973537, 37.559643 ], [ 126.973592, 37.559647 ], [ 126.973682, 37.559654 ], [ 126.973736, 37.559659 ], [ 126.973739, 37.55966 ], [ 126.97376, 37.559661 ], [ 126.973861, 37.559669 ], [ 126.973943, 37.559676 ], [ 126.974056, 37.559686 ], [ 126.974063, 37.559675 ], [ 126.974098, 37.559622 ], [ 126.974122, 37.559588 ], [ 126.974175, 37.559511 ], [ 126.974498, 37.559624 ], [ 126.974578, 37.559657 ], [ 126.974572, 37.559668 ], [ 126.974644, 37.559701 ], [ 126.974715, 37.559701 ], [ 126.974786, 37.559657 ], [ 126.974812, 37.559641 ], [ 126.974818, 37.559644 ], [ 126.974827, 37.559644 ], [ 126.97493, 37.559644 ], [ 126.975323, 37.559641 ], [ 126.975323, 37.559573 ], [ 126.975368, 37.559587 ], [ 126.975398, 37.559528 ], [ 126.975407, 37.559529 ], [ 126.975434, 37.559473 ], [ 126.975582, 37.559473 ], [ 126.975604, 37.559485 ], [ 126.975683, 37.559287 ], [ 126.975767, 37.559076 ], [ 126.9758, 37.558995 ], [ 126.97582, 37.558943 ], [ 126.97591, 37.558718 ], [ 126.975933, 37.558661 ], [ 126.975934, 37.558659 ], [ 126.976004, 37.558493 ], [ 126.976013, 37.558473 ], [ 126.976016, 37.558465 ], [ 126.976028, 37.558437 ], [ 126.976043, 37.558402 ], [ 126.976076, 37.558322 ], [ 126.976101, 37.558265 ], [ 126.976126, 37.558204 ], [ 126.976217, 37.557931 ], [ 126.97622, 37.557919 ], [ 126.976277, 37.557747 ], [ 126.976337, 37.557422 ], [ 126.976405, 37.557054 ], [ 126.976409, 37.557033 ], [ 126.97641, 37.557028 ], [ 126.976445, 37.556825 ], [ 126.976533, 37.556636 ], [ 126.976541, 37.556611 ], [ 126.976637, 37.556479 ], [ 126.976682, 37.556418 ], [ 126.976707, 37.556385 ], [ 126.97672, 37.556367 ], [ 126.976743, 37.556328 ], [ 126.976785, 37.556259 ], [ 126.976795, 37.556242 ], [ 126.97683, 37.556184 ], [ 126.976852, 37.556148 ], [ 126.976857, 37.556066 ], [ 126.976858, 37.55605 ], [ 126.976832, 37.555967 ], [ 126.976789, 37.555829 ], [ 126.976608, 37.555464 ], [ 126.976548, 37.555219 ], [ 126.976523, 37.554651 ], [ 126.976505, 37.554221 ], [ 126.976504, 37.554213 ], [ 126.976503, 37.554198 ], [ 126.976503, 37.554177 ], [ 126.9765, 37.554066 ], [ 126.976456, 37.553517 ], [ 126.976456, 37.553517 ], [ 126.976456, 37.553511 ], [ 126.976434, 37.55323 ], [ 126.976432, 37.553163 ], [ 126.976429, 37.553089 ], [ 126.976429, 37.553087 ], [ 126.976426, 37.553089 ], [ 126.9764, 37.553102 ], [ 126.976346, 37.553129 ], [ 126.976014, 37.553296 ], [ 126.975902, 37.553353 ], [ 126.975832, 37.553388 ], [ 126.97583, 37.553389 ], [ 126.975348, 37.553441 ], [ 126.97447, 37.553535 ], [ 126.974351, 37.553548 ], [ 126.974347, 37.553549 ], [ 126.97433, 37.553559 ], [ 126.973354, 37.554114 ], [ 126.973339, 37.554123 ], [ 126.973114, 37.554251 ], [ 126.973105, 37.554256 ], [ 126.97309, 37.554262 ], [ 126.972979, 37.554302 ], [ 126.972948, 37.554344 ], [ 126.972947, 37.554345 ], [ 126.97281, 37.554424 ], [ 126.972413, 37.55465 ] ] ] } },
{ "type": "Feature", "properties": { "name": "선릉역", "area_code": "POI034", "category": "인구밀집지역" }, "geometry": { "type": "Polygon", "coordinates": [ [ [ 127.052967, 37.508526 ], [ 127.053676, 37.508776 ], [ 127.054195, 37.507716 ], [ 127.055629, 37.508299 ], [ 127.05725, 37.505305 ], [ 127.056422, 37.505067 ], [ 127.0558, 37.504835 ], [ 127.056067, 37.504295 ], [ 127.051821, 37.502854 ], [ 127.052325, 37.501818 ], [ 127.050631, 37.501267 ], [ 127.049868, 37.502968 ], [ 127.048868, 37.502648 ], [ 127.047608, 37.502937 ], [ 127.04489, 37.502217 ], [ 127.04467, 37.502593 ], [ 127.043228, 37.50213 ], [ 127.041813, 37.505186 ], [ 127.045018, 37.50462 ], [ 127.04531, 37.505567 ], [ 127.045176, 37.505636 ], [ 127.045507, 37.50605 ], [ 127.046711, 37.50536 ], [ 127.046869, 37.505479 ], [ 127.047247, 37.505221 ], [ 127.047901, 37.505491 ], [ 127.047673, 37.505893 ], [ 127.046815, 37.506382 ], [ 127.047319, 37.50701 ], [ 127.046925, 37.507305 ], [ 127.046358, 37.507619 ], [ 127.045555, 37.508071 ], [ 127.045004, 37.508498 ], [ 127.04439, 37.509251 ], [ 127.046061, 37.510003 ], [ 127.050094, 37.511181 ], [ 127.051952, 37.509386 ], [ 127.052967, 37.508526 ] ] ] } },
{ "type": "Feature", "properties": { "name": "성신여대입구역", "area_code": "POI035", "category": "인구밀집지역" }, "geometry": { "type": "Polygon", "coordinates": [ [ [ 127.016624, 37.594603 ], [ 127.016653, 37.594584 ], [ 127.016645, 37.594578 ], [ 127.017234, 37.594176 ], [ 127.017232, 37.594175 ], [ 127.017735, 37.593803 ], [ 127.017735, 37.593804 ], [ 127.018431, 37.593307 ], [ 127.018436, 37.593311 ], [ 127.018941, 37.592561 ], [ 127.0188, 37.591829 ], [ 127.018627, 37.591639 ], [ 127.01867, 37.591415 ], [ 127.018865, 37.591036 ], [ 127.016948, 37.590482 ], [ 127.016946, 37.590488 ], [ 127.01681, 37.590444 ], [ 127.016028, 37.590955 ], [ 127.015503, 37.591164 ], [ 127.015195, 37.591264 ], [ 127.014957, 37.592245 ], [ 127.014937, 37.592338 ], [ 127.014934, 37.59234 ], [ 127.014863, 37.592377 ], [ 127.014849, 37.592376 ], [ 127.014663, 37.592459 ], [ 127.014881, 37.592959 ], [ 127.014882, 37.592959 ], [ 127.015112, 37.593428 ], [ 127.015528, 37.593767 ], [ 127.016624, 37.594603 ] ] ] } },
{ "type": "Feature", "properties": { "name": "수유역", "area_code": "POI036", "category": "인구밀집지역" }, "geometry": { "type": "Polygon", "coordinates": [ [ [ 127.022677, 37.643627 ], [ 127.023795, 37.644936 ], [ 127.024016, 37.644748 ], [ 127.024687, 37.645144 ], [ 127.024629, 37.645229 ], [ 127.024883, 37.645482 ], [ 127.025447, 37.64517 ], [ 127.025459, 37.645167 ], [ 127.025584, 37.64531 ], [ 127.025726, 37.645489 ], [ 127.0258, 37.645559 ], [ 127.025946, 37.645696 ], [ 127.026159, 37.645602 ], [ 127.026301, 37.645538 ], [ 127.026622, 37.645392 ], [ 127.026677, 37.645368 ], [ 127.026952, 37.645245 ], [ 127.027086, 37.645183 ], [ 127.027089, 37.645182 ], [ 127.027319, 37.645077 ], [ 127.027362, 37.645057 ], [ 127.027555, 37.644965 ], [ 127.027611, 37.644929 ], [ 127.027671, 37.644891 ], [ 127.027695, 37.644876 ], [ 127.027765, 37.644831 ], [ 127.027846, 37.64478 ], [ 127.027932, 37.644727 ], [ 127.027939, 37.644722 ], [ 127.027977, 37.644698 ], [ 127.027997, 37.644685 ], [ 127.028035, 37.64466 ], [ 127.028146, 37.64459 ], [ 127.028162, 37.64458 ], [ 127.028274, 37.644509 ], [ 127.028288, 37.6445 ], [ 127.028301, 37.644491 ], [ 127.028418, 37.644417 ], [ 127.028488, 37.644372 ], [ 127.028557, 37.644328 ], [ 127.028572, 37.644319 ], [ 127.028576, 37.644317 ], [ 127.028581, 37.644313 ], [ 127.028597, 37.644303 ], [ 127.028645, 37.644273 ], [ 127.028746, 37.644209 ], [ 127.028789, 37.644181 ], [ 127.028814, 37.644165 ], [ 127.028898, 37.64411 ], [ 127.029114, 37.64397 ], [ 127.029148, 37.643948 ], [ 127.029162, 37.64394 ], [ 127.029486, 37.643735 ], [ 127.029755, 37.643565 ], [ 127.030109, 37.643341 ], [ 127.030311, 37.643213 ], [ 127.030722, 37.642952 ], [ 127.030829, 37.642885 ], [ 127.030853, 37.64287 ], [ 127.030855, 37.642869 ], [ 127.030849, 37.642864 ], [ 127.030838, 37.642854 ], [ 127.030735, 37.642758 ], [ 127.030639, 37.642668 ], [ 127.030623, 37.642653 ], [ 127.030609, 37.642641 ], [ 127.030434, 37.642477 ], [ 127.030411, 37.642456 ], [ 127.030385, 37.642432 ], [ 127.030311, 37.642363 ], [ 127.02998, 37.642053 ], [ 127.029974, 37.642047 ], [ 127.029877, 37.641956 ], [ 127.029627, 37.641721 ], [ 127.029403, 37.641511 ], [ 127.029394, 37.641503 ], [ 127.029365, 37.641476 ], [ 127.029148, 37.641273 ], [ 127.029113, 37.64124 ], [ 127.029088, 37.641221 ], [ 127.029004, 37.641143 ], [ 127.028892, 37.641037 ], [ 127.028833, 37.640982 ], [ 127.028811, 37.640962 ], [ 127.028771, 37.640925 ], [ 127.028686, 37.640846 ], [ 127.028662, 37.640824 ], [ 127.028614, 37.640778 ], [ 127.028603, 37.640768 ], [ 127.028523, 37.640693 ], [ 127.028496, 37.640668 ], [ 127.028477, 37.640651 ], [ 127.028431, 37.640608 ], [ 127.028425, 37.640602 ], [ 127.028383, 37.640561 ], [ 127.028355, 37.640535 ], [ 127.02835, 37.64053 ], [ 127.028342, 37.640523 ], [ 127.028284, 37.640468 ], [ 127.028097, 37.640295 ], [ 127.027965, 37.640172 ], [ 127.027952, 37.64016 ], [ 127.028755, 37.639577 ], [ 127.028297, 37.639143 ], [ 127.028156, 37.639045 ], [ 127.02752, 37.638642 ], [ 127.02682, 37.639107 ], [ 127.026805, 37.639093 ], [ 127.026688, 37.638984 ], [ 127.026609, 37.63891 ], [ 127.026532, 37.638838 ], [ 127.026491, 37.6388 ], [ 127.026481, 37.63879 ], [ 127.026452, 37.63876 ], [ 127.026279, 37.638598 ], [ 127.025973, 37.638313 ], [ 127.025618, 37.637981 ], [ 127.025607, 37.637971 ], [ 127.02535, 37.637731 ], [ 127.025071, 37.637471 ], [ 127.024889, 37.637301 ], [ 127.024703, 37.637128 ], [ 127.024584, 37.637018 ], [ 127.02452, 37.636958 ], [ 127.024441, 37.636884 ], [ 127.02439, 37.636836 ], [ 127.024291, 37.636743 ], [ 127.024188, 37.636647 ], [ 127.024101, 37.636565 ], [ 127.023991, 37.636463 ], [ 127.023931, 37.636406 ], [ 127.023822, 37.636305 ], [ 127.023704, 37.636194 ], [ 127.023679, 37.63617 ], [ 127.023644, 37.636138 ], [ 127.02362, 37.636115 ], [ 127.023586, 37.636093 ], [ 127.023569, 37.636083 ], [ 127.023504, 37.636041 ], [ 127.023446, 37.636004 ], [ 127.023282, 37.635899 ], [ 127.023205, 37.635915 ], [ 127.023197, 37.636014 ], [ 127.023185, 37.636148 ], [ 127.023103, 37.636116 ], [ 127.023099, 37.636032 ], [ 127.023048, 37.636029 ], [ 127.023028, 37.63623 ], [ 127.023023, 37.636247 ], [ 127.022991, 37.636583 ], [ 127.022922, 37.637259 ], [ 127.022895, 37.637518 ], [ 127.022871, 37.637742 ], [ 127.02287, 37.637743 ], [ 127.022864, 37.637789 ], [ 127.022855, 37.63787 ], [ 127.02283, 37.638094 ], [ 127.022813, 37.63825 ], [ 127.022766, 37.638671 ], [ 127.022726, 37.639029 ], [ 127.022725, 37.639036 ], [ 127.022724, 37.639047 ], [ 127.022668, 37.639555 ], [ 127.022662, 37.639609 ], [ 127.02265, 37.639715 ], [ 127.02264, 37.639801 ], [ 127.022598, 37.640184 ], [ 127.022557, 37.64055 ], [ 127.02254, 37.640708 ], [ 127.022464, 37.64139 ], [ 127.022432, 37.641672 ], [ 127.022432, 37.641673 ], [ 127.022399, 37.641973 ], [ 127.022379, 37.642151 ], [ 127.022335, 37.642544 ], [ 127.022205, 37.642664 ], [ 127.022123, 37.64324 ], [ 127.022567, 37.643662 ], [ 127.022677, 37.643627 ] ] ] } },
{ "type": "Feature", "properties": { "name": "신논현역·논현역", "area_code": "POI037", "category": "인구밀집지역" }, "geometry": { "type": "Polygon", "coordinates": [ [ [ 127.021058, 37.511022 ], [ 127.022825, 37.511506 ], [ 127.024377, 37.508179 ], [ 127.025469, 37.508457 ], [ 127.026503, 37.506251 ], [ 127.026008, 37.50609 ], [ 127.02648, 37.505059 ], [ 127.024229, 37.504423 ], [ 127.022277, 37.508456 ], [ 127.021881, 37.50836 ], [ 127.021796, 37.508406 ], [ 127.020986, 37.508157 ], [ 127.02081, 37.508594 ], [ 127.019827, 37.510677 ], [ 127.021054, 37.51103 ], [ 127.021058, 37.511022 ] ] ] } },
{ "type": "Feature", "properties": { "name": "신도림역", "area_code": "POI038", "category": "인구밀집지역" }, "geometry": { "type": "Polygon", "coordinates": [ [ [ 126.892284, 37.509064 ], [ 126.892283, 37.509064 ], [ 126.892117, 37.508993 ], [ 126.891604, 37.508775 ], [ 126.891457, 37.508706 ], [ 126.891403, 37.50868 ], [ 126.891028, 37.508507 ], [ 126.890937, 37.508464 ], [ 126.890389, 37.508206 ], [ 126.890221, 37.508102 ], [ 126.889408, 37.507597 ], [ 126.889275, 37.507722 ], [ 126.888966, 37.508035 ], [ 126.888587, 37.508416 ], [ 126.888378, 37.508409 ], [ 126.887921, 37.508859 ], [ 126.88861, 37.509308 ], [ 126.889187, 37.50961 ], [ 126.889354, 37.50969 ], [ 126.889996, 37.509999 ], [ 126.890362, 37.510175 ], [ 126.890403, 37.510196 ], [ 126.890564, 37.510277 ], [ 126.890755, 37.510373 ], [ 126.890897, 37.510445 ], [ 126.891006, 37.51036 ], [ 126.891023, 37.510345 ], [ 126.891062, 37.510311 ], [ 126.891102, 37.510314 ], [ 126.891272, 37.510333 ], [ 126.891417, 37.510349 ], [ 126.891445, 37.510352 ], [ 126.891664, 37.510284 ], [ 126.891692, 37.510258 ], [ 126.891853, 37.510099 ], [ 126.891864, 37.510083 ], [ 126.891943, 37.509918 ], [ 126.891995, 37.509799 ], [ 126.891995, 37.509798 ], [ 126.892055, 37.509526 ], [ 126.892073, 37.509443 ], [ 126.892075, 37.509438 ], [ 126.892105, 37.509303 ], [ 126.892144, 37.509269 ], [ 126.892332, 37.509096 ], [ 126.89234, 37.509089 ], [ 126.892284, 37.509064 ] ] ] } },
{ "type": "Feature", "properties": { "name": "신림역", "area_code": "POI039", "category": "인구밀집지역" }, "geometry": { "type": "Polygon", "coordinates": [ [ [ 126.92767, 37.484183 ], [ 126.927189, 37.484854 ], [ 126.927748, 37.484967 ], [ 126.927131, 37.487213 ], [ 126.928423, 37.487446 ], [ 126.929517, 37.487741 ], [ 126.930099, 37.487742 ], [ 126.930549, 37.486638 ], [ 126.930881, 37.48549 ], [ 126.932282, 37.485754 ], [ 126.932385, 37.485252 ], [ 126.933432, 37.485378 ], [ 126.933433, 37.484895 ], [ 126.930382, 37.484511 ], [ 126.930469, 37.484175 ], [ 126.930843, 37.483893 ], [ 126.931292, 37.483812 ], [ 126.931198, 37.483382 ], [ 126.931187, 37.482437 ], [ 126.930856, 37.482456 ], [ 126.930628, 37.482192 ], [ 126.929746, 37.48248 ], [ 126.929834, 37.481577 ], [ 126.929928, 37.48115 ], [ 126.929936, 37.481069 ], [ 126.929968, 37.480993 ], [ 126.929755, 37.480874 ], [ 126.92918, 37.481526 ], [ 126.928731, 37.481921 ], [ 126.927462, 37.482855 ], [ 126.926044, 37.48399 ], [ 126.92767, 37.484183 ] ] ] } },
{ "type": "Feature", "properties": { "name": "신촌·이대역", "area_code": "POI040", "category": "인구밀집지역" }, "geometry": { "type": "Polygon", "coordinates": [ [ [ 126.936862, 37.555101 ], [ 126.936862, 37.555101 ], [ 126.936621, 37.554885 ], [ 126.936411, 37.554697 ], [ 126.936126, 37.554529 ], [ 126.936085, 37.554505 ], [ 126.936053, 37.554485 ], [ 126.935954, 37.554427 ], [ 126.935788, 37.554328 ], [ 126.935715, 37.554285 ], [ 126.93571, 37.554282 ], [ 126.935322, 37.554051 ], [ 126.935228, 37.553997 ], [ 126.935199, 37.55398 ], [ 126.935194, 37.553977 ], [ 126.93517, 37.553963 ], [ 126.93517, 37.553962 ], [ 126.93517, 37.553962 ], [ 126.935051, 37.553895 ], [ 126.934943, 37.553831 ], [ 126.934929, 37.553824 ], [ 126.934794, 37.553747 ], [ 126.93469, 37.553683 ], [ 126.934593, 37.553623 ], [ 126.934593, 37.553622 ], [ 126.934582, 37.553615 ], [ 126.934509, 37.553568 ], [ 126.934468, 37.553538 ], [ 126.934413, 37.553497 ], [ 126.934403, 37.553489 ], [ 126.934385, 37.553475 ], [ 126.934374, 37.553466 ], [ 126.934308, 37.553415 ], [ 126.934296, 37.553405 ], [ 126.934279, 37.55339 ], [ 126.934253, 37.553366 ], [ 126.934228, 37.553345 ], [ 126.934195, 37.553314 ], [ 126.934163, 37.553285 ], [ 126.934115, 37.553322 ], [ 126.934062, 37.553362 ], [ 126.934016, 37.553397 ], [ 126.933944, 37.553451 ], [ 126.933857, 37.553517 ], [ 126.933838, 37.553532 ], [ 126.933825, 37.553542 ], [ 126.933652, 37.553671 ], [ 126.933386, 37.553868 ], [ 126.933147, 37.554034 ], [ 126.933039, 37.554108 ], [ 126.932974, 37.554149 ], [ 126.932936, 37.554166 ], [ 126.932886, 37.554195 ], [ 126.932871, 37.554203 ], [ 126.932691, 37.554295 ], [ 126.932578, 37.554375 ], [ 126.932557, 37.55439 ], [ 126.932541, 37.554401 ], [ 126.93251, 37.554385 ], [ 126.932117, 37.554654 ], [ 126.932101, 37.554694 ], [ 126.932096, 37.554745 ], [ 126.932258, 37.554758 ], [ 126.93234, 37.554764 ], [ 126.932392, 37.554768 ], [ 126.932406, 37.554769 ], [ 126.932637, 37.55479 ], [ 126.932664, 37.554793 ], [ 126.932666, 37.554789 ], [ 126.932687, 37.55476 ], [ 126.932736, 37.554649 ], [ 126.932757, 37.554608 ], [ 126.932787, 37.554556 ], [ 126.932818, 37.554506 ], [ 126.932839, 37.554472 ], [ 126.932867, 37.554439 ], [ 126.932882, 37.554421 ], [ 126.932902, 37.55443 ], [ 126.933004, 37.554474 ], [ 126.933072, 37.554503 ], [ 126.933108, 37.554513 ], [ 126.93311, 37.554514 ], [ 126.933125, 37.554524 ], [ 126.933176, 37.554611 ], [ 126.933214, 37.554675 ], [ 126.933305, 37.554829 ], [ 126.933335, 37.554881 ], [ 126.933379, 37.554867 ], [ 126.93343, 37.554849 ], [ 126.933659, 37.554763 ], [ 126.933699, 37.554727 ], [ 126.93365, 37.554647 ], [ 126.933594, 37.55455 ], [ 126.933548, 37.554472 ], [ 126.933504, 37.554395 ], [ 126.933489, 37.554369 ], [ 126.933514, 37.554359 ], [ 126.93368, 37.554301 ], [ 126.933769, 37.554269 ], [ 126.934099, 37.554155 ], [ 126.934244, 37.554107 ], [ 126.934276, 37.554096 ], [ 126.934321, 37.554197 ], [ 126.93444, 37.554412 ], [ 126.93447, 37.554471 ], [ 126.934473, 37.554476 ], [ 126.934573, 37.554658 ], [ 126.934576, 37.554662 ], [ 126.934614, 37.554735 ], [ 126.934674, 37.554853 ], [ 126.934632, 37.554867 ], [ 126.934608, 37.554876 ], [ 126.934247, 37.555003 ], [ 126.93416, 37.555034 ], [ 126.934101, 37.555056 ], [ 126.934115, 37.555082 ], [ 126.934212, 37.555249 ], [ 126.934313, 37.555423 ], [ 126.934258, 37.555468 ], [ 126.934442, 37.5554 ], [ 126.934467, 37.555391 ], [ 126.934537, 37.555367 ], [ 126.934557, 37.555401 ], [ 126.934606, 37.555485 ], [ 126.934615, 37.5555 ], [ 126.934639, 37.555543 ], [ 126.934687, 37.555625 ], [ 126.934727, 37.555693 ], [ 126.934808, 37.55583 ], [ 126.934818, 37.555847 ], [ 126.934805, 37.555852 ], [ 126.934592, 37.555929 ], [ 126.934509, 37.555959 ], [ 126.934394, 37.556001 ], [ 126.934046, 37.556126 ], [ 126.934039, 37.556128 ], [ 126.933765, 37.556227 ], [ 126.933683, 37.556257 ], [ 126.933474, 37.556332 ], [ 126.933228, 37.556421 ], [ 126.933081, 37.556473 ], [ 126.932884, 37.556544 ], [ 126.93281, 37.556572 ], [ 126.932834, 37.556744 ], [ 126.932855, 37.556895 ], [ 126.932896, 37.557119 ], [ 126.933492, 37.556902 ], [ 126.933754, 37.55681 ], [ 126.933754, 37.55681 ], [ 126.933866, 37.556771 ], [ 126.934026, 37.556713 ], [ 126.934237, 37.557092 ], [ 126.934495, 37.556999 ], [ 126.934541, 37.556983 ], [ 126.934742, 37.557328 ], [ 126.934929, 37.557711 ], [ 126.934947, 37.557787 ], [ 126.934947, 37.558129 ], [ 126.934966, 37.558532 ], [ 126.934968, 37.558925 ], [ 126.934873, 37.558957 ], [ 126.934548, 37.559035 ], [ 126.934461, 37.559116 ], [ 126.934566, 37.559129 ], [ 126.934613, 37.559135 ], [ 126.935078, 37.559181 ], [ 126.935531, 37.559221 ], [ 126.93598, 37.559264 ], [ 126.936509, 37.559304 ], [ 126.936788, 37.559318 ], [ 126.936916, 37.559324 ], [ 126.936916, 37.559342 ], [ 126.936916, 37.559597 ], [ 126.936916, 37.559805 ], [ 126.936916, 37.560067 ], [ 126.939451, 37.560106 ], [ 126.94037, 37.560241 ], [ 126.940384, 37.559944 ], [ 126.94039, 37.559705 ], [ 126.9404, 37.559347 ], [ 126.940402, 37.559258 ], [ 126.940411, 37.559195 ], [ 126.940446, 37.559124 ], [ 126.940535, 37.559107 ], [ 126.940552, 37.559103 ], [ 126.940853, 37.559105 ], [ 126.9412, 37.559106 ], [ 126.941582, 37.559108 ], [ 126.942384, 37.559111 ], [ 126.942734, 37.559117 ], [ 126.943376, 37.559126 ], [ 126.943448, 37.559127 ], [ 126.94361, 37.559133 ], [ 126.943632, 37.559134 ], [ 126.943664, 37.558667 ], [ 126.943687, 37.558678 ], [ 126.943844, 37.558688 ], [ 126.943985, 37.558696 ], [ 126.944063, 37.558699 ], [ 126.94457, 37.558719 ], [ 126.944581, 37.558719 ], [ 126.944929, 37.558733 ], [ 126.944994, 37.558736 ], [ 126.945634, 37.558767 ], [ 126.945725, 37.558771 ], [ 126.945726, 37.558752 ], [ 126.945819, 37.558756 ], [ 126.946126, 37.558767 ], [ 126.946129, 37.558723 ], [ 126.946139, 37.558587 ], [ 126.946542, 37.558597 ], [ 126.946549, 37.558475 ], [ 126.946553, 37.558422 ], [ 126.946578, 37.558087 ], [ 126.9466, 37.557793 ], [ 126.94664, 37.557429 ], [ 126.946643, 37.557399 ], [ 126.946622, 37.557398 ], [ 126.946604, 37.557397 ], [ 126.94624, 37.557376 ], [ 126.946075, 37.557367 ], [ 126.945931, 37.557358 ], [ 126.945849, 37.557353 ], [ 126.94585, 37.557343 ], [ 126.945881, 37.556935 ], [ 126.945883, 37.556906 ], [ 126.945888, 37.55681 ], [ 126.945403, 37.556781 ], [ 126.945384, 37.55678 ], [ 126.945311, 37.556776 ], [ 126.944694, 37.556743 ], [ 126.94469, 37.556742 ], [ 126.944201, 37.556716 ], [ 126.943503, 37.556671 ], [ 126.943319, 37.556659 ], [ 126.942868, 37.556633 ], [ 126.942868, 37.556633 ], [ 126.942497, 37.556611 ], [ 126.942252, 37.556597 ], [ 126.942252, 37.556597 ], [ 126.941372, 37.556548 ], [ 126.941068, 37.556483 ], [ 126.941062, 37.556482 ], [ 126.941073, 37.556445 ], [ 126.94114, 37.556275 ], [ 126.941231, 37.556043 ], [ 126.941254, 37.555983 ], [ 126.941224, 37.555978 ], [ 126.941167, 37.555963 ], [ 126.941059, 37.555926 ], [ 126.940951, 37.555891 ], [ 126.94093, 37.555884 ], [ 126.940891, 37.55587 ], [ 126.940599, 37.555768 ], [ 126.940483, 37.55573 ], [ 126.940325, 37.555677 ], [ 126.940274, 37.555659 ], [ 126.940231, 37.555652 ], [ 126.94028, 37.555561 ], [ 126.940348, 37.555435 ], [ 126.940407, 37.555331 ], [ 126.940437, 37.555265 ], [ 126.940466, 37.555202 ], [ 126.940466, 37.5552 ], [ 126.940478, 37.555157 ], [ 126.940561, 37.555036 ], [ 126.940529, 37.555021 ], [ 126.940485, 37.554969 ], [ 126.940455, 37.554927 ], [ 126.94046, 37.5549 ], [ 126.940457, 37.554892 ], [ 126.940427, 37.554904 ], [ 126.940392, 37.554919 ], [ 126.940359, 37.554938 ], [ 126.94031, 37.554972 ], [ 126.940295, 37.554985 ], [ 126.940279, 37.554998 ], [ 126.940273, 37.555009 ], [ 126.940201, 37.555053 ], [ 126.940163, 37.555078 ], [ 126.940113, 37.555107 ], [ 126.940064, 37.555133 ], [ 126.940002, 37.555165 ], [ 126.939965, 37.555151 ], [ 126.939943, 37.555133 ], [ 126.939951, 37.555119 ], [ 126.939972, 37.555077 ], [ 126.939983, 37.555032 ], [ 126.939991, 37.55499 ], [ 126.940018, 37.554949 ], [ 126.940046, 37.554911 ], [ 126.940089, 37.554836 ], [ 126.940109, 37.554801 ], [ 126.940151, 37.554728 ], [ 126.940207, 37.554636 ], [ 126.940213, 37.554628 ], [ 126.94027, 37.55452 ], [ 126.94032, 37.554412 ], [ 126.940333, 37.554394 ], [ 126.940301, 37.554385 ], [ 126.939954, 37.554274 ], [ 126.939702, 37.554192 ], [ 126.939578, 37.554151 ], [ 126.939528, 37.554134 ], [ 126.939186, 37.55402 ], [ 126.939171, 37.554015 ], [ 126.939064, 37.55398 ], [ 126.939038, 37.553972 ], [ 126.938937, 37.55394 ], [ 126.938844, 37.553902 ], [ 126.938825, 37.553893 ], [ 126.938706, 37.55385 ], [ 126.938661, 37.553839 ], [ 126.938574, 37.553818 ], [ 126.93852, 37.553789 ], [ 126.938317, 37.553686 ], [ 126.938255, 37.553654 ], [ 126.93809, 37.55357 ], [ 126.93787, 37.553463 ], [ 126.937795, 37.553427 ], [ 126.937767, 37.553413 ], [ 126.937693, 37.553379 ], [ 126.937675, 37.55337 ], [ 126.93759, 37.553329 ], [ 126.937401, 37.553237 ], [ 126.937322, 37.553196 ], [ 126.937171, 37.553186 ], [ 126.937125, 37.553453 ], [ 126.937124, 37.553457 ], [ 126.937117, 37.553508 ], [ 126.937106, 37.553589 ], [ 126.937068, 37.553811 ], [ 126.937053, 37.553902 ], [ 126.937017, 37.554112 ], [ 126.937003, 37.554196 ], [ 126.93699, 37.554268 ], [ 126.936985, 37.554296 ], [ 126.936932, 37.554561 ], [ 126.936925, 37.554593 ], [ 126.936875, 37.55504 ], [ 126.936868, 37.555103 ], [ 126.936862, 37.555101 ] ] ] } },
{ "type": "Feature", "properties": { "name": "양재역", "area_code": "POI041", "category": "인구밀집지역" }, "geometry": { "type": "Polygon", "coordinates": [ [ [ 127.035234, 37.481837 ], [ 127.03506, 37.482023 ], [ 127.034984, 37.482083 ], [ 127.034815, 37.482235 ], [ 127.034675, 37.482382 ], [ 127.034614, 37.482512 ], [ 127.034534, 37.48267 ], [ 127.034441, 37.482803 ], [ 127.034441, 37.482803 ], [ 127.034411, 37.482823 ], [ 127.034046, 37.483069 ], [ 127.033666, 37.483835 ], [ 127.033611, 37.48416 ], [ 127.033561, 37.48441 ], [ 127.032243, 37.484257 ], [ 127.032206, 37.484253 ], [ 127.029829, 37.483978 ], [ 127.029375, 37.486158 ], [ 127.031584, 37.485499 ], [ 127.030766, 37.487322 ], [ 127.032473, 37.487845 ], [ 127.032367, 37.488028 ], [ 127.034011, 37.488458 ], [ 127.034433, 37.488519 ], [ 127.034865, 37.488113 ], [ 127.035136, 37.487631 ], [ 127.035203, 37.487462 ], [ 127.035239, 37.487393 ], [ 127.036065, 37.486452 ], [ 127.036103, 37.486408 ], [ 127.036333, 37.486534 ], [ 127.03669, 37.486073 ], [ 127.036742, 37.486006 ], [ 127.036887, 37.485863 ], [ 127.037282, 37.485708 ], [ 127.037363, 37.485656 ], [ 127.037503, 37.485492 ], [ 127.037321, 37.48502 ], [ 127.037342, 37.484996 ], [ 127.037478, 37.484841 ], [ 127.037487, 37.484842 ], [ 127.037488, 37.484836 ], [ 127.037491, 37.484822 ], [ 127.037597, 37.484681 ], [ 127.037679, 37.484517 ], [ 127.037723, 37.484458 ], [ 127.037743, 37.484433 ], [ 127.037847, 37.484171 ], [ 127.037895, 37.484051 ], [ 127.038051, 37.483657 ], [ 127.038052, 37.483653 ], [ 127.038011, 37.483635 ], [ 127.037486, 37.483413 ], [ 127.037469, 37.483405 ], [ 127.036723, 37.483065 ], [ 127.036228, 37.482748 ], [ 127.03622, 37.482743 ], [ 127.036026, 37.482616 ], [ 127.036009, 37.482604 ], [ 127.036232, 37.482396 ], [ 127.036245, 37.482384 ], [ 127.035333, 37.481821 ], [ 127.035234, 37.481837 ] ] ] } },
{ "type": "Feature", "properties": { "name": "역삼역", "area_code": "POI042", "category": "인구밀집지역" }, "geometry": { "type": "Polygon", "coordinates": [ [ [ 127.033195, 37.501518 ], [ 127.033573, 37.501844 ], [ 127.035227, 37.502371 ], [ 127.035479, 37.501969 ], [ 127.040551, 37.503549 ], [ 127.04115, 37.503925 ], [ 127.041796, 37.5041 ], [ 127.044439, 37.498578 ], [ 127.043336, 37.497951 ], [ 127.041621, 37.500951 ], [ 127.038943, 37.500161 ], [ 127.039714, 37.498316 ], [ 127.037792, 37.497702 ], [ 127.036768, 37.497551 ], [ 127.036327, 37.49646 ], [ 127.034752, 37.496862 ], [ 127.033697, 37.499108 ], [ 127.033067, 37.49892 ], [ 127.032894, 37.499297 ], [ 127.033965, 37.499698 ], [ 127.033195, 37.501518 ] ] ] } },
{ "type": "Feature", "properties": { "name": "연신내역", "area_code": "POI043", "category": "인구밀집지역" }, "geometry": { "type": "Polygon", "coordinates": [ [ [ 126.918667, 37.619116 ], [ 126.918584, 37.619153 ], [ 126.918583, 37.619153 ], [ 126.918581, 37.619154 ], [ 126.918517, 37.619181 ], [ 126.918508, 37.619185 ], [ 126.918507, 37.619186 ], [ 126.918207, 37.619315 ], [ 126.918055, 37.619377 ], [ 126.918052, 37.619379 ], [ 126.918044, 37.619382 ], [ 126.918042, 37.619383 ], [ 126.917969, 37.619413 ], [ 126.917968, 37.619413 ], [ 126.917941, 37.61957 ], [ 126.917877, 37.619938 ], [ 126.9184, 37.62001 ], [ 126.918312, 37.620428 ], [ 126.918497, 37.620457 ], [ 126.918523, 37.620461 ], [ 126.918432, 37.620875 ], [ 126.918656, 37.620905 ], [ 126.918968, 37.62095 ], [ 126.919049, 37.620534 ], [ 126.919237, 37.620557 ], [ 126.919291, 37.620564 ], [ 126.919316, 37.620462 ], [ 126.919327, 37.620388 ], [ 126.91935, 37.620274 ], [ 126.919378, 37.620183 ], [ 126.919396, 37.620124 ], [ 126.919405, 37.620094 ], [ 126.919477, 37.619932 ], [ 126.919616, 37.619701 ], [ 126.920298, 37.620075 ], [ 126.920305, 37.620067 ], [ 126.9204, 37.619903 ], [ 126.920423, 37.619854 ], [ 126.920528, 37.619883 ], [ 126.9207, 37.619924 ], [ 126.920672, 37.619941 ], [ 126.920562, 37.620123 ], [ 126.920539, 37.620194 ], [ 126.920555, 37.620211 ], [ 126.920572, 37.620229 ], [ 126.920611, 37.620344 ], [ 126.920612, 37.620459 ], [ 126.920612, 37.620474 ], [ 126.920582, 37.620644 ], [ 126.920565, 37.620704 ], [ 126.920882, 37.620757 ], [ 126.920795, 37.620854 ], [ 126.9208, 37.620874 ], [ 126.920812, 37.620874 ], [ 126.920843, 37.620877 ], [ 126.920953, 37.620904 ], [ 126.921161, 37.620957 ], [ 126.921437, 37.62103 ], [ 126.921446, 37.621038 ], [ 126.921532, 37.620841 ], [ 126.92158, 37.62085 ], [ 126.921603, 37.620754 ], [ 126.92163, 37.62073 ], [ 126.921676, 37.620575 ], [ 126.921695, 37.620516 ], [ 126.921709, 37.620472 ], [ 126.92177, 37.620343 ], [ 126.921825, 37.620241 ], [ 126.921849, 37.620185 ], [ 126.921893, 37.620096 ], [ 126.921705, 37.620022 ], [ 126.921778, 37.619919 ], [ 126.921996, 37.619613 ], [ 126.9223, 37.619185 ], [ 126.922307, 37.619173 ], [ 126.92231, 37.619174 ], [ 126.922311, 37.619174 ], [ 126.922312, 37.619176 ], [ 126.922339, 37.619205 ], [ 126.922484, 37.619364 ], [ 126.922537, 37.619421 ], [ 126.922655, 37.61955 ], [ 126.922659, 37.619555 ], [ 126.922662, 37.619557 ], [ 126.92269, 37.619588 ], [ 126.922902, 37.61978 ], [ 126.922917, 37.619793 ], [ 126.922928, 37.619803 ], [ 126.922938, 37.619796 ], [ 126.923062, 37.619701 ], [ 126.923168, 37.619646 ], [ 126.923264, 37.619582 ], [ 126.923379, 37.619495 ], [ 126.923384, 37.619491 ], [ 126.924027, 37.61979 ], [ 126.923947, 37.6199 ], [ 126.923965, 37.619908 ], [ 126.924059, 37.619956 ], [ 126.924184, 37.62002 ], [ 126.92425, 37.620053 ], [ 126.924351, 37.620103 ], [ 126.92443, 37.620005 ], [ 126.92442, 37.619987 ], [ 126.924528, 37.619732 ], [ 126.924223, 37.619582 ], [ 126.923865, 37.619402 ], [ 126.92377, 37.619355 ], [ 126.923739, 37.61931 ], [ 126.923767, 37.6193 ], [ 126.923787, 37.619289 ], [ 126.923825, 37.619281 ], [ 126.923894, 37.619278 ], [ 126.923943, 37.619276 ], [ 126.924048, 37.619272 ], [ 126.92409, 37.619271 ], [ 126.924134, 37.61927 ], [ 126.924386, 37.619267 ], [ 126.924361, 37.61912 ], [ 126.924351, 37.619077 ], [ 126.924404, 37.619095 ], [ 126.924498, 37.619152 ], [ 126.924613, 37.619212 ], [ 126.924742, 37.619281 ], [ 126.924845, 37.619335 ], [ 126.924865, 37.619348 ], [ 126.924973, 37.619408 ], [ 126.925011, 37.619426 ], [ 126.925018, 37.619559 ], [ 126.924961, 37.619575 ], [ 126.92492, 37.619599 ], [ 126.924846, 37.619662 ], [ 126.92486, 37.619674 ], [ 126.924947, 37.61975 ], [ 126.924979, 37.619766 ], [ 126.924996, 37.619779 ], [ 126.925044, 37.619819 ], [ 126.92506, 37.619831 ], [ 126.925081, 37.619819 ], [ 126.925216, 37.619724 ], [ 126.925325, 37.619777 ], [ 126.925375, 37.619769 ], [ 126.925435, 37.6197 ], [ 126.925393, 37.619559 ], [ 126.925398, 37.619482 ], [ 126.925432, 37.619428 ], [ 126.925494, 37.619355 ], [ 126.925418, 37.619322 ], [ 126.925399, 37.619311 ], [ 126.92488, 37.619022 ], [ 126.924682, 37.618912 ], [ 126.924667, 37.618904 ], [ 126.924588, 37.618873 ], [ 126.924344, 37.618777 ], [ 126.924326, 37.618768 ], [ 126.924293, 37.618753 ], [ 126.924109, 37.618622 ], [ 126.923997, 37.618499 ], [ 126.923864, 37.618333 ], [ 126.923791, 37.618118 ], [ 126.923705, 37.618199 ], [ 126.923617, 37.618277 ], [ 126.923592, 37.618302 ], [ 126.923546, 37.618365 ], [ 126.923508, 37.618413 ], [ 126.923428, 37.618435 ], [ 126.923303, 37.618445 ], [ 126.923199, 37.618445 ], [ 126.923168, 37.618443 ], [ 126.92288, 37.618459 ], [ 126.922667, 37.618483 ], [ 126.922533, 37.618483 ], [ 126.922389, 37.618455 ], [ 126.922185, 37.61836 ], [ 126.9219, 37.618208 ], [ 126.921842, 37.618172 ], [ 126.921901, 37.618093 ], [ 126.922039, 37.617922 ], [ 126.922094, 37.617856 ], [ 126.922227, 37.617695 ], [ 126.922264, 37.617653 ], [ 126.922422, 37.617477 ], [ 126.922481, 37.617411 ], [ 126.922335, 37.617301 ], [ 126.922256, 37.617249 ], [ 126.921958, 37.617061 ], [ 126.921777, 37.617166 ], [ 126.92199, 37.617369 ], [ 126.922063, 37.617321 ], [ 126.922107, 37.617302 ], [ 126.922187, 37.617386 ], [ 126.922068, 37.617461 ], [ 126.921974, 37.61738 ], [ 126.92191, 37.617422 ], [ 126.921886, 37.617431 ], [ 126.921868, 37.617437 ], [ 126.921849, 37.617437 ], [ 126.921823, 37.617421 ], [ 126.921748, 37.617443 ], [ 126.921687, 37.617471 ], [ 126.921589, 37.617602 ], [ 126.921399, 37.6175 ], [ 126.921171, 37.617369 ], [ 126.921295, 37.617234 ], [ 126.92103, 37.617072 ], [ 126.920683, 37.616857 ], [ 126.920583, 37.616938 ], [ 126.92054, 37.616967 ], [ 126.920337, 37.616666 ], [ 126.9203, 37.61661 ], [ 126.92022, 37.616494 ], [ 126.919904, 37.616031 ], [ 126.919877, 37.616049 ], [ 126.919523, 37.616206 ], [ 126.919462, 37.616229 ], [ 126.919454, 37.616232 ], [ 126.919195, 37.61633 ], [ 126.919018, 37.616404 ], [ 126.918871, 37.616466 ], [ 126.918809, 37.616371 ], [ 126.918781, 37.616382 ], [ 126.918618, 37.616449 ], [ 126.917972, 37.616713 ], [ 126.918018, 37.616778 ], [ 126.918028, 37.616793 ], [ 126.918416, 37.617371 ], [ 126.918547, 37.617573 ], [ 126.918665, 37.617753 ], [ 126.918416, 37.61786 ], [ 126.918251, 37.617931 ], [ 126.91856, 37.618389 ], [ 126.918573, 37.618415 ], [ 126.918628, 37.618501 ], [ 126.918956, 37.618975 ], [ 126.918964, 37.618988 ], [ 126.91896, 37.61899 ], [ 126.918667, 37.619116 ] ] ] } },
{ "type": "Feature", "properties": { "name": "오목교역·목동운동장", "area_code": "POI044", "category": "인구밀집지역" }, "geometry": { "type": "Polygon", "coordinates": [ [ [ 126.885475, 37.532452 ], [ 126.885803, 37.53249 ], [ 126.886828, 37.532281 ], [ 126.886989, 37.532025 ], [ 126.886543, 37.531146 ], [ 126.886101, 37.530276 ], [ 126.885745, 37.529942 ], [ 126.883777, 37.52914 ], [ 126.881043, 37.529073 ], [ 126.88036, 37.528624 ], [ 126.877912, 37.525515 ], [ 126.878248, 37.524144 ], [ 126.878366, 37.522138 ], [ 126.877245, 37.522286 ], [ 126.874657, 37.522623 ], [ 126.869315, 37.523362 ], [ 126.870827, 37.530631 ], [ 126.875015, 37.531196 ], [ 126.875023, 37.531226 ], [ 126.875023, 37.531227 ], [ 126.875068, 37.531397 ], [ 126.875146, 37.531748 ], [ 126.875285, 37.532368 ], [ 126.8754, 37.532881 ], [ 126.875403, 37.532894 ], [ 126.875404, 37.532898 ], [ 126.875613, 37.533897 ], [ 126.875629, 37.533973 ], [ 126.875762, 37.534433 ], [ 126.875882, 37.534725 ], [ 126.87614, 37.535133 ], [ 126.876456, 37.535517 ], [ 126.876476, 37.535536 ], [ 126.876482, 37.535541 ], [ 126.876719, 37.535754 ], [ 126.877006, 37.535982 ], [ 126.882203, 37.537931 ], [ 126.882877, 37.536371 ], [ 126.878385, 37.534868 ], [ 126.878186, 37.534694 ], [ 126.877908, 37.534419 ], [ 126.877677, 37.534017 ], [ 126.877592, 37.533687 ], [ 126.877584, 37.533653 ], [ 126.877079, 37.531492 ], [ 126.877079, 37.531491 ], [ 126.87708, 37.531491 ], [ 126.877767, 37.53158 ], [ 126.879124, 37.531754 ], [ 126.880479, 37.531884 ], [ 126.880811, 37.531889 ], [ 126.880831, 37.531889 ], [ 126.881454, 37.531899 ], [ 126.881676, 37.5319 ], [ 126.882298, 37.531882 ], [ 126.883513, 37.531777 ], [ 126.883517, 37.531776 ], [ 126.883532, 37.531773 ], [ 126.88487, 37.531511 ], [ 126.884896, 37.531506 ], [ 126.8853, 37.532311 ], [ 126.885475, 37.532452 ] ] ] } },
{ "type": "Feature", "properties": { "name": "왕십리역", "area_code": "POI045", "category": "인구밀집지역" }, "geometry": { "type": "Polygon", "coordinates": [ [ [ 127.03665, 37.565931 ], [ 127.041614, 37.565398 ], [ 127.041614, 37.565408 ], [ 127.041664, 37.562291 ], [ 127.040693, 37.558382 ], [ 127.040431, 37.557965 ], [ 127.039763, 37.558048 ], [ 127.038716, 37.558445 ], [ 127.037498, 37.55904 ], [ 127.036804, 37.559718 ], [ 127.035613, 37.561188 ], [ 127.03602, 37.562032 ], [ 127.036321, 37.563137 ], [ 127.03665, 37.565931 ] ] ] } },
{ "type": "Feature", "properties": { "name": "용산역", "area_code": "POI046", "category": "인구밀집지역" }, "geometry": { "type": "Polygon", "coordinates": [ [ [ 126.964891, 37.534539 ], [ 126.965011, 37.534835 ], [ 126.966697, 37.534358 ], [ 126.966725, 37.534161 ], [ 126.966737, 37.534158 ], [ 126.966916, 37.532782 ], [ 126.965412, 37.531754 ], [ 126.968141, 37.529727 ], [ 126.966082, 37.52753 ], [ 126.965118, 37.52806 ], [ 126.964621, 37.528334 ], [ 126.964099, 37.52862 ], [ 126.963711, 37.528215 ], [ 126.963709, 37.528217 ], [ 126.961095, 37.525264 ], [ 126.96068, 37.526278 ], [ 126.958796, 37.525214 ], [ 126.958808, 37.525203 ], [ 126.957832, 37.52484 ], [ 126.956842, 37.525716 ], [ 126.956527, 37.526017 ], [ 126.956133, 37.526355 ], [ 126.955896, 37.526556 ], [ 126.95566, 37.526845 ], [ 126.955455, 37.527146 ], [ 126.955344, 37.527246 ], [ 126.95525, 37.527472 ], [ 126.954934, 37.527961 ], [ 126.954808, 37.528237 ], [ 126.954713, 37.5284 ], [ 126.954697, 37.528689 ], [ 126.954587, 37.52909 ], [ 126.954571, 37.529404 ], [ 126.954539, 37.529718 ], [ 126.954507, 37.529981 ], [ 126.95457, 37.53022 ], [ 126.954696, 37.530483 ], [ 126.954728, 37.530835 ], [ 126.954932, 37.531211 ], [ 126.955105, 37.531487 ], [ 126.955452, 37.531751 ], [ 126.955657, 37.531801 ], [ 126.955762, 37.531862 ], [ 126.955759, 37.531862 ], [ 126.956226, 37.532052 ], [ 126.956224, 37.532058 ], [ 126.957038, 37.532391 ], [ 126.956631, 37.533147 ], [ 126.9568, 37.533285 ], [ 126.961464, 37.535454 ], [ 126.961476, 37.535456 ], [ 126.96152, 37.535463 ], [ 126.961638, 37.535181 ], [ 126.962231, 37.534264 ], [ 126.962241, 37.534266 ], [ 126.962589, 37.533677 ], [ 126.962891, 37.533749 ], [ 126.963278, 37.534142 ], [ 126.963759, 37.534379 ], [ 126.964717, 37.534464 ], [ 126.964891, 37.534539 ] ] ] } },
{ "type": "Feature", "properties": { "name": "이태원역", "area_code": "POI047", "category": "인구밀집지역" }, "geometry": { "type": "Polygon", "coordinates": [ [ [ 126.990084, 37.534245 ], [ 126.990529, 37.534463 ], [ 126.990475, 37.534794 ], [ 126.991106, 37.534916 ], [ 126.991097, 37.535009 ], [ 126.990998, 37.535095 ], [ 126.991016, 37.535217 ], [ 126.991269, 37.535095 ], [ 126.991426, 37.535085 ], [ 126.99148, 37.535515 ], [ 126.991611, 37.535605 ], [ 126.992026, 37.53558 ], [ 126.992382, 37.53549 ], [ 126.992608, 37.535386 ], [ 126.992752, 37.53534 ], [ 126.993456, 37.535429 ], [ 126.994128, 37.535494 ], [ 126.994398, 37.535347 ], [ 126.994764, 37.535315 ], [ 126.995111, 37.535311 ], [ 126.995339, 37.535099 ], [ 126.995541, 37.534693 ], [ 126.99566, 37.534048 ], [ 126.99559, 37.533131 ], [ 126.994404, 37.533076 ], [ 126.99124, 37.532871 ], [ 126.990084, 37.534245 ] ] ] } },
{ "type": "Feature", "properties": { "name": "장지역", "area_code": "POI048", "category": "인구밀집지역" }, "geometry": { "type": "Polygon", "coordinates": [ [ [ 127.119832, 37.478618 ], [ 127.122693, 37.479758 ], [ 127.121772, 37.481665 ], [ 127.124234, 37.482511 ], [ 127.125536, 37.479983 ], [ 127.126237, 37.480221 ], [ 127.126117, 37.480464 ], [ 127.12674, 37.480536 ], [ 127.126832, 37.479886 ], [ 127.12685, 37.479692 ], [ 127.126858, 37.479314 ], [ 127.126987, 37.479025 ], [ 127.127239, 37.478459 ], [ 127.127429, 37.478032 ], [ 127.127749, 37.477311 ], [ 127.127785, 37.476877 ], [ 127.127823, 37.476406 ], [ 127.127855, 37.476237 ], [ 127.127027, 37.476242 ], [ 127.127027, 37.476239 ], [ 127.125486, 37.476301 ], [ 127.125178, 37.47635 ], [ 127.123446, 37.476628 ], [ 127.121, 37.477019 ], [ 127.118005, 37.47785 ], [ 127.116869, 37.479489 ], [ 127.11848, 37.480188 ], [ 127.119048, 37.479356 ], [ 127.119312, 37.479033 ], [ 127.119832, 37.478618 ] ] ] } },
{ "type": "Feature", "properties": { "name": "장한평역", "area_code": "POI049", "category": "인구밀집지역" }, "geometry": { "type": "Polygon", "coordinates": [ [ [ 127.057975, 37.562948 ], [ 127.058014, 37.563023 ], [ 127.058981, 37.564007 ], [ 127.059596, 37.564442 ], [ 127.061321, 37.563415 ], [ 127.061327, 37.563422 ], [ 127.062316, 37.564473 ], [ 127.062571, 37.564334 ], [ 127.062758, 37.56456 ], [ 127.062523, 37.564723 ], [ 127.062943, 37.565172 ], [ 127.064776, 37.564154 ], [ 127.065137, 37.564623 ], [ 127.07113, 37.561195 ], [ 127.070119, 37.559845 ], [ 127.067955, 37.558103 ], [ 127.064286, 37.560228 ], [ 127.059146, 37.560986 ], [ 127.059089, 37.561002 ], [ 127.059435, 37.562226 ], [ 127.057975, 37.562948 ] ] ] } },
{ "type": "Feature", "properties": { "name": "천호역", "area_code": "POI050", "category": "인구밀집지역" }, "geometry": { "type": "Polygon", "coordinates": [ [ [ 127.127825, 37.540315 ], [ 127.127842, 37.539984 ], [ 127.127416, 37.538978 ], [ 127.126524, 37.53773 ], [ 127.125911, 37.536942 ], [ 127.124938, 37.537313 ], [ 127.123929, 37.537719 ], [ 127.123395, 37.53799 ], [ 127.122556, 37.538038 ], [ 127.121997, 37.538255 ], [ 127.122499, 37.53922 ], [ 127.122907, 37.539948 ], [ 127.123349, 37.540535 ], [ 127.123392, 37.540724 ], [ 127.123689, 37.541156 ], [ 127.123969, 37.541419 ], [ 127.127825, 37.540315 ] ] ] } },
{ "type": "Feature", "properties": { "name": "총신대입구(이수)역", "area_code": "POI051", "category": "인구밀집지역" }, "geometry": { "type": "Polygon", "coordinates": [ [ [ 126.979364, 37.488625 ], [ 126.980546, 37.488632 ], [ 126.980599, 37.489112 ], [ 126.980666, 37.489472 ], [ 126.980746, 37.489736 ], [ 126.98081, 37.489985 ], [ 126.980812, 37.489992 ], [ 126.981699, 37.489591 ], [ 126.982415, 37.4895 ], [ 126.983301, 37.48954 ], [ 126.983326, 37.488956 ], [ 126.983209, 37.488722 ], [ 126.983221, 37.488625 ], [ 126.983263, 37.4883 ], [ 126.983253, 37.488142 ], [ 126.983198, 37.487987 ], [ 126.983181, 37.487562 ], [ 126.983184, 37.487561 ], [ 126.983072, 37.48674 ], [ 126.982199, 37.486646 ], [ 126.982183, 37.485433 ], [ 126.98354, 37.485546 ], [ 126.983462, 37.48487 ], [ 126.983032, 37.484478 ], [ 126.982944, 37.484346 ], [ 126.982799, 37.483923 ], [ 126.982787, 37.48356 ], [ 126.982776, 37.48326 ], [ 126.982747, 37.482754 ], [ 126.979082, 37.482853 ], [ 126.97821, 37.482884 ], [ 126.978249, 37.483553 ], [ 126.97828, 37.48408 ], [ 126.978294, 37.484084 ], [ 126.978888, 37.484291 ], [ 126.978923, 37.484303 ], [ 126.979176, 37.484391 ], [ 126.978988, 37.484871 ], [ 126.978977, 37.484991 ], [ 126.978974, 37.485019 ], [ 126.978982, 37.485086 ], [ 126.979444, 37.486075 ], [ 126.979866, 37.487029 ], [ 126.979964, 37.487256 ], [ 126.980037, 37.48741 ], [ 126.97993, 37.4875 ], [ 126.979569, 37.487733 ], [ 126.979141, 37.487843 ], [ 126.978774, 37.487867 ], [ 126.978305, 37.487881 ], [ 126.978259, 37.48809 ], [ 126.978669, 37.488719 ], [ 126.979022, 37.488587 ], [ 126.979241, 37.488491 ], [ 126.979281, 37.488472 ], [ 126.979364, 37.488625 ] ] ] } },
{ "type": "Feature", "properties": { "name": "충정로역", "area_code": "POI052", "category": "인구밀집지역" }, "geometry": { "type": "Polygon", "coordinates": [ [ [ 126.963664, 37.557566 ], [ 126.963417, 37.557609 ], [ 126.963042, 37.557613 ], [ 126.963042, 37.557594 ], [ 126.962542, 37.557579 ], [ 126.962533, 37.558182 ], [ 126.962083, 37.558181 ], [ 126.96207, 37.557596 ], [ 126.961778, 37.557598 ], [ 126.961737, 37.557385 ], [ 126.961604, 37.556947 ], [ 126.96035, 37.558004 ], [ 126.961249, 37.558709 ], [ 126.961487, 37.558852 ], [ 126.961669, 37.559071 ], [ 126.961942, 37.559232 ], [ 126.961934, 37.559291 ], [ 126.961854, 37.560786 ], [ 126.962455, 37.560805 ], [ 126.96313, 37.562199 ], [ 126.963554, 37.562259 ], [ 126.964079, 37.562056 ], [ 126.963695, 37.561413 ], [ 126.964413, 37.56142 ], [ 126.964426, 37.561302 ], [ 126.964604, 37.561326 ], [ 126.964787, 37.560876 ], [ 126.965104, 37.560994 ], [ 126.965304, 37.560864 ], [ 126.965668, 37.561117 ], [ 126.966067, 37.561544 ], [ 126.966378, 37.5616 ], [ 126.966703, 37.561247 ], [ 126.967158, 37.561363 ], [ 126.967462, 37.561244 ], [ 126.967626, 37.560918 ], [ 126.967054, 37.560726 ], [ 126.966489, 37.560331 ], [ 126.965988, 37.560042 ], [ 126.966175, 37.559905 ], [ 126.966212, 37.559849 ], [ 126.966236, 37.559835 ], [ 126.966179, 37.559797 ], [ 126.965819, 37.559596 ], [ 126.965799, 37.559572 ], [ 126.965556, 37.558965 ], [ 126.965515, 37.558901 ], [ 126.964492, 37.559081 ], [ 126.964578, 37.558972 ], [ 126.964479, 37.558822 ], [ 126.964204, 37.558794 ], [ 126.964196, 37.558417 ], [ 126.964259, 37.558185 ], [ 126.964024, 37.558013 ], [ 126.964165, 37.557756 ], [ 126.964046, 37.557445 ], [ 126.963664, 37.557566 ] ] ] } },
{ "type": "Feature", "properties": { "name": "합정역", "area_code": "POI053", "category": "인구밀집지역" }, "geometry": { "type": "Polygon", "coordinates": [ [ [ 126.904976, 37.552083 ], [ 126.911684, 37.554189 ], [ 126.913068, 37.549564 ], [ 126.913261, 37.54898 ], [ 126.913426, 37.548949 ], [ 126.913643, 37.54908 ], [ 126.913669, 37.548991 ], [ 126.918403, 37.548012 ], [ 126.91729, 37.545448 ], [ 126.912078, 37.545733 ], [ 126.910825, 37.545923 ], [ 126.910601, 37.545835 ], [ 126.910484, 37.545901 ], [ 126.910319, 37.546217 ], [ 126.910346, 37.546718 ], [ 126.910452, 37.547555 ], [ 126.910558, 37.547905 ], [ 126.910779, 37.548163 ], [ 126.911163, 37.548374 ], [ 126.910905, 37.548755 ], [ 126.910113, 37.548635 ], [ 126.90958, 37.548597 ], [ 126.90919, 37.548606 ], [ 126.90905, 37.548641 ], [ 126.906894, 37.550509 ], [ 126.905094, 37.552024 ], [ 126.904976, 37.552083 ] ] ] } },
{ "type": "Feature", "properties": { "name": "혜화역", "area_code": "POI054", "category": "인구밀집지역" }, "geometry": { "type": "Polygon", "coordinates": [ [ [ 127.004411, 37.58049 ], [ 127.004429, 37.57994 ], [ 127.003353, 37.579757 ], [ 127.003347, 37.579756 ], [ 127.002128, 37.579578 ], [ 127.002136, 37.58088 ], [ 127.002128, 37.58088 ], [ 127.001982, 37.581756 ], [ 127.00095, 37.581748 ], [ 127.000956, 37.581331 ], [ 126.999989, 37.581168 ], [ 126.999966, 37.581162 ], [ 126.999857, 37.581136 ], [ 126.999828, 37.581156 ], [ 126.999774, 37.581195 ], [ 126.999772, 37.581195 ], [ 126.999764, 37.581202 ], [ 126.999758, 37.581206 ], [ 126.999752, 37.58121 ], [ 126.999717, 37.581236 ], [ 126.999709, 37.581236 ], [ 126.999581, 37.581239 ], [ 126.999435, 37.581243 ], [ 126.999363, 37.581245 ], [ 126.999352, 37.581246 ], [ 126.999345, 37.581351 ], [ 126.998882, 37.581399 ], [ 126.998253, 37.581351 ], [ 126.998105, 37.581807 ], [ 126.997762, 37.581881 ], [ 126.997539, 37.581997 ], [ 126.997523, 37.582007 ], [ 126.997724, 37.582151 ], [ 126.997845, 37.582252 ], [ 126.99813, 37.582476 ], [ 126.998358, 37.582654 ], [ 126.998504, 37.582769 ], [ 126.998613, 37.582875 ], [ 126.998785, 37.583032 ], [ 126.999142, 37.583356 ], [ 126.999312, 37.583509 ], [ 126.999498, 37.583687 ], [ 126.999926, 37.584086 ], [ 127.000079, 37.584243 ], [ 127.000504, 37.58472 ], [ 127.000615, 37.584853 ], [ 127.000642, 37.584883 ], [ 127.000833, 37.585101 ], [ 127.0016, 37.585161 ], [ 127.001665, 37.585128 ], [ 127.002163, 37.585065 ], [ 127.002917, 37.584704 ], [ 127.002996, 37.584587 ], [ 127.003001, 37.584485 ], [ 127.003002, 37.584484 ], [ 127.00287, 37.584367 ], [ 127.002884, 37.584153 ], [ 127.003092, 37.584002 ], [ 127.003847, 37.583858 ], [ 127.004161, 37.583619 ], [ 127.004249, 37.583346 ], [ 127.004278, 37.583311 ], [ 127.004305, 37.583253 ], [ 127.00437, 37.583109 ], [ 127.004455, 37.583118 ], [ 127.004586, 37.583102 ], [ 127.004603, 37.582813 ], [ 127.004619, 37.582707 ], [ 127.004658, 37.582426 ], [ 127.00466, 37.582091 ], [ 127.004677, 37.581717 ], [ 127.004674, 37.581625 ], [ 127.004638, 37.581527 ], [ 127.004556, 37.581318 ], [ 127.004509, 37.581225 ], [ 127.004205, 37.58122 ], [ 127.004344, 37.58055 ], [ 127.004411, 37.58049 ] ] ] } },
{ "type": "Feature", "properties": { "name": "홍대입구역(2호선)", "area_code": "POI055", "category": "인구밀집지역" }, "geometry": { "type": "Polygon", "coordinates": [ [ [ 126.925112, 37.557647 ], [ 126.925745, 37.55744 ], [ 126.924633, 37.55664 ], [ 126.925122, 37.556215 ], [ 126.924944, 37.556174 ], [ 126.924874, 37.556158 ], [ 126.924685, 37.556106 ], [ 126.924407, 37.555981 ], [ 126.924254, 37.555901 ], [ 126.924184, 37.555864 ], [ 126.923956, 37.555722 ], [ 126.923667, 37.555508 ], [ 126.923664, 37.555506 ], [ 126.923579, 37.555426 ], [ 126.923525, 37.555375 ], [ 126.923348, 37.555197 ], [ 126.92314, 37.554979 ], [ 126.923102, 37.554938 ], [ 126.922992, 37.554823 ], [ 126.922842, 37.554664 ], [ 126.922609, 37.554414 ], [ 126.922542, 37.55432 ], [ 126.922465, 37.554387 ], [ 126.922133, 37.554671 ], [ 126.922089, 37.554709 ], [ 126.92207, 37.554726 ], [ 126.921699, 37.555049 ], [ 126.921679, 37.555063 ], [ 126.92068, 37.556041 ], [ 126.921537, 37.556328 ], [ 126.921875, 37.556871 ], [ 126.921142, 37.557549 ], [ 126.922147, 37.558499 ], [ 126.922556, 37.558964 ], [ 126.923343, 37.558403 ], [ 126.923478, 37.558755 ], [ 126.92438, 37.557957 ], [ 126.925112, 37.557647 ] ] ] } },
{ "type": "Feature", "properties": { "name": "회기역", "area_code": "POI056", "category": "인구밀집지역" }, "geometry": { "type": "Polygon", "coordinates": [ [ [ 127.054142, 37.590266 ], [ 127.05243, 37.590867 ], [ 127.05223, 37.590566 ], [ 127.051425, 37.590873 ], [ 127.050719, 37.590913 ], [ 127.050712, 37.591101 ], [ 127.049756, 37.591158 ], [ 127.049782, 37.591509 ], [ 127.049814, 37.591924 ], [ 127.050491, 37.591907 ], [ 127.050713, 37.592877 ], [ 127.051554, 37.592774 ], [ 127.053373, 37.592451 ], [ 127.056068, 37.591278 ], [ 127.057215, 37.592979 ], [ 127.057842, 37.592785 ], [ 127.05824, 37.592522 ], [ 127.058514, 37.592555 ], [ 127.058735, 37.59275 ], [ 127.058714, 37.592381 ], [ 127.058605, 37.592391 ], [ 127.058547, 37.59178 ], [ 127.059561, 37.591718 ], [ 127.060345, 37.591613 ], [ 127.059908, 37.59119 ], [ 127.058695, 37.590329 ], [ 127.058717, 37.589865 ], [ 127.059346, 37.590211 ], [ 127.060881, 37.59033 ], [ 127.060935, 37.59059 ], [ 127.061113, 37.590829 ], [ 127.061245, 37.590882 ], [ 127.061947, 37.590904 ], [ 127.062033, 37.591013 ], [ 127.062384, 37.591154 ], [ 127.062452, 37.591026 ], [ 127.062306, 37.590709 ], [ 127.062429, 37.590346 ], [ 127.062343, 37.589965 ], [ 127.061766, 37.589801 ], [ 127.061233, 37.589267 ], [ 127.060412, 37.589209 ], [ 127.059945, 37.589062 ], [ 127.059124, 37.589156 ], [ 127.057807, 37.588745 ], [ 127.057415, 37.587889 ], [ 127.057244, 37.587965 ], [ 127.056756, 37.587713 ], [ 127.056578, 37.587872 ], [ 127.056171, 37.58779 ], [ 127.055883, 37.588094 ], [ 127.055172, 37.587766 ], [ 127.053789, 37.588358 ], [ 127.055, 37.589315 ], [ 127.054726, 37.589924 ], [ 127.054619, 37.589981 ], [ 127.054605, 37.59014 ], [ 127.054377, 37.590163 ], [ 127.054142, 37.590266 ] ] ] } },
{ "type": "Feature", "properties": { "name": "가락시장", "area_code": "POI058", "category": "발달상권" }, "geometry": { "type": "Polygon", "coordinates": [ [ [ 127.112824, 37.497096 ], [ 127.113718, 37.497185 ], [ 127.114889, 37.496905 ], [ 127.115524, 37.496105 ], [ 127.115742, 37.495861 ], [ 127.116084, 37.495478 ], [ 127.116561, 37.494942 ], [ 127.117447, 37.493973 ], [ 127.118086, 37.493277 ], [ 127.119248, 37.491803 ], [ 127.117071, 37.491165 ], [ 127.115226, 37.490626 ], [ 127.114838, 37.491423 ], [ 127.11192, 37.490536 ], [ 127.111618, 37.490441 ], [ 127.109277, 37.489675 ], [ 127.109187, 37.489645 ], [ 127.108584, 37.490573 ], [ 127.107749, 37.491524 ], [ 127.106398, 37.492593 ], [ 127.105482, 37.493208 ], [ 127.103644, 37.494187 ], [ 127.104335, 37.494405 ], [ 127.104928, 37.494586 ], [ 127.105212, 37.494674 ], [ 127.105547, 37.494776 ], [ 127.105771, 37.494844 ], [ 127.106173, 37.494967 ], [ 127.106642, 37.495111 ], [ 127.10724, 37.495297 ], [ 127.107528, 37.495387 ], [ 127.10781, 37.495474 ], [ 127.108142, 37.495578 ], [ 127.108408, 37.495661 ], [ 127.108861, 37.495802 ], [ 127.108973, 37.495837 ], [ 127.109106, 37.495878 ], [ 127.109535, 37.496012 ], [ 127.109771, 37.496085 ], [ 127.110358, 37.496269 ], [ 127.110722, 37.49638 ], [ 127.111033, 37.496476 ], [ 127.111345, 37.496571 ], [ 127.111637, 37.496662 ], [ 127.11227, 37.496871 ], [ 127.112824, 37.497096 ] ] ] } },
{ "type": "Feature", "properties": { "name": "가로수길", "area_code": "POI059", "category": "발달상권" }, "geometry": { "type": "Polygon", "coordinates": [ [ [ 127.024632, 37.525277 ], [ 127.025389, 37.525663 ], [ 127.02548, 37.525709 ], [ 127.026368, 37.526162 ], [ 127.026422, 37.526189 ], [ 127.027336, 37.526655 ], [ 127.028355, 37.527162 ], [ 127.028355, 37.527162 ], [ 127.028364, 37.527166 ], [ 127.028364, 37.527166 ], [ 127.028365, 37.527164 ], [ 127.028378, 37.527131 ], [ 127.028436, 37.526987 ], [ 127.028442, 37.526891 ], [ 127.02846, 37.526572 ], [ 127.028462, 37.526536 ], [ 127.028462, 37.52653 ], [ 127.028462, 37.526526 ], [ 127.028463, 37.526525 ], [ 127.028463, 37.526525 ], [ 127.028465, 37.526473 ], [ 127.028458, 37.526304 ], [ 127.028458, 37.526301 ], [ 127.028443, 37.525962 ], [ 127.028442, 37.525942 ], [ 127.028442, 37.525941 ], [ 127.02844, 37.525901 ], [ 127.028438, 37.525852 ], [ 127.02843, 37.525669 ], [ 127.028427, 37.525599 ], [ 127.028426, 37.525565 ], [ 127.028425, 37.52556 ], [ 127.028425, 37.525552 ], [ 127.028416, 37.525354 ], [ 127.028375, 37.524603 ], [ 127.028374, 37.524595 ], [ 127.028374, 37.524586 ], [ 127.028374, 37.524584 ], [ 127.028373, 37.524579 ], [ 127.028373, 37.524578 ], [ 127.028373, 37.524576 ], [ 127.028357, 37.524277 ], [ 127.028345, 37.524064 ], [ 127.02833, 37.523787 ], [ 127.028329, 37.523772 ], [ 127.028329, 37.52377 ], [ 127.028329, 37.523769 ], [ 127.028329, 37.523765 ], [ 127.028326, 37.523719 ], [ 127.028306, 37.52335 ], [ 127.028277, 37.522973 ], [ 127.028276, 37.522962 ], [ 127.028276, 37.52296 ], [ 127.028275, 37.522953 ], [ 127.028275, 37.522952 ], [ 127.028261, 37.522764 ], [ 127.028253, 37.522657 ], [ 127.02825, 37.522625 ], [ 127.028246, 37.52257 ], [ 127.028222, 37.522159 ], [ 127.028221, 37.522138 ], [ 127.028221, 37.522137 ], [ 127.02822, 37.522129 ], [ 127.028201, 37.521789 ], [ 127.0282, 37.521771 ], [ 127.028199, 37.521763 ], [ 127.028199, 37.521763 ], [ 127.028175, 37.521346 ], [ 127.028175, 37.521344 ], [ 127.028163, 37.521134 ], [ 127.028156, 37.521007 ], [ 127.028139, 37.520701 ], [ 127.028139, 37.5207 ], [ 127.028139, 37.520695 ], [ 127.028138, 37.520688 ], [ 127.028137, 37.520669 ], [ 127.028136, 37.520651 ], [ 127.028136, 37.520651 ], [ 127.0281, 37.519988 ], [ 127.028085, 37.519701 ], [ 127.028084, 37.519697 ], [ 127.028065, 37.519691 ], [ 127.028062, 37.51969 ], [ 127.027941, 37.519639 ], [ 127.027937, 37.519637 ], [ 127.027922, 37.519631 ], [ 127.027161, 37.519312 ], [ 127.026269, 37.518938 ], [ 127.026246, 37.518929 ], [ 127.026135, 37.518882 ], [ 127.025674, 37.518689 ], [ 127.025612, 37.518663 ], [ 127.025279, 37.518524 ], [ 127.02417, 37.518059 ], [ 127.023411, 37.517741 ], [ 127.023385, 37.51773 ], [ 127.023239, 37.517669 ], [ 127.022774, 37.517474 ], [ 127.022702, 37.517444 ], [ 127.022274, 37.517264 ], [ 127.021915, 37.517114 ], [ 127.021907, 37.517111 ], [ 127.021177, 37.516805 ], [ 127.020642, 37.51658 ], [ 127.020422, 37.516488 ], [ 127.019784, 37.516221 ], [ 127.019525, 37.516112 ], [ 127.019496, 37.516211 ], [ 127.019279, 37.516937 ], [ 127.019064, 37.517657 ], [ 127.018972, 37.517966 ], [ 127.018838, 37.518413 ], [ 127.018663, 37.518999 ], [ 127.018348, 37.520051 ], [ 127.018254, 37.520366 ], [ 127.017963, 37.521341 ], [ 127.017822, 37.521812 ], [ 127.017816, 37.521821 ], [ 127.018664, 37.522241 ], [ 127.019291, 37.522551 ], [ 127.019562, 37.52269 ], [ 127.019586, 37.522702 ], [ 127.020326, 37.523082 ], [ 127.020471, 37.523156 ], [ 127.020727, 37.523287 ], [ 127.020755, 37.523302 ], [ 127.020765, 37.523307 ], [ 127.020984, 37.523418 ], [ 127.021042, 37.523447 ], [ 127.021199, 37.523527 ], [ 127.021213, 37.523534 ], [ 127.021715, 37.523787 ], [ 127.021903, 37.52388 ], [ 127.022056, 37.523956 ], [ 127.022181, 37.524019 ], [ 127.022247, 37.524053 ], [ 127.022389, 37.524127 ], [ 127.02265, 37.524263 ], [ 127.02272, 37.5243 ], [ 127.022957, 37.524423 ], [ 127.023069, 37.524475 ], [ 127.023195, 37.524545 ], [ 127.023433, 37.524666 ], [ 127.023672, 37.524787 ], [ 127.023696, 37.5248 ], [ 127.023833, 37.524869 ], [ 127.02391, 37.524909 ], [ 127.023951, 37.524927 ], [ 127.024072, 37.524988 ], [ 127.024218, 37.525066 ], [ 127.024632, 37.525277 ] ] ] } },
{ "type": "Feature", "properties": { "name": "여의도", "area_code": "POI072", "category": "발달상권" }, "geometry": { "type": "Polygon", "coordinates": [ [ [ 126.91365, 37.535468 ], [ 126.915668, 37.535243 ], [ 126.920617, 37.534343 ], [ 126.92317, 37.533868 ], [ 126.926606, 37.532766 ], [ 126.928624, 37.531889 ], [ 126.930169, 37.531287 ], [ 126.931683, 37.530535 ], [ 126.933196, 37.529557 ], [ 126.934741, 37.528353 ], [ 126.937485, 37.526021 ], [ 126.939692, 37.524039 ], [ 126.942688, 37.521631 ], [ 126.943571, 37.520803 ], [ 126.943792, 37.520427 ], [ 126.944107, 37.51985 ], [ 126.944297, 37.519473 ], [ 126.944139, 37.519047 ], [ 126.942691, 37.518168 ], [ 126.939792, 37.517388 ], [ 126.937461, 37.516709 ], [ 126.933618, 37.516055 ], [ 126.931255, 37.515576 ], [ 126.928734, 37.515575 ], [ 126.925583, 37.51605 ], [ 126.923219, 37.516826 ], [ 126.921674, 37.517578 ], [ 126.920477, 37.517904 ], [ 126.919972, 37.518079 ], [ 126.91972, 37.518154 ], [ 126.919405, 37.51833 ], [ 126.919216, 37.51843 ], [ 126.918774, 37.518681 ], [ 126.918396, 37.518881 ], [ 126.91786, 37.519182 ], [ 126.917229, 37.519558 ], [ 126.916599, 37.520135 ], [ 126.914358, 37.522819 ], [ 126.91259, 37.525603 ], [ 126.911801, 37.526832 ], [ 126.9112, 37.528514 ], [ 126.910852, 37.530245 ], [ 126.910661, 37.531374 ], [ 126.910409, 37.531826 ], [ 126.910061, 37.532328 ], [ 126.910029, 37.53283 ], [ 126.91006, 37.533583 ], [ 126.909806, 37.534511 ], [ 126.910278, 37.53544 ], [ 126.910593, 37.535691 ], [ 126.911475, 37.536043 ], [ 126.912452, 37.535893 ], [ 126.913177, 37.535743 ], [ 126.91365, 37.535468 ] ] ] } },
{ "type": "Feature", "properties": { "name": "광장(전통)시장", "area_code": "POI060", "category": "발달상권" }, "geometry": { "type": "Polygon", "coordinates": [ [ [ 126.997852, 37.570063 ], [ 126.998719, 37.57077 ], [ 126.998843, 37.570777 ], [ 126.998951, 37.570786 ], [ 126.999216, 37.570808 ], [ 126.999532, 37.57083 ], [ 126.999998, 37.570866 ], [ 127.000257, 37.570885 ], [ 127.00033, 37.570885 ], [ 127.000358, 37.570885 ], [ 127.000471, 37.5709 ], [ 127.001188, 37.570953 ], [ 127.001458, 37.570973 ], [ 127.001911, 37.571007 ], [ 127.001964, 37.570391 ], [ 127.00203, 37.569635 ], [ 127.002034, 37.569592 ], [ 127.002029, 37.569592 ], [ 127.00201, 37.56959 ], [ 127.001933, 37.569581 ], [ 127.001809, 37.569569 ], [ 127.00172, 37.56956 ], [ 127.001625, 37.569542 ], [ 127.001572, 37.569532 ], [ 127.001446, 37.569509 ], [ 127.001307, 37.569477 ], [ 127.001122, 37.569443 ], [ 127.000788, 37.569381 ], [ 127.000637, 37.56935 ], [ 127.000509, 37.569324 ], [ 127.00037, 37.569296 ], [ 127.000198, 37.569261 ], [ 126.99998, 37.569215 ], [ 126.999796, 37.569179 ], [ 126.999444, 37.56911 ], [ 126.999199, 37.569062 ], [ 126.998949, 37.569015 ], [ 126.998726, 37.568973 ], [ 126.998544, 37.56894 ], [ 126.99823, 37.568886 ], [ 126.997974, 37.568843 ], [ 126.997973, 37.568843 ], [ 126.997968, 37.56889 ], [ 126.997879, 37.569738 ], [ 126.997852, 37.570063 ] ] ] } },
{ "type": "Feature", "properties": { "name": "김포공항", "area_code": "POI061", "category": "발달상권" }, "geometry": { "type": "Polygon", "coordinates": [ [ [ 126.804594, 37.569769 ], [ 126.808346, 37.557767 ], [ 126.805898, 37.555373 ], [ 126.800275, 37.559931 ], [ 126.79369, 37.561127 ], [ 126.804594, 37.569769 ] ] ] } },
{ "type": "Feature", "properties": { "name": "노량진", "area_code": "POI063", "category": "발달상권" }, "geometry": { "type": "Polygon", "coordinates": [ [ [ 126.951492, 37.514984 ], [ 126.9551, 37.513994 ], [ 126.955478, 37.513706 ], [ 126.955604, 37.513455 ], [ 126.9554, 37.513354 ], [ 126.955305, 37.513304 ], [ 126.954943, 37.513141 ], [ 126.95477, 37.513003 ], [ 126.954423, 37.51294 ], [ 126.954282, 37.512852 ], [ 126.952423, 37.512813 ], [ 126.950012, 37.512875 ], [ 126.948405, 37.513226 ], [ 126.948138, 37.512912 ], [ 126.94746, 37.512548 ], [ 126.946925, 37.51246 ], [ 126.946547, 37.512322 ], [ 126.94587, 37.512108 ], [ 126.945712, 37.512033 ], [ 126.945256, 37.511618 ], [ 126.944437, 37.511179 ], [ 126.944012, 37.510852 ], [ 126.935093, 37.513056 ], [ 126.935549, 37.514926 ], [ 126.942952, 37.516034 ], [ 126.943141, 37.515984 ], [ 126.943283, 37.516085 ], [ 126.946686, 37.516601 ], [ 126.947379, 37.516501 ], [ 126.947946, 37.516401 ], [ 126.949806, 37.515636 ], [ 126.949286, 37.514594 ], [ 126.949744, 37.51423 ], [ 126.950153, 37.514105 ], [ 126.950437, 37.51398 ], [ 126.950626, 37.513842 ], [ 126.951209, 37.513139 ], [ 126.951398, 37.513127 ], [ 126.951666, 37.513215 ], [ 126.95206, 37.513202 ], [ 126.951492, 37.514984 ] ] ] } },
{ "type": "Feature", "properties": { "name": "덕수궁길·정동길", "area_code": "POI064", "category": "발달상권" }, "geometry": { "type": "Polygon", "coordinates": [ [ [ 126.969754, 37.568631 ], [ 126.969995, 37.568379 ], [ 126.970266, 37.568473 ], [ 126.970539, 37.567918 ], [ 126.971143, 37.56805 ], [ 126.97138, 37.567426 ], [ 126.971348, 37.56728 ], [ 126.971172, 37.566972 ], [ 126.971945, 37.566472 ], [ 126.972671, 37.566184 ], [ 126.972806, 37.566191 ], [ 126.973472, 37.566154 ], [ 126.973559, 37.565389 ], [ 126.974654, 37.565051 ], [ 126.975054, 37.564984 ], [ 126.975817, 37.565051 ], [ 126.976599, 37.564999 ], [ 126.977097, 37.564978 ], [ 126.977093, 37.564826 ], [ 126.97709, 37.564815 ], [ 126.977046, 37.564481 ], [ 126.976834, 37.564284 ], [ 126.976829, 37.564281 ], [ 126.976664, 37.564184 ], [ 126.976245, 37.564489 ], [ 126.976234, 37.564508 ], [ 126.976165, 37.564627 ], [ 126.974254, 37.564458 ], [ 126.974095, 37.564497 ], [ 126.972797, 37.564593 ], [ 126.972795, 37.564724 ], [ 126.972788, 37.564759 ], [ 126.972774, 37.564828 ], [ 126.972482, 37.564784 ], [ 126.972393, 37.564791 ], [ 126.972329, 37.564894 ], [ 126.972281, 37.565176 ], [ 126.972023, 37.565393 ], [ 126.971987, 37.565423 ], [ 126.971961, 37.565445 ], [ 126.971918, 37.565754 ], [ 126.971098, 37.566116 ], [ 126.970706, 37.566001 ], [ 126.969963, 37.566352 ], [ 126.969783, 37.566921 ], [ 126.969683, 37.566961 ], [ 126.969561, 37.567241 ], [ 126.969205, 37.567178 ], [ 126.969126, 37.566845 ], [ 126.968884, 37.566927 ], [ 126.968612, 37.566909 ], [ 126.968513, 37.566932 ], [ 126.96839, 37.566952 ], [ 126.96791, 37.567257 ], [ 126.969376, 37.568746 ], [ 126.969754, 37.568631 ] ] ] } },
{ "type": "Feature", "properties": { "name": "난지한강공원", "area_code": "POI090", "category": "공원" }, "geometry": { "type": "Polygon", "coordinates": [ [ [ 126.86439, 37.57289 ], [ 126.864379, 37.572887 ], [ 126.864207, 37.572908 ], [ 126.864153, 37.572992 ], [ 126.86406, 37.57314 ], [ 126.865173, 37.574749 ], [ 126.866029, 37.574267 ], [ 126.866308, 37.574125 ], [ 126.866659, 37.573923 ], [ 126.866663, 37.57392 ], [ 126.866893, 37.573788 ], [ 126.866911, 37.573777 ], [ 126.867085, 37.573676 ], [ 126.867284, 37.573561 ], [ 126.867345, 37.573529 ], [ 126.86737, 37.573517 ], [ 126.867435, 37.573495 ], [ 126.867526, 37.573465 ], [ 126.86757, 37.573438 ], [ 126.867719, 37.573347 ], [ 126.867763, 37.57332 ], [ 126.867939, 37.573197 ], [ 126.868088, 37.573145 ], [ 126.868224, 37.573097 ], [ 126.868307, 37.573066 ], [ 126.868423, 37.57302 ], [ 126.868514, 37.572987 ], [ 126.868659, 37.572905 ], [ 126.868659, 37.572905 ], [ 126.868772, 37.57284 ], [ 126.869024, 37.572696 ], [ 126.869041, 37.572686 ], [ 126.869261, 37.57256 ], [ 126.869559, 37.572388 ], [ 126.869787, 37.572257 ], [ 126.869874, 37.572207 ], [ 126.87019, 37.572026 ], [ 126.870228, 37.572003 ], [ 126.870389, 37.571911 ], [ 126.870408, 37.5719 ], [ 126.870439, 37.571882 ], [ 126.870453, 37.571874 ], [ 126.870664, 37.571753 ], [ 126.870674, 37.571747 ], [ 126.870816, 37.571665 ], [ 126.871034, 37.57154 ], [ 126.871144, 37.571476 ], [ 126.871282, 37.571397 ], [ 126.871353, 37.571356 ], [ 126.871442, 37.571306 ], [ 126.871519, 37.571261 ], [ 126.871636, 37.5712 ], [ 126.871866, 37.571067 ], [ 126.8719, 37.571047 ], [ 126.872007, 37.570985 ], [ 126.872014, 37.570981 ], [ 126.872038, 37.570968 ], [ 126.87246, 37.570727 ], [ 126.872956, 37.570444 ], [ 126.873352, 37.570218 ], [ 126.873442, 37.570167 ], [ 126.873563, 37.570132 ], [ 126.874608, 37.569522 ], [ 126.874622, 37.569514 ], [ 126.874728, 37.569454 ], [ 126.875173, 37.569203 ], [ 126.875685, 37.568911 ], [ 126.876093, 37.568672 ], [ 126.876263, 37.568573 ], [ 126.876366, 37.568517 ], [ 126.876646, 37.568348 ], [ 126.877071, 37.568101 ], [ 126.877152, 37.568052 ], [ 126.877436, 37.567878 ], [ 126.877513, 37.567834 ], [ 126.877736, 37.567707 ], [ 126.878006, 37.567552 ], [ 126.878294, 37.567391 ], [ 126.878299, 37.567388 ], [ 126.87959, 37.566632 ], [ 126.880239, 37.566252 ], [ 126.880264, 37.566237 ], [ 126.880721, 37.56597 ], [ 126.881248, 37.565661 ], [ 126.88162, 37.565444 ], [ 126.8817, 37.565398 ], [ 126.882028, 37.565209 ], [ 126.882371, 37.565011 ], [ 126.88264, 37.564857 ], [ 126.882883, 37.564717 ], [ 126.882912, 37.5647 ], [ 126.883247, 37.564508 ], [ 126.883288, 37.564484 ], [ 126.883321, 37.564464 ], [ 126.883418, 37.564407 ], [ 126.883808, 37.56418 ], [ 126.883869, 37.564144 ], [ 126.88399, 37.564074 ], [ 126.884105, 37.564007 ], [ 126.884167, 37.56397 ], [ 126.884423, 37.563821 ], [ 126.884518, 37.563765 ], [ 126.884882, 37.56355 ], [ 126.884972, 37.563497 ], [ 126.885264, 37.563325 ], [ 126.885284, 37.563313 ], [ 126.885327, 37.563289 ], [ 126.885494, 37.563194 ], [ 126.885939, 37.562941 ], [ 126.886134, 37.562831 ], [ 126.886298, 37.562724 ], [ 126.886407, 37.562654 ], [ 126.886477, 37.562607 ], [ 126.886591, 37.56253 ], [ 126.886635, 37.5625 ], [ 126.886764, 37.5624 ], [ 126.886915, 37.562282 ], [ 126.887254, 37.562018 ], [ 126.887317, 37.561969 ], [ 126.887493, 37.561854 ], [ 126.887573, 37.561801 ], [ 126.887623, 37.561768 ], [ 126.887678, 37.561727 ], [ 126.887747, 37.561675 ], [ 126.887842, 37.561624 ], [ 126.887927, 37.561559 ], [ 126.888104, 37.561452 ], [ 126.888111, 37.56144 ], [ 126.888158, 37.561357 ], [ 126.888177, 37.561325 ], [ 126.888208, 37.56127 ], [ 126.888378, 37.561151 ], [ 126.888495, 37.561075 ], [ 126.888642, 37.560981 ], [ 126.888642, 37.56098 ], [ 126.888873, 37.560857 ], [ 126.888939, 37.560822 ], [ 126.889133, 37.560731 ], [ 126.889331, 37.560647 ], [ 126.88946, 37.560596 ], [ 126.889667, 37.560515 ], [ 126.889867, 37.560444 ], [ 126.890097, 37.560335 ], [ 126.890233, 37.560265 ], [ 126.890501, 37.560118 ], [ 126.890684, 37.560007 ], [ 126.89079, 37.559938 ], [ 126.891008, 37.559776 ], [ 126.891125, 37.559696 ], [ 126.891216, 37.55962 ], [ 126.891258, 37.559586 ], [ 126.891341, 37.559516 ], [ 126.891429, 37.559426 ], [ 126.891431, 37.559425 ], [ 126.891443, 37.559411 ], [ 126.89156, 37.559306 ], [ 126.891693, 37.559226 ], [ 126.891818, 37.559172 ], [ 126.89199, 37.559108 ], [ 126.892062, 37.559054 ], [ 126.892015, 37.559017 ], [ 126.892061, 37.558978 ], [ 126.891817, 37.558801 ], [ 126.891546, 37.558637 ], [ 126.891273, 37.558521 ], [ 126.891034, 37.558454 ], [ 126.890901, 37.558428 ], [ 126.89077, 37.55841 ], [ 126.890734, 37.558405 ], [ 126.890684, 37.558404 ], [ 126.890579, 37.558401 ], [ 126.890324, 37.558395 ], [ 126.890151, 37.558408 ], [ 126.889861, 37.55846 ], [ 126.889764, 37.558487 ], [ 126.889622, 37.558529 ], [ 126.889469, 37.558601 ], [ 126.889044, 37.558849 ], [ 126.888534, 37.55915 ], [ 126.888354, 37.559255 ], [ 126.888061, 37.559425 ], [ 126.887802, 37.559576 ], [ 126.887291, 37.559874 ], [ 126.886837, 37.560139 ], [ 126.886664, 37.56024 ], [ 126.886658, 37.560243 ], [ 126.886362, 37.560416 ], [ 126.886079, 37.56058 ], [ 126.88549, 37.560924 ], [ 126.885047, 37.561182 ], [ 126.884685, 37.561393 ], [ 126.884676, 37.561398 ], [ 126.884593, 37.561446 ], [ 126.884434, 37.561539 ], [ 126.883383, 37.562151 ], [ 126.883074, 37.562329 ], [ 126.883048, 37.562344 ], [ 126.882929, 37.562412 ], [ 126.882516, 37.562649 ], [ 126.88232, 37.562755 ], [ 126.88201, 37.562923 ], [ 126.881766, 37.563045 ], [ 126.881593, 37.563131 ], [ 126.881492, 37.563174 ], [ 126.881308, 37.563251 ], [ 126.881179, 37.563303 ], [ 126.881178, 37.563303 ], [ 126.88111, 37.563331 ], [ 126.880839, 37.563428 ], [ 126.880804, 37.563441 ], [ 126.880775, 37.563451 ], [ 126.88066, 37.56349 ], [ 126.880412, 37.563574 ], [ 126.880299, 37.563618 ], [ 126.879426, 37.563866 ], [ 126.878986, 37.563996 ], [ 126.87874, 37.564069 ], [ 126.878595, 37.564112 ], [ 126.878072, 37.564267 ], [ 126.878047, 37.564274 ], [ 126.877941, 37.564306 ], [ 126.87744, 37.564484 ], [ 126.877426, 37.564488 ], [ 126.877301, 37.564517 ], [ 126.876953, 37.5646 ], [ 126.876941, 37.564603 ], [ 126.87654, 37.564723 ], [ 126.876281, 37.56481 ], [ 126.876221, 37.564831 ], [ 126.876135, 37.56486 ], [ 126.8759, 37.56496 ], [ 126.875638, 37.565097 ], [ 126.875593, 37.56512 ], [ 126.875535, 37.56515 ], [ 126.875251, 37.565328 ], [ 126.875007, 37.565477 ], [ 126.874783, 37.565613 ], [ 126.87466, 37.565694 ], [ 126.874549, 37.565766 ], [ 126.874413, 37.565854 ], [ 126.874243, 37.565989 ], [ 126.874166, 37.566049 ], [ 126.874123, 37.566089 ], [ 126.87373, 37.566449 ], [ 126.873669, 37.566506 ], [ 126.873421, 37.566738 ], [ 126.873004, 37.567142 ], [ 126.872927, 37.567216 ], [ 126.87291, 37.567232 ], [ 126.872702, 37.567433 ], [ 126.872631, 37.567502 ], [ 126.872591, 37.56754 ], [ 126.872507, 37.567621 ], [ 126.872452, 37.567675 ], [ 126.872404, 37.567721 ], [ 126.872345, 37.567777 ], [ 126.87234, 37.567782 ], [ 126.871929, 37.568177 ], [ 126.871686, 37.56841 ], [ 126.871662, 37.568432 ], [ 126.871619, 37.568473 ], [ 126.87142, 37.568664 ], [ 126.871357, 37.568724 ], [ 126.871323, 37.568756 ], [ 126.871049, 37.569019 ], [ 126.871034, 37.569032 ], [ 126.870881, 37.569165 ], [ 126.870819, 37.569161 ], [ 126.870731, 37.569195 ], [ 126.870694, 37.569208 ], [ 126.870686, 37.569217 ], [ 126.870664, 37.569239 ], [ 126.870615, 37.569361 ], [ 126.870263, 37.569625 ], [ 126.870003, 37.569793 ], [ 126.869968, 37.569815 ], [ 126.869605, 37.570049 ], [ 126.86922, 37.570268 ], [ 126.869166, 37.570298 ], [ 126.868589, 37.570634 ], [ 126.868313, 37.570779 ], [ 126.868022, 37.570768 ], [ 126.86771, 37.570742 ], [ 126.867671, 37.570751 ], [ 126.86749, 37.570789 ], [ 126.867351, 37.570776 ], [ 126.867307, 37.570772 ], [ 126.86727, 37.570822 ], [ 126.867231, 37.570874 ], [ 126.867163, 37.570963 ], [ 126.867114, 37.57104 ], [ 126.867033, 37.571116 ], [ 126.866973, 37.571173 ], [ 126.866879, 37.571283 ], [ 126.866838, 37.57133 ], [ 126.866727, 37.571463 ], [ 126.866707, 37.571487 ], [ 126.866701, 37.571496 ], [ 126.866652, 37.571568 ], [ 126.866647, 37.571645 ], [ 126.866629, 37.571664 ], [ 126.866624, 37.571669 ], [ 126.8666, 37.571695 ], [ 126.866504, 37.5718 ], [ 126.866419, 37.571871 ], [ 126.866378, 37.57187 ], [ 126.866322, 37.571869 ], [ 126.866143, 37.571867 ], [ 126.866076, 37.571913 ], [ 126.865314, 37.572365 ], [ 126.865257, 37.572472 ], [ 126.864983, 37.572604 ], [ 126.864851, 37.572668 ], [ 126.86439, 37.57289 ] ] ] } },
{ "type": "Feature", "properties": { "name": "남산공원", "area_code": "POI091", "category": "공원" }, "geometry": { "type": "Polygon", "coordinates": [ [ [ 126.978713, 37.553795 ], [ 126.978713, 37.553799 ], [ 126.978715, 37.553801 ], [ 126.978716, 37.553803 ], [ 126.978783, 37.554023 ], [ 126.978796, 37.554068 ], [ 126.978797, 37.554071 ], [ 126.978799, 37.554082 ], [ 126.978797, 37.554085 ], [ 126.978795, 37.554087 ], [ 126.978661, 37.554149 ], [ 126.978471, 37.554238 ], [ 126.978202, 37.554363 ], [ 126.978156, 37.554384 ], [ 126.978105, 37.554414 ], [ 126.978102, 37.554415 ], [ 126.9781, 37.554417 ], [ 126.977857, 37.554567 ], [ 126.977825, 37.554586 ], [ 126.977782, 37.554617 ], [ 126.977751, 37.554639 ], [ 126.977706, 37.554673 ], [ 126.977263, 37.555008 ], [ 126.977258, 37.555011 ], [ 126.976845, 37.555133 ], [ 126.976837, 37.555136 ], [ 126.976829, 37.555138 ], [ 126.976827, 37.555139 ], [ 126.976792, 37.555149 ], [ 126.976781, 37.555152 ], [ 126.976775, 37.555154 ], [ 126.97655, 37.555221 ], [ 126.976548, 37.555219 ], [ 126.976608, 37.555464 ], [ 126.976789, 37.555829 ], [ 126.976832, 37.555967 ], [ 126.977299, 37.556066 ], [ 126.977322, 37.556068 ], [ 126.978542, 37.556173 ], [ 126.978694, 37.556186 ], [ 126.978769, 37.556184 ], [ 126.978824, 37.556183 ], [ 126.978985, 37.556178 ], [ 126.979454, 37.555962 ], [ 126.979488, 37.555939 ], [ 126.97965, 37.555837 ], [ 126.980469, 37.555394 ], [ 126.980645, 37.555299 ], [ 126.980888, 37.555137 ], [ 126.981171, 37.55501 ], [ 126.981185, 37.555004 ], [ 126.98128, 37.554961 ], [ 126.981397, 37.554908 ], [ 126.981543, 37.554868 ], [ 126.981866, 37.554779 ], [ 126.982128, 37.554665 ], [ 126.982667, 37.554386 ], [ 126.982839, 37.554442 ], [ 126.982936, 37.554473 ], [ 126.983202, 37.554562 ], [ 126.983356, 37.55466 ], [ 126.983246, 37.555016 ], [ 126.983028, 37.555472 ], [ 126.982984, 37.555564 ], [ 126.983022, 37.556018 ], [ 126.983043, 37.556187 ], [ 126.983082, 37.556509 ], [ 126.982889, 37.55653 ], [ 126.982923, 37.556845 ], [ 126.983121, 37.556826 ], [ 126.983147, 37.557042 ], [ 126.983158, 37.557133 ], [ 126.983167, 37.557204 ], [ 126.983175, 37.557272 ], [ 126.983186, 37.557361 ], [ 126.983203, 37.557503 ], [ 126.983213, 37.557585 ], [ 126.983226, 37.557688 ], [ 126.983228, 37.557681 ], [ 126.983242, 37.557592 ], [ 126.983358, 37.557619 ], [ 126.983384, 37.557625 ], [ 126.983386, 37.557625 ], [ 126.983458, 37.557595 ], [ 126.983473, 37.557595 ], [ 126.983504, 37.55759 ], [ 126.983543, 37.557586 ], [ 126.983548, 37.557585 ], [ 126.983553, 37.557585 ], [ 126.983566, 37.557575 ], [ 126.983558, 37.557561 ], [ 126.983554, 37.557536 ], [ 126.983601, 37.557404 ], [ 126.983643, 37.557381 ], [ 126.983657, 37.557382 ], [ 126.983594, 37.557267 ], [ 126.983573, 37.557227 ], [ 126.983565, 37.557225 ], [ 126.983547, 37.557219 ], [ 126.98351, 37.557209 ], [ 126.983511, 37.557183 ], [ 126.983504, 37.557078 ], [ 126.983496, 37.55695 ], [ 126.983486, 37.556878 ], [ 126.98348, 37.556834 ], [ 126.983478, 37.556805 ], [ 126.983483, 37.556701 ], [ 126.983507, 37.55652 ], [ 126.983663, 37.556721 ], [ 126.983707, 37.556779 ], [ 126.983739, 37.556821 ], [ 126.983797, 37.556894 ], [ 126.98383, 37.556938 ], [ 126.983878, 37.557075 ], [ 126.983883, 37.557075 ], [ 126.983885, 37.557084 ], [ 126.983923, 37.557075 ], [ 126.983952, 37.557068 ], [ 126.984052, 37.557036 ], [ 126.98413, 37.557026 ], [ 126.984142, 37.557012 ], [ 126.984183, 37.556965 ], [ 126.984223, 37.556943 ], [ 126.984245, 37.55693 ], [ 126.98431, 37.556849 ], [ 126.98432, 37.55685 ], [ 126.984354, 37.556782 ], [ 126.984349, 37.556751 ], [ 126.984356, 37.556702 ], [ 126.984356, 37.556701 ], [ 126.984363, 37.556648 ], [ 126.984369, 37.556608 ], [ 126.984404, 37.556562 ], [ 126.984417, 37.556527 ], [ 126.984447, 37.556441 ], [ 126.984495, 37.556304 ], [ 126.984506, 37.556271 ], [ 126.984554, 37.556186 ], [ 126.984611, 37.556133 ], [ 126.984625, 37.55612 ], [ 126.984644, 37.556084 ], [ 126.984684, 37.555994 ], [ 126.984734, 37.556039 ], [ 126.984752, 37.556056 ], [ 126.984741, 37.556083 ], [ 126.984762, 37.556084 ], [ 126.984775, 37.556085 ], [ 126.984774, 37.556083 ], [ 126.98478, 37.556062 ], [ 126.984792, 37.556041 ], [ 126.984794, 37.556023 ], [ 126.984807, 37.555929 ], [ 126.984822, 37.55583 ], [ 126.984915, 37.555841 ], [ 126.985004, 37.555851 ], [ 126.984991, 37.555909 ], [ 126.984971, 37.555999 ], [ 126.984955, 37.556065 ], [ 126.984939, 37.55613 ], [ 126.984937, 37.556136 ], [ 126.984891, 37.556261 ], [ 126.984896, 37.5563 ], [ 126.984939, 37.556328 ], [ 126.98503, 37.556392 ], [ 126.985064, 37.556416 ], [ 126.985148, 37.556476 ], [ 126.985279, 37.556516 ], [ 126.985457, 37.556542 ], [ 126.985577, 37.556565 ], [ 126.985745, 37.556595 ], [ 126.985854, 37.556616 ], [ 126.985918, 37.556674 ], [ 126.98597, 37.556721 ], [ 126.986059, 37.556812 ], [ 126.986103, 37.556872 ], [ 126.986171, 37.556966 ], [ 126.986183, 37.556983 ], [ 126.986255, 37.557047 ], [ 126.986293, 37.557082 ], [ 126.986333, 37.557103 ], [ 126.98634, 37.557106 ], [ 126.986374, 37.557121 ], [ 126.986404, 37.557131 ], [ 126.986437, 37.557143 ], [ 126.986484, 37.557156 ], [ 126.986524, 37.557168 ], [ 126.986575, 37.557179 ], [ 126.986609, 37.557184 ], [ 126.986641, 37.55719 ], [ 126.986732, 37.557204 ], [ 126.986794, 37.557217 ], [ 126.986849, 37.557238 ], [ 126.986891, 37.557259 ], [ 126.986933, 37.557286 ], [ 126.98697, 37.557318 ], [ 126.987024, 37.557381 ], [ 126.987046, 37.557416 ], [ 126.987053, 37.557431 ], [ 126.987068, 37.557477 ], [ 126.987077, 37.557558 ], [ 126.987085, 37.557639 ], [ 126.987088, 37.557673 ], [ 126.987091, 37.557707 ], [ 126.987119, 37.557793 ], [ 126.98712, 37.557796 ], [ 126.987154, 37.557848 ], [ 126.987222, 37.557934 ], [ 126.98726, 37.557972 ], [ 126.987296, 37.55801 ], [ 126.987349, 37.558082 ], [ 126.987393, 37.558153 ], [ 126.987344, 37.558241 ], [ 126.987345, 37.558266 ], [ 126.987346, 37.558285 ], [ 126.987348, 37.558325 ], [ 126.987347, 37.558377 ], [ 126.987346, 37.558433 ], [ 126.987344, 37.558674 ], [ 126.987343, 37.558843 ], [ 126.987343, 37.558845 ], [ 126.98734, 37.559004 ], [ 126.987391, 37.559112 ], [ 126.987435, 37.559175 ], [ 126.987476, 37.5592 ], [ 126.987526, 37.559209 ], [ 126.987691, 37.559239 ], [ 126.987788, 37.559276 ], [ 126.988052, 37.559377 ], [ 126.988078, 37.559412 ], [ 126.988107, 37.559475 ], [ 126.988156, 37.559618 ], [ 126.988165, 37.559646 ], [ 126.988181, 37.559683 ], [ 126.988222, 37.559778 ], [ 126.988228, 37.559792 ], [ 126.988265, 37.559879 ], [ 126.988317, 37.560003 ], [ 126.988394, 37.560218 ], [ 126.988409, 37.560259 ], [ 126.988418, 37.560306 ], [ 126.988419, 37.560428 ], [ 126.988419, 37.560612 ], [ 126.988399, 37.560755 ], [ 126.988345, 37.560857 ], [ 126.988295, 37.560952 ], [ 126.988256, 37.561074 ], [ 126.988247, 37.561114 ], [ 126.988239, 37.561153 ], [ 126.98826, 37.561153 ], [ 126.988388, 37.561164 ], [ 126.988522, 37.561174 ], [ 126.988669, 37.561187 ], [ 126.988708, 37.561189 ], [ 126.988768, 37.561195 ], [ 126.988749, 37.561299 ], [ 126.98876, 37.561359 ], [ 126.988838, 37.561355 ], [ 126.988863, 37.561204 ], [ 126.988922, 37.561211 ], [ 126.98897, 37.561215 ], [ 126.989039, 37.56122 ], [ 126.98905, 37.561221 ], [ 126.989057, 37.561182 ], [ 126.989239, 37.560803 ], [ 126.98933, 37.560673 ], [ 126.989464, 37.560481 ], [ 126.989497, 37.560435 ], [ 126.989529, 37.560388 ], [ 126.989692, 37.560241 ], [ 126.989705, 37.560229 ], [ 126.989831, 37.560116 ], [ 126.989917, 37.560083 ], [ 126.990067, 37.560027 ], [ 126.990137, 37.56 ], [ 126.990151, 37.559995 ], [ 126.990158, 37.559992 ], [ 126.990191, 37.55998 ], [ 126.990409, 37.559902 ], [ 126.990422, 37.559898 ], [ 126.990567, 37.559846 ], [ 126.990942, 37.559713 ], [ 126.991124, 37.559648 ], [ 126.99122, 37.559614 ], [ 126.991302, 37.559585 ], [ 126.991311, 37.559578 ], [ 126.991549, 37.559393 ], [ 126.991722, 37.559478 ], [ 126.991765, 37.559499 ], [ 126.991769, 37.559507 ], [ 126.991822, 37.559605 ], [ 126.991828, 37.559707 ], [ 126.991882, 37.560064 ], [ 126.991843, 37.560158 ], [ 126.991864, 37.560182 ], [ 126.992055, 37.560247 ], [ 126.992058, 37.560248 ], [ 126.992061, 37.56074 ], [ 126.992064, 37.561073 ], [ 126.992166, 37.561075 ], [ 126.992208, 37.561076 ], [ 126.992248, 37.561077 ], [ 126.992366, 37.56108 ], [ 126.992412, 37.561081 ], [ 126.992591, 37.561086 ], [ 126.992649, 37.561087 ], [ 126.992664, 37.561088 ], [ 126.992848, 37.561092 ], [ 126.993051, 37.561097 ], [ 126.993104, 37.561099 ], [ 126.993214, 37.561101 ], [ 126.993251, 37.561102 ], [ 126.993276, 37.561103 ], [ 126.993325, 37.561104 ], [ 126.993438, 37.560859 ], [ 126.993473, 37.560826 ], [ 126.993672, 37.560783 ], [ 126.994263, 37.560678 ], [ 126.99449, 37.560624 ], [ 126.994948, 37.560488 ], [ 126.995048, 37.560456 ], [ 126.995087, 37.560443 ], [ 126.99513, 37.560429 ], [ 126.99526, 37.560388 ], [ 126.995265, 37.560386 ], [ 126.995274, 37.560383 ], [ 126.995329, 37.560366 ], [ 126.995334, 37.560364 ], [ 126.995365, 37.560354 ], [ 126.995381, 37.560349 ], [ 126.995398, 37.560343 ], [ 126.995425, 37.560333 ], [ 126.995417, 37.560241 ], [ 126.995413, 37.560176 ], [ 126.995417, 37.560048 ], [ 126.995417, 37.560022 ], [ 126.995418, 37.559912 ], [ 126.995419, 37.559862 ], [ 126.995421, 37.559788 ], [ 126.995424, 37.559756 ], [ 126.995428, 37.559695 ], [ 126.995427, 37.559546 ], [ 126.995427, 37.559543 ], [ 126.995427, 37.559531 ], [ 126.995427, 37.559525 ], [ 126.995428, 37.55949 ], [ 126.995429, 37.559397 ], [ 126.99543, 37.559335 ], [ 126.995429, 37.559282 ], [ 126.995429, 37.559183 ], [ 126.99544, 37.558995 ], [ 126.99544, 37.558923 ], [ 126.995449, 37.558835 ], [ 126.995451, 37.558765 ], [ 126.995451, 37.558762 ], [ 126.995459, 37.558734 ], [ 126.995466, 37.558705 ], [ 126.995471, 37.558687 ], [ 126.995474, 37.558676 ], [ 126.995493, 37.558601 ], [ 126.995527, 37.558479 ], [ 126.99554, 37.558436 ], [ 126.995541, 37.55843 ], [ 126.995564, 37.558355 ], [ 126.99557, 37.558336 ], [ 126.995577, 37.558314 ], [ 126.995578, 37.558311 ], [ 126.995579, 37.558308 ], [ 126.995585, 37.558284 ], [ 126.995593, 37.558258 ], [ 126.99561, 37.558207 ], [ 126.995615, 37.55819 ], [ 126.995617, 37.558186 ], [ 126.99562, 37.558175 ], [ 126.995623, 37.558167 ], [ 126.995624, 37.558163 ], [ 126.995624, 37.558162 ], [ 126.995634, 37.558132 ], [ 126.995637, 37.55812 ], [ 126.995652, 37.558074 ], [ 126.995656, 37.55806 ], [ 126.995658, 37.558053 ], [ 126.995666, 37.558028 ], [ 126.995668, 37.55802 ], [ 126.995669, 37.558017 ], [ 126.995675, 37.558 ], [ 126.995698, 37.557893 ], [ 126.995696, 37.557842 ], [ 126.995691, 37.557736 ], [ 126.995689, 37.557697 ], [ 126.995678, 37.557576 ], [ 126.995672, 37.55754 ], [ 126.995618, 37.557384 ], [ 126.995587, 37.557313 ], [ 126.995549, 37.557234 ], [ 126.995517, 37.557149 ], [ 126.995463, 37.55705 ], [ 126.995432, 37.557004 ], [ 126.9954, 37.556899 ], [ 126.995344, 37.556744 ], [ 126.995315, 37.556676 ], [ 126.995279, 37.556598 ], [ 126.995265, 37.556555 ], [ 126.995238, 37.556476 ], [ 126.995238, 37.556454 ], [ 126.995239, 37.556425 ], [ 126.995242, 37.556402 ], [ 126.995243, 37.556378 ], [ 126.995248, 37.556346 ], [ 126.99527, 37.556191 ], [ 126.995284, 37.556139 ], [ 126.99513, 37.556136 ], [ 126.994972, 37.556137 ], [ 126.994866, 37.556135 ], [ 126.994721, 37.556109 ], [ 126.994565, 37.556087 ], [ 126.994528, 37.556073 ], [ 126.994528, 37.556073 ], [ 126.994498, 37.556061 ], [ 126.9945, 37.55606 ], [ 126.994626, 37.555992 ], [ 126.994627, 37.555791 ], [ 126.994622, 37.555319 ], [ 126.994612, 37.55524 ], [ 126.994595, 37.555269 ], [ 126.99376, 37.555868 ], [ 126.993757, 37.555873 ], [ 126.993742, 37.555855 ], [ 126.993704, 37.555804 ], [ 126.993646, 37.555726 ], [ 126.993564, 37.555615 ], [ 126.993497, 37.555526 ], [ 126.993654, 37.555446 ], [ 126.993667, 37.555437 ], [ 126.993702, 37.555412 ], [ 126.993753, 37.555376 ], [ 126.993898, 37.555273 ], [ 126.993927, 37.555252 ], [ 126.99414, 37.555089 ], [ 126.994229, 37.55502 ], [ 126.994327, 37.554945 ], [ 126.994391, 37.554901 ], [ 126.994504, 37.554824 ], [ 126.994525, 37.554807 ], [ 126.994631, 37.55492 ], [ 126.994659, 37.554951 ], [ 126.994728, 37.554987 ], [ 126.99477, 37.555035 ], [ 126.994787, 37.555034 ], [ 126.995025, 37.555028 ], [ 126.995341, 37.555047 ], [ 126.995395, 37.555079 ], [ 126.995465, 37.555072 ], [ 126.995564, 37.555061 ], [ 126.995741, 37.555043 ], [ 126.996024, 37.555012 ], [ 126.996166, 37.554997 ], [ 126.996162, 37.555 ], [ 126.996106, 37.555085 ], [ 126.995992, 37.555273 ], [ 126.995872, 37.555498 ], [ 126.995853, 37.555571 ], [ 126.99585, 37.555583 ], [ 126.995778, 37.555682 ], [ 126.99573, 37.555748 ], [ 126.995728, 37.55575 ], [ 126.995728, 37.555752 ], [ 126.995699, 37.555821 ], [ 126.995647, 37.55596 ], [ 126.995631, 37.556035 ], [ 126.995593, 37.556205 ], [ 126.995585, 37.556396 ], [ 126.995594, 37.556485 ], [ 126.995599, 37.556542 ], [ 126.9956, 37.556544 ], [ 126.995604, 37.556553 ], [ 126.995742, 37.556945 ], [ 126.995884, 37.557323 ], [ 126.995935, 37.557636 ], [ 126.995936, 37.557644 ], [ 126.995981, 37.557847 ], [ 126.996058, 37.558282 ], [ 126.99606, 37.558289 ], [ 126.996118, 37.558616 ], [ 126.996385, 37.558588 ], [ 126.996561, 37.558571 ], [ 126.996705, 37.558561 ], [ 126.996728, 37.55856 ], [ 126.997, 37.558542 ], [ 126.997014, 37.558541 ], [ 126.996948, 37.558706 ], [ 126.996915, 37.55879 ], [ 126.996883, 37.558871 ], [ 126.996856, 37.558937 ], [ 126.996841, 37.558977 ], [ 126.996791, 37.559066 ], [ 126.996769, 37.559132 ], [ 126.996755, 37.559147 ], [ 126.996741, 37.559155 ], [ 126.996682, 37.559169 ], [ 126.996659, 37.559173 ], [ 126.996647, 37.559176 ], [ 126.996632, 37.559186 ], [ 126.996623, 37.559205 ], [ 126.996623, 37.559218 ], [ 126.996645, 37.559289 ], [ 126.996681, 37.559339 ], [ 126.996697, 37.559354 ], [ 126.996784, 37.55943 ], [ 126.996803, 37.559445 ], [ 126.996908, 37.559516 ], [ 126.99707, 37.55956 ], [ 126.997086, 37.559525 ], [ 126.997102, 37.559488 ], [ 126.997144, 37.559395 ], [ 126.997151, 37.559379 ], [ 126.997161, 37.559365 ], [ 126.997204, 37.5593 ], [ 126.997214, 37.559283 ], [ 126.997214, 37.559283 ], [ 126.997222, 37.55927 ], [ 126.997242, 37.559238 ], [ 126.997273, 37.559186 ], [ 126.997313, 37.559122 ], [ 126.997339, 37.559103 ], [ 126.997372, 37.559085 ], [ 126.997424, 37.55909 ], [ 126.997632, 37.559146 ], [ 126.997696, 37.559165 ], [ 126.997784, 37.559187 ], [ 126.997818, 37.559196 ], [ 126.997853, 37.559188 ], [ 126.997876, 37.559166 ], [ 126.997891, 37.559141 ], [ 126.997898, 37.559126 ], [ 126.997938, 37.55904 ], [ 126.997955, 37.559004 ], [ 126.997971, 37.558966 ], [ 126.997978, 37.558931 ], [ 126.997981, 37.558913 ], [ 126.997996, 37.558843 ], [ 126.997999, 37.558828 ], [ 126.997998, 37.558808 ], [ 126.997997, 37.558775 ], [ 126.997985, 37.558732 ], [ 126.99798, 37.558712 ], [ 126.997963, 37.558697 ], [ 126.997883, 37.558658 ], [ 126.997646, 37.558542 ], [ 126.99753, 37.558496 ], [ 126.997491, 37.558504 ], [ 126.99735, 37.558518 ], [ 126.997541, 37.558355 ], [ 126.99786, 37.558081 ], [ 126.998204, 37.557888 ], [ 126.998454, 37.557881 ], [ 126.998782, 37.55805 ], [ 126.998779, 37.557908 ], [ 126.999002, 37.557559 ], [ 126.999178, 37.557508 ], [ 126.999294, 37.557508 ], [ 126.99922, 37.557259 ], [ 126.99937, 37.557157 ], [ 126.999281, 37.556928 ], [ 126.999651, 37.556738 ], [ 126.999572, 37.556531 ], [ 126.999866, 37.556198 ], [ 127.000387, 37.555997 ], [ 127.001107, 37.555823 ], [ 127.001897, 37.555667 ], [ 127.001926, 37.555675 ], [ 127.002337, 37.555797 ], [ 127.002374, 37.555808 ], [ 127.002512, 37.555849 ], [ 127.002937, 37.555869 ], [ 127.00293, 37.555978 ], [ 127.002917, 37.556176 ], [ 127.003122, 37.556273 ], [ 127.003282, 37.556474 ], [ 127.003283, 37.556475 ], [ 127.003387, 37.556593 ], [ 127.00343, 37.556642 ], [ 127.003431, 37.556642 ], [ 127.003513, 37.556621 ], [ 127.003591, 37.55666 ], [ 127.003654, 37.556932 ], [ 127.003485, 37.557 ], [ 127.003603, 37.557193 ], [ 127.003252, 37.557369 ], [ 127.003314, 37.557475 ], [ 127.003201, 37.557495 ], [ 127.003302, 37.557705 ], [ 127.003312, 37.557725 ], [ 127.00337, 37.557711 ], [ 127.003656, 37.557642 ], [ 127.003826, 37.557838 ], [ 127.003844, 37.557858 ], [ 127.003762, 37.557835 ], [ 127.003634, 37.5578 ], [ 127.00373, 37.558034 ], [ 127.003797, 37.558196 ], [ 127.003803, 37.55821 ], [ 127.003737, 37.558297 ], [ 127.003628, 37.558439 ], [ 127.003619, 37.558452 ], [ 127.003617, 37.558453 ], [ 127.003593, 37.558556 ], [ 127.003585, 37.558591 ], [ 127.003582, 37.558594 ], [ 127.003441, 37.558714 ], [ 127.003423, 37.558729 ], [ 127.0034, 37.558748 ], [ 127.003345, 37.558792 ], [ 127.003344, 37.558794 ], [ 127.003215, 37.55874 ], [ 127.003149, 37.558712 ], [ 127.003109, 37.558696 ], [ 127.002973, 37.558643 ], [ 127.002807, 37.558577 ], [ 127.002723, 37.558544 ], [ 127.002716, 37.558542 ], [ 127.002721, 37.558514 ], [ 127.002629, 37.558475 ], [ 127.002622, 37.558472 ], [ 127.002507, 37.558525 ], [ 127.002451, 37.558472 ], [ 127.002438, 37.55848 ], [ 127.002435, 37.558482 ], [ 127.002388, 37.5585 ], [ 127.002368, 37.558451 ], [ 127.002361, 37.558435 ], [ 127.002342, 37.558392 ], [ 127.002338, 37.558385 ], [ 127.002335, 37.558384 ], [ 127.002268, 37.558365 ], [ 127.002242, 37.558304 ], [ 127.002242, 37.558304 ], [ 127.002207, 37.558226 ], [ 127.002204, 37.558218 ], [ 127.002201, 37.558219 ], [ 127.002141, 37.558242 ], [ 127.002053, 37.55826 ], [ 127.001932, 37.558284 ], [ 127.001869, 37.558298 ], [ 127.001758, 37.558321 ], [ 127.001688, 37.558338 ], [ 127.001585, 37.558362 ], [ 127.001535, 37.558374 ], [ 127.001394, 37.558406 ], [ 127.001391, 37.558406 ], [ 127.001412, 37.558452 ], [ 127.001431, 37.558456 ], [ 127.001459, 37.558513 ], [ 127.001502, 37.558613 ], [ 127.001523, 37.558655 ], [ 127.001548, 37.558705 ], [ 127.001561, 37.558732 ], [ 127.001571, 37.558752 ], [ 127.001612, 37.55887 ], [ 127.00162, 37.558865 ], [ 127.001649, 37.55885 ], [ 127.001715, 37.558816 ], [ 127.001725, 37.55881 ], [ 127.001837, 37.558751 ], [ 127.001874, 37.558732 ], [ 127.001977, 37.558732 ], [ 127.001985, 37.558732 ], [ 127.002035, 37.558754 ], [ 127.00205, 37.558761 ], [ 127.002061, 37.558766 ], [ 127.0021, 37.558795 ], [ 127.002132, 37.558819 ], [ 127.002212, 37.558879 ], [ 127.002255, 37.558911 ], [ 127.002264, 37.558918 ], [ 127.002302, 37.558933 ], [ 127.002408, 37.558975 ], [ 127.002463, 37.558983 ], [ 127.002534, 37.558994 ], [ 127.002624, 37.559008 ], [ 127.002682, 37.559017 ], [ 127.00285, 37.559042 ], [ 127.002866, 37.559052 ], [ 127.003058, 37.559175 ], [ 127.003092, 37.559159 ], [ 127.003212, 37.559104 ], [ 127.003255, 37.559084 ], [ 127.003385, 37.559025 ], [ 127.003444, 37.558998 ], [ 127.003608, 37.559003 ], [ 127.003754, 37.559007 ], [ 127.003944, 37.559013 ], [ 127.004174, 37.55902 ], [ 127.004381, 37.559026 ], [ 127.004448, 37.559028 ], [ 127.004463, 37.559029 ], [ 127.004522, 37.559031 ], [ 127.004729, 37.559037 ], [ 127.004753, 37.559038 ], [ 127.004766, 37.559038 ], [ 127.00491, 37.559042 ], [ 127.005, 37.559045 ], [ 127.00503, 37.559046 ], [ 127.005146, 37.55905 ], [ 127.00516, 37.55905 ], [ 127.005323, 37.559055 ], [ 127.005373, 37.559056 ], [ 127.005612, 37.559064 ], [ 127.005722, 37.559067 ], [ 127.006077, 37.559008 ], [ 127.006195, 37.558989 ], [ 127.006218, 37.558985 ], [ 127.006226, 37.558983 ], [ 127.006351, 37.558963 ], [ 127.006526, 37.558888 ], [ 127.006887, 37.558732 ], [ 127.006926, 37.558716 ], [ 127.006936, 37.55871 ], [ 127.007147, 37.558599 ], [ 127.007301, 37.558517 ], [ 127.007545, 37.558389 ], [ 127.007553, 37.558384 ], [ 127.007557, 37.558382 ], [ 127.007603, 37.558358 ], [ 127.007769, 37.55827 ], [ 127.007789, 37.558259 ], [ 127.007888, 37.558207 ], [ 127.008037, 37.558128 ], [ 127.00815, 37.558069 ], [ 127.00818, 37.558037 ], [ 127.008184, 37.558034 ], [ 127.008208, 37.558008 ], [ 127.008215, 37.558001 ], [ 127.008205, 37.557968 ], [ 127.008179, 37.557875 ], [ 127.00816, 37.557801 ], [ 127.00816, 37.557799 ], [ 127.008182, 37.557713 ], [ 127.00819, 37.557679 ], [ 127.008239, 37.557579 ], [ 127.00829, 37.557476 ], [ 127.00834, 37.557363 ], [ 127.008367, 37.557303 ], [ 127.00837, 37.55714 ], [ 127.008141, 37.556827 ], [ 127.007973, 37.55658 ], [ 127.007932, 37.556509 ], [ 127.007834, 37.556426 ], [ 127.007616, 37.556343 ], [ 127.007514, 37.556339 ], [ 127.007497, 37.556339 ], [ 127.007485, 37.55634 ], [ 127.007448, 37.55634 ], [ 127.007446, 37.55634 ], [ 127.007265, 37.556278 ], [ 127.007152, 37.556177 ], [ 127.00699, 37.555903 ], [ 127.006887, 37.555805 ], [ 127.006881, 37.5558 ], [ 127.006801, 37.555724 ], [ 127.00679, 37.555721 ], [ 127.006531, 37.555642 ], [ 127.006509, 37.555635 ], [ 127.006333, 37.555564 ], [ 127.006157, 37.555351 ], [ 127.006083, 37.555228 ], [ 127.006076, 37.555216 ], [ 127.006058, 37.555186 ], [ 127.006016, 37.555117 ], [ 127.005938, 37.555047 ], [ 127.00592, 37.555031 ], [ 127.005868, 37.554997 ], [ 127.005824, 37.554966 ], [ 127.005806, 37.554955 ], [ 127.005795, 37.554947 ], [ 127.005749, 37.554917 ], [ 127.005448, 37.55472 ], [ 127.005278, 37.554609 ], [ 127.005225, 37.554574 ], [ 127.005128, 37.554486 ], [ 127.005061, 37.554425 ], [ 127.005057, 37.554421 ], [ 127.005061, 37.554419 ], [ 127.005083, 37.554404 ], [ 127.005083, 37.5544 ], [ 127.005083, 37.554394 ], [ 127.005075, 37.554384 ], [ 127.005041, 37.554343 ], [ 127.005025, 37.554323 ], [ 127.005017, 37.554315 ], [ 127.005017, 37.554313 ], [ 127.00489, 37.554167 ], [ 127.00485, 37.554113 ], [ 127.004834, 37.554093 ], [ 127.004797, 37.554046 ], [ 127.004782, 37.554026 ], [ 127.004716, 37.553941 ], [ 127.004695, 37.553925 ], [ 127.004634, 37.553882 ], [ 127.004568, 37.553837 ], [ 127.004508, 37.553796 ], [ 127.004508, 37.553785 ], [ 127.00451, 37.553751 ], [ 127.004515, 37.553724 ], [ 127.004523, 37.553687 ], [ 127.00454, 37.553609 ], [ 127.004533, 37.553599 ], [ 127.004485, 37.55354 ], [ 127.004434, 37.553477 ], [ 127.004449, 37.553379 ], [ 127.004449, 37.553378 ], [ 127.004455, 37.553345 ], [ 127.004475, 37.553226 ], [ 127.004486, 37.553159 ], [ 127.004503, 37.553057 ], [ 127.004472, 37.553039 ], [ 127.004412, 37.553005 ], [ 127.004347, 37.552968 ], [ 127.004324, 37.552871 ], [ 127.004319, 37.552848 ], [ 127.004271, 37.552649 ], [ 127.00429, 37.552533 ], [ 127.004248, 37.552546 ], [ 127.004193, 37.552576 ], [ 127.004178, 37.55251 ], [ 127.00416, 37.552431 ], [ 127.004151, 37.55242 ], [ 127.003971, 37.55219 ], [ 127.003948, 37.552123 ], [ 127.003909, 37.552009 ], [ 127.003884, 37.551935 ], [ 127.003794, 37.551958 ], [ 127.003776, 37.55191 ], [ 127.003788, 37.551827 ], [ 127.003788, 37.551826 ], [ 127.003804, 37.551717 ], [ 127.003822, 37.551597 ], [ 127.003824, 37.551581 ], [ 127.003836, 37.551495 ], [ 127.003857, 37.551354 ], [ 127.004016, 37.55108 ], [ 127.00402, 37.551075 ], [ 127.004118, 37.550906 ], [ 127.004258, 37.550825 ], [ 127.004317, 37.550784 ], [ 127.004396, 37.550706 ], [ 127.004396, 37.550706 ], [ 127.004387, 37.550668 ], [ 127.004386, 37.550667 ], [ 127.004375, 37.550622 ], [ 127.004359, 37.55056 ], [ 127.004342, 37.550498 ], [ 127.004341, 37.550496 ], [ 127.004226, 37.550376 ], [ 127.004226, 37.550376 ], [ 127.004226, 37.550375 ], [ 127.004285, 37.550271 ], [ 127.004302, 37.550241 ], [ 127.004322, 37.550205 ], [ 127.004209, 37.550151 ], [ 127.004185, 37.550145 ], [ 127.003996, 37.550113 ], [ 127.003722, 37.550066 ], [ 127.003581, 37.550048 ], [ 127.002941, 37.54741 ], [ 127.002799, 37.546872 ], [ 127.00267, 37.546304 ], [ 127.002576, 37.545817 ], [ 127.002546, 37.545681 ], [ 127.002265, 37.544407 ], [ 127.002256, 37.544369 ], [ 127.002243, 37.544307 ], [ 127.002186, 37.544052 ], [ 127.002024, 37.543277 ], [ 127.002017, 37.543178 ], [ 127.002012, 37.543114 ], [ 127.002016, 37.542856 ], [ 127.002029, 37.54258 ], [ 127.002175, 37.542283 ], [ 127.002112, 37.542128 ], [ 127.002092, 37.542077 ], [ 127.002041, 37.541916 ], [ 127.001986, 37.541672 ], [ 127.001892, 37.541731 ], [ 127.001706, 37.541891 ], [ 127.001565, 37.542039 ], [ 127.001264, 37.542468 ], [ 127.000983, 37.542974 ], [ 127.000872, 37.542887 ], [ 127.00038, 37.542498 ], [ 126.999222, 37.541498 ], [ 126.998757, 37.541152 ], [ 126.998197, 37.540938 ], [ 126.997913, 37.540905 ], [ 126.997634, 37.540924 ], [ 126.997634, 37.540924 ], [ 126.997596, 37.540926 ], [ 126.997568, 37.540933 ], [ 126.99756, 37.540935 ], [ 126.997144, 37.541033 ], [ 126.997004, 37.541078 ], [ 126.996899, 37.54112 ], [ 126.996888, 37.541125 ], [ 126.996778, 37.541171 ], [ 126.996638, 37.541258 ], [ 126.996392, 37.541433 ], [ 126.996089, 37.541626 ], [ 126.995684, 37.541885 ], [ 126.995465, 37.542005 ], [ 126.995344, 37.54205 ], [ 126.995087, 37.54211 ], [ 126.994522, 37.542213 ], [ 126.994401, 37.542243 ], [ 126.994261, 37.542285 ], [ 126.994181, 37.542315 ], [ 126.993984, 37.542404 ], [ 126.993887, 37.542448 ], [ 126.993632, 37.542548 ], [ 126.993451, 37.542596 ], [ 126.993341, 37.542617 ], [ 126.992895, 37.542632 ], [ 126.992387, 37.542636 ], [ 126.992206, 37.542638 ], [ 126.991968, 37.54265 ], [ 126.991752, 37.542687 ], [ 126.991608, 37.542735 ], [ 126.991487, 37.542789 ], [ 126.991396, 37.542873 ], [ 126.99131, 37.542969 ], [ 126.991253, 37.543062 ], [ 126.991192, 37.543228 ], [ 126.991147, 37.543396 ], [ 126.991136, 37.54348 ], [ 126.991132, 37.543552 ], [ 126.991132, 37.543659 ], [ 126.991131, 37.543801 ], [ 126.991143, 37.543976 ], [ 126.991131, 37.544079 ], [ 126.991108, 37.544186 ], [ 126.991023, 37.544362 ], [ 126.991007, 37.544391 ], [ 126.99096, 37.544478 ], [ 126.990848, 37.544683 ], [ 126.990571, 37.545129 ], [ 126.990543, 37.545176 ], [ 126.990524, 37.545205 ], [ 126.990447, 37.54531 ], [ 126.990347, 37.545407 ], [ 126.990336, 37.545418 ], [ 126.990333, 37.54542 ], [ 126.990236, 37.54551 ], [ 126.990104, 37.545605 ], [ 126.990021, 37.545661 ], [ 126.989663, 37.5459 ], [ 126.989423, 37.546034 ], [ 126.98942, 37.546035 ], [ 126.989246, 37.54612 ], [ 126.989112, 37.54618 ], [ 126.988972, 37.546207 ], [ 126.98891, 37.546212 ], [ 126.988835, 37.546218 ], [ 126.988732, 37.546214 ], [ 126.988604, 37.546195 ], [ 126.987876, 37.546036 ], [ 126.987686, 37.546025 ], [ 126.987443, 37.546011 ], [ 126.98744, 37.546012 ], [ 126.987331, 37.546026 ], [ 126.98731, 37.546029 ], [ 126.986694, 37.546144 ], [ 126.986468, 37.546189 ], [ 126.986345, 37.546214 ], [ 126.986011, 37.546289 ], [ 126.985698, 37.546372 ], [ 126.985592, 37.546408 ], [ 126.985298, 37.546542 ], [ 126.985118, 37.546646 ], [ 126.984722, 37.546875 ], [ 126.984499, 37.546998 ], [ 126.984495, 37.547004 ], [ 126.984495, 37.547004 ], [ 126.984469, 37.547042 ], [ 126.984464, 37.547048 ], [ 126.984444, 37.547112 ], [ 126.98443, 37.547214 ], [ 126.984407, 37.547613 ], [ 126.984399, 37.547907 ], [ 126.984367, 37.548143 ], [ 126.984335, 37.548293 ], [ 126.984312, 37.548372 ], [ 126.984267, 37.548473 ], [ 126.984121, 37.548693 ], [ 126.984104, 37.548716 ], [ 126.983787, 37.548616 ], [ 126.983546, 37.548541 ], [ 126.983582, 37.548536 ], [ 126.983607, 37.548523 ], [ 126.98364, 37.548494 ], [ 126.983701, 37.548418 ], [ 126.983798, 37.548319 ], [ 126.983863, 37.548267 ], [ 126.983895, 37.54823 ], [ 126.98389, 37.548213 ], [ 126.983796, 37.548177 ], [ 126.983468, 37.548069 ], [ 126.983372, 37.548046 ], [ 126.983355, 37.548041 ], [ 126.983324, 37.548037 ], [ 126.983262, 37.548028 ], [ 126.983287, 37.548113 ], [ 126.983294, 37.548158 ], [ 126.983277, 37.548235 ], [ 126.983253, 37.548285 ], [ 126.983249, 37.5483 ], [ 126.983248, 37.548305 ], [ 126.983243, 37.548328 ], [ 126.983225, 37.548334 ], [ 126.983213, 37.548347 ], [ 126.983076, 37.548476 ], [ 126.983048, 37.548516 ], [ 126.983027, 37.548545 ], [ 126.982996, 37.548592 ], [ 126.982973, 37.548627 ], [ 126.98292, 37.548808 ], [ 126.982882, 37.548948 ], [ 126.982854, 37.549054 ], [ 126.982765, 37.549335 ], [ 126.982746, 37.549383 ], [ 126.98271, 37.549422 ], [ 126.98261, 37.549526 ], [ 126.982561, 37.549566 ], [ 126.98254, 37.549584 ], [ 126.982479, 37.549621 ], [ 126.982405, 37.549679 ], [ 126.9824, 37.549715 ], [ 126.982397, 37.549735 ], [ 126.982367, 37.549817 ], [ 126.982342, 37.54986 ], [ 126.982314, 37.549884 ], [ 126.982255, 37.549898 ], [ 126.982194, 37.549893 ], [ 126.982187, 37.549893 ], [ 126.982222, 37.549914 ], [ 126.982249, 37.549936 ], [ 126.982321, 37.549995 ], [ 126.982417, 37.550063 ], [ 126.982645, 37.550216 ], [ 126.982673, 37.550235 ], [ 126.982524, 37.550384 ], [ 126.982493, 37.550406 ], [ 126.982452, 37.550426 ], [ 126.982402, 37.550433 ], [ 126.982388, 37.550433 ], [ 126.982357, 37.550473 ], [ 126.982275, 37.550576 ], [ 126.982401, 37.550642 ], [ 126.982546, 37.550795 ], [ 126.982629, 37.550906 ], [ 126.982594, 37.550941 ], [ 126.982638, 37.550971 ], [ 126.982914, 37.551115 ], [ 126.982997, 37.551158 ], [ 126.982841, 37.551366 ], [ 126.98264, 37.551599 ], [ 126.982342, 37.551876 ], [ 126.982288, 37.551926 ], [ 126.982104, 37.552091 ], [ 126.982055, 37.552134 ], [ 126.981744, 37.552225 ], [ 126.981655, 37.552218 ], [ 126.980627, 37.552118 ], [ 126.980224, 37.552236 ], [ 126.980032, 37.552367 ], [ 126.97966, 37.552633 ], [ 126.97935, 37.5529 ], [ 126.979357, 37.553108 ], [ 126.979364, 37.553299 ], [ 126.979364, 37.553299 ], [ 126.979193, 37.553285 ], [ 126.978895, 37.55325 ], [ 126.978732, 37.553205 ], [ 126.978732, 37.553205 ], [ 126.978716, 37.5537 ], [ 126.978714, 37.553765 ], [ 126.978713, 37.553795 ] ] ] } },
{ "type": "Feature", "properties": { "name": "북촌한옥마을", "area_code": "POI066", "category": "발달상권" }, "geometry": { "type": "Polygon", "coordinates": [ [ [ 126.988194, 37.583681 ], [ 126.988732, 37.583835 ], [ 126.988742, 37.583813 ], [ 126.988759, 37.583816 ], [ 126.988771, 37.583845 ], [ 126.988813, 37.583872 ], [ 126.988786, 37.58392 ], [ 126.988837, 37.583941 ], [ 126.988853, 37.583932 ], [ 126.988861, 37.583904 ], [ 126.98889, 37.583886 ], [ 126.988998, 37.583955 ], [ 126.989027, 37.58402 ], [ 126.98908, 37.584036 ], [ 126.989134, 37.583944 ], [ 126.989202, 37.58386 ], [ 126.989329, 37.583682 ], [ 126.989374, 37.58351 ], [ 126.989371, 37.58351 ], [ 126.989367, 37.583318 ], [ 126.98938, 37.583256 ], [ 126.989388, 37.5831 ], [ 126.989375, 37.582914 ], [ 126.989395, 37.582866 ], [ 126.989487, 37.582742 ], [ 126.989559, 37.582689 ], [ 126.989665, 37.582546 ], [ 126.989741, 37.582313 ], [ 126.989709, 37.582181 ], [ 126.989655, 37.582054 ], [ 126.989568, 37.581912 ], [ 126.989486, 37.581765 ], [ 126.989476, 37.581644 ], [ 126.989447, 37.581641 ], [ 126.989453, 37.581433 ], [ 126.989472, 37.581395 ], [ 126.989487, 37.581347 ], [ 126.989501, 37.581344 ], [ 126.989512, 37.581133 ], [ 126.989503, 37.580921 ], [ 126.98936, 37.580917 ], [ 126.989322, 37.579986 ], [ 126.989287, 37.579985 ], [ 126.989293, 37.579953 ], [ 126.989319, 37.579952 ], [ 126.989328, 37.579928 ], [ 126.989332, 37.579897 ], [ 126.989333, 37.578963 ], [ 126.989684, 37.577785 ], [ 126.989696, 37.577786 ], [ 126.989806, 37.577402 ], [ 126.989338, 37.577358 ], [ 126.989335, 37.577241 ], [ 126.988358, 37.577219 ], [ 126.987953, 37.577221 ], [ 126.987868, 37.577218 ], [ 126.987512, 37.577182 ], [ 126.98725, 37.577134 ], [ 126.986761, 37.57697 ], [ 126.984379, 37.57584 ], [ 126.984123, 37.575738 ], [ 126.98412, 37.575729 ], [ 126.984047, 37.57571 ], [ 126.983445, 37.575495 ], [ 126.983033, 37.575439 ], [ 126.982631, 37.57541 ], [ 126.98234, 37.575402 ], [ 126.981847, 37.575499 ], [ 126.981686, 37.575535 ], [ 126.980951, 37.575641 ], [ 126.980242, 37.575734 ], [ 126.980147, 37.57574 ], [ 126.980015, 37.575743 ], [ 126.980015, 37.57574 ], [ 126.980005, 37.575738 ], [ 126.979971, 37.575737 ], [ 126.979971, 37.575741 ], [ 126.979899, 37.575733 ], [ 126.979846, 37.575721 ], [ 126.979746, 37.575692 ], [ 126.979688, 37.57567 ], [ 126.979656, 37.575652 ], [ 126.97963, 37.575665 ], [ 126.979585, 37.575676 ], [ 126.979537, 37.575693 ], [ 126.979484, 37.57577 ], [ 126.979558, 37.575884 ], [ 126.979461, 37.576152 ], [ 126.979432, 37.576155 ], [ 126.97935, 37.578016 ], [ 126.979419, 37.578915 ], [ 126.979483, 37.579256 ], [ 126.980318, 37.581798 ], [ 126.980423, 37.582264 ], [ 126.980436, 37.58229 ], [ 126.980442, 37.582324 ], [ 126.980449, 37.582382 ], [ 126.980447, 37.582434 ], [ 126.980415, 37.582532 ], [ 126.980393, 37.582562 ], [ 126.980332, 37.582615 ], [ 126.980003, 37.58283 ], [ 126.979366, 37.583339 ], [ 126.979224, 37.583428 ], [ 126.979231, 37.58344 ], [ 126.979262, 37.583432 ], [ 126.979297, 37.583517 ], [ 126.979269, 37.583529 ], [ 126.979264, 37.583568 ], [ 126.979246, 37.583701 ], [ 126.979247, 37.58371 ], [ 126.979234, 37.583781 ], [ 126.979288, 37.583796 ], [ 126.979341, 37.583821 ], [ 126.979484, 37.583935 ], [ 126.979491, 37.583958 ], [ 126.979375, 37.584481 ], [ 126.979325, 37.585013 ], [ 126.979576, 37.585041 ], [ 126.97957, 37.585097 ], [ 126.979717, 37.585144 ], [ 126.979759, 37.58515 ], [ 126.979784, 37.585151 ], [ 126.979778, 37.585209 ], [ 126.97983, 37.585175 ], [ 126.980081, 37.585341 ], [ 126.97983, 37.585534 ], [ 126.979825, 37.585539 ], [ 126.979823, 37.585755 ], [ 126.979775, 37.585975 ], [ 126.979881, 37.58623 ], [ 126.979907, 37.586322 ], [ 126.979835, 37.586488 ], [ 126.979591, 37.58697 ], [ 126.979809, 37.58749 ], [ 126.979821, 37.587502 ], [ 126.979977, 37.587642 ], [ 126.979993, 37.587654 ], [ 126.98005, 37.587685 ], [ 126.979894, 37.587814 ], [ 126.979879, 37.587791 ], [ 126.979794, 37.587758 ], [ 126.979688, 37.587757 ], [ 126.979729, 37.587892 ], [ 126.979883, 37.587897 ], [ 126.979913, 37.587989 ], [ 126.979969, 37.58804 ], [ 126.980049, 37.588056 ], [ 126.980179, 37.58815 ], [ 126.980061, 37.588243 ], [ 126.980057, 37.588282 ], [ 126.979915, 37.588349 ], [ 126.979895, 37.588418 ], [ 126.979877, 37.588551 ], [ 126.979781, 37.58858 ], [ 126.979749, 37.58863 ], [ 126.97973, 37.588706 ], [ 126.979732, 37.588836 ], [ 126.979759, 37.588866 ], [ 126.979678, 37.588912 ], [ 126.979708, 37.589065 ], [ 126.979671, 37.589195 ], [ 126.979627, 37.589295 ], [ 126.979636, 37.589412 ], [ 126.979698, 37.589458 ], [ 126.979772, 37.589683 ], [ 126.979504, 37.589836 ], [ 126.979452, 37.589801 ], [ 126.979274, 37.589887 ], [ 126.979333, 37.589936 ], [ 126.979341, 37.590092 ], [ 126.979303, 37.590213 ], [ 126.979394, 37.590345 ], [ 126.979723, 37.590354 ], [ 126.979883, 37.590186 ], [ 126.980697, 37.590409 ], [ 126.980912, 37.590306 ], [ 126.981111, 37.590186 ], [ 126.981499, 37.590234 ], [ 126.981895, 37.58943 ], [ 126.981771, 37.589262 ], [ 126.981808, 37.589248 ], [ 126.981831, 37.589065 ], [ 126.982362, 37.589081 ], [ 126.982566, 37.588579 ], [ 126.982598, 37.588596 ], [ 126.983134, 37.588561 ], [ 126.983274, 37.588627 ], [ 126.98332, 37.588688 ], [ 126.983425, 37.588621 ], [ 126.983594, 37.588607 ], [ 126.98362, 37.588602 ], [ 126.983757, 37.588389 ], [ 126.983873, 37.588153 ], [ 126.983868, 37.588084 ], [ 126.983489, 37.587954 ], [ 126.983315, 37.587755 ], [ 126.983315, 37.587667 ], [ 126.983367, 37.587611 ], [ 126.983635, 37.587699 ], [ 126.983804, 37.587695 ], [ 126.983949, 37.587635 ], [ 126.984048, 37.587551 ], [ 126.984072, 37.587458 ], [ 126.984244, 37.587624 ], [ 126.984531, 37.587894 ], [ 126.984858, 37.58795 ], [ 126.98509, 37.588237 ], [ 126.98551, 37.588042 ], [ 126.985649, 37.58807 ], [ 126.985911, 37.58795 ], [ 126.985999, 37.587982 ], [ 126.985917, 37.588348 ], [ 126.986069, 37.588557 ], [ 126.986112, 37.588601 ], [ 126.9862, 37.588629 ], [ 126.986237, 37.588636 ], [ 126.986389, 37.588867 ], [ 126.986642, 37.589025 ], [ 126.986817, 37.588939 ], [ 126.986881, 37.588775 ], [ 126.987031, 37.588693 ], [ 126.987237, 37.588688 ], [ 126.987401, 37.588644 ], [ 126.987693, 37.588396 ], [ 126.987826, 37.588328 ], [ 126.987733, 37.588095 ], [ 126.987832, 37.587868 ], [ 126.987695, 37.587488 ], [ 126.987672, 37.587265 ], [ 126.987715, 37.587143 ], [ 126.987701, 37.587119 ], [ 126.987744, 37.587031 ], [ 126.987817, 37.586779 ], [ 126.987873, 37.586665 ], [ 126.987843, 37.586417 ], [ 126.987788, 37.5862 ], [ 126.987849, 37.585967 ], [ 126.98795, 37.585724 ], [ 126.987953, 37.585559 ], [ 126.987836, 37.585536 ], [ 126.987724, 37.585374 ], [ 126.987595, 37.585236 ], [ 126.987551, 37.585238 ], [ 126.987538, 37.585015 ], [ 126.987579, 37.584904 ], [ 126.987254, 37.584852 ], [ 126.987358, 37.584586 ], [ 126.98757, 37.584026 ], [ 126.987583, 37.58394 ], [ 126.987668, 37.583768 ], [ 126.988097, 37.583706 ], [ 126.988107, 37.583658 ], [ 126.988194, 37.583681 ] ] ] } },
{ "type": "Feature", "properties": { "name": "서촌", "area_code": "POI067", "category": "발달상권" }, "geometry": { "type": "Polygon", "coordinates": [ [ [ 126.96566, 37.579556 ], [ 126.965294, 37.579626 ], [ 126.965063, 37.579579 ], [ 126.964916, 37.579616 ], [ 126.964882, 37.579693 ], [ 126.964905, 37.57948 ], [ 126.964604, 37.579469 ], [ 126.964449, 37.579577 ], [ 126.963955, 37.579682 ], [ 126.96385, 37.579796 ], [ 126.963886, 37.580083 ], [ 126.964098, 37.580192 ], [ 126.96407, 37.580347 ], [ 126.963917, 37.580442 ], [ 126.963873, 37.580572 ], [ 126.963972, 37.580607 ], [ 126.964102, 37.580685 ], [ 126.964135, 37.580755 ], [ 126.964179, 37.580842 ], [ 126.96419, 37.580955 ], [ 126.9642, 37.581181 ], [ 126.9642, 37.581311 ], [ 126.964168, 37.581519 ], [ 126.964102, 37.581815 ], [ 126.963796, 37.58198 ], [ 126.963883, 37.582058 ], [ 126.96408, 37.582032 ], [ 126.963971, 37.582171 ], [ 126.963993, 37.582266 ], [ 126.963992, 37.582371 ], [ 126.963982, 37.582475 ], [ 126.963971, 37.582579 ], [ 126.964025, 37.582588 ], [ 126.96408, 37.582597 ], [ 126.964287, 37.582657 ], [ 126.964385, 37.582736 ], [ 126.96444, 37.582797 ], [ 126.96444, 37.582875 ], [ 126.964494, 37.582962 ], [ 126.96468, 37.582962 ], [ 126.9648, 37.582996 ], [ 126.964975, 37.583057 ], [ 126.965018, 37.583144 ], [ 126.964996, 37.583292 ], [ 126.964964, 37.583353 ], [ 126.964974, 37.583422 ], [ 126.965051, 37.583492 ], [ 126.965051, 37.5835 ], [ 126.964974, 37.583891 ], [ 126.965029, 37.583917 ], [ 126.96516, 37.583961 ], [ 126.965455, 37.584013 ], [ 126.965509, 37.584004 ], [ 126.965793, 37.583952 ], [ 126.966219, 37.584022 ], [ 126.966448, 37.584144 ], [ 126.966623, 37.584222 ], [ 126.96671, 37.58417 ], [ 126.966808, 37.584135 ], [ 126.966961, 37.58417 ], [ 126.967026, 37.584405 ], [ 126.967081, 37.584378 ], [ 126.967223, 37.584318 ], [ 126.967507, 37.584266 ], [ 126.967671, 37.584231 ], [ 126.967922, 37.584179 ], [ 126.968085, 37.584109 ], [ 126.968315, 37.584092 ], [ 126.96862, 37.584031 ], [ 126.969068, 37.583962 ], [ 126.970225, 37.583797 ], [ 126.973238, 37.58365 ], [ 126.973603, 37.583558 ], [ 126.973803, 37.57952 ], [ 126.974233, 37.575906 ], [ 126.971091, 37.576144 ], [ 126.970228, 37.576213 ], [ 126.969682, 37.576195 ], [ 126.969475, 37.576134 ], [ 126.969257, 37.576204 ], [ 126.969038, 37.576282 ], [ 126.968853, 37.576352 ], [ 126.96846, 37.576499 ], [ 126.968296, 37.576586 ], [ 126.968078, 37.576699 ], [ 126.967925, 37.576846 ], [ 126.967761, 37.576942 ], [ 126.967663, 37.577055 ], [ 126.967586, 37.577229 ], [ 126.967586, 37.577342 ], [ 126.967586, 37.577498 ], [ 126.967596, 37.57757 ], [ 126.967235, 37.577604 ], [ 126.967208, 37.577621 ], [ 126.966829, 37.577627 ], [ 126.966676, 37.577691 ], [ 126.965988, 37.577723 ], [ 126.965955, 37.577833 ], [ 126.966003, 37.577844 ], [ 126.96619, 37.577972 ], [ 126.9663, 37.578021 ], [ 126.966468, 37.578053 ], [ 126.966627, 37.578114 ], [ 126.966693, 37.578217 ], [ 126.966892, 37.578164 ], [ 126.966973, 37.578162 ], [ 126.966974, 37.578224 ], [ 126.967187, 37.578222 ], [ 126.967298, 37.578179 ], [ 126.967272, 37.57805 ], [ 126.967605, 37.578021 ], [ 126.967614, 37.577888 ], [ 126.967677, 37.577884 ], [ 126.967683, 37.577906 ], [ 126.967708, 37.577936 ], [ 126.968157, 37.577928 ], [ 126.968175, 37.578052 ], [ 126.968442, 37.578026 ], [ 126.968481, 37.578202 ], [ 126.968197, 37.578245 ], [ 126.968175, 37.578297 ], [ 126.968164, 37.578323 ], [ 126.968164, 37.578402 ], [ 126.968164, 37.578489 ], [ 126.968186, 37.578584 ], [ 126.968219, 37.57868 ], [ 126.968241, 37.578775 ], [ 126.968295, 37.578853 ], [ 126.96835, 37.578992 ], [ 126.968262, 37.579105 ], [ 126.968175, 37.579236 ], [ 126.967935, 37.579131 ], [ 126.967935, 37.579071 ], [ 126.967902, 37.579053 ], [ 126.967837, 37.578992 ], [ 126.96776, 37.578966 ], [ 126.967629, 37.578992 ], [ 126.967465, 37.579027 ], [ 126.967465, 37.579279 ], [ 126.967454, 37.579531 ], [ 126.9674, 37.579687 ], [ 126.966941, 37.579583 ], [ 126.966461, 37.579583 ], [ 126.966461, 37.579426 ], [ 126.966352, 37.579381 ], [ 126.966217, 37.579358 ], [ 126.9662, 37.57944 ], [ 126.966099, 37.57944 ], [ 126.965773, 37.579357 ], [ 126.965737, 37.579445 ], [ 126.965674, 37.579381 ], [ 126.965659, 37.579456 ], [ 126.96566, 37.579556 ] ] ] } },
{ "type": "Feature", "properties": { "name": "성수카페거리", "area_code": "POI068", "category": "발달상권" }, "geometry": { "type": "Polygon", "coordinates": [ [ [ 127.049666, 37.544424 ], [ 127.050018, 37.545325 ], [ 127.05063, 37.546891 ], [ 127.064235, 37.542757 ], [ 127.063926, 37.542195 ], [ 127.062989, 37.540491 ], [ 127.062226, 37.539186 ], [ 127.061847, 37.539616 ], [ 127.057426, 37.540979 ], [ 127.057299, 37.540718 ], [ 127.055056, 37.539656 ], [ 127.054502, 37.54102 ], [ 127.053621, 37.542064 ], [ 127.051038, 37.542025 ], [ 127.051568, 37.542898 ], [ 127.049527, 37.544033 ], [ 127.049666, 37.544424 ] ] ] } },
{ "type": "Feature", "properties": { "name": "쌍문역", "area_code": "POI070", "category": "인구밀집지역" }, "geometry": { "type": "Polygon", "coordinates": [ [ [ 127.03345, 37.646536 ], [ 127.033445, 37.646529 ], [ 127.033437, 37.646515 ], [ 127.033352, 37.646373 ], [ 127.033225, 37.646158 ], [ 127.033109, 37.645966 ], [ 127.033049, 37.64586 ], [ 127.033005, 37.645787 ], [ 127.032939, 37.645677 ], [ 127.032875, 37.645569 ], [ 127.032816, 37.64547 ], [ 127.032759, 37.645375 ], [ 127.032712, 37.645296 ], [ 127.032656, 37.645202 ], [ 127.032642, 37.645178 ], [ 127.032547, 37.645018 ], [ 127.032467, 37.644884 ], [ 127.032434, 37.644828 ], [ 127.032356, 37.644698 ], [ 127.032298, 37.644599 ], [ 127.032287, 37.64458 ], [ 127.032247, 37.644513 ], [ 127.032224, 37.644475 ], [ 127.032219, 37.644467 ], [ 127.032034, 37.644164 ], [ 127.031946, 37.644048 ], [ 127.031946, 37.644047 ], [ 127.031829, 37.643884 ], [ 127.031797, 37.643842 ], [ 127.031732, 37.643758 ], [ 127.031729, 37.643755 ], [ 127.031666, 37.643683 ], [ 127.031591, 37.643591 ], [ 127.031407, 37.64339 ], [ 127.031391, 37.643374 ], [ 127.03137, 37.643353 ], [ 127.031334, 37.643317 ], [ 127.031252, 37.643239 ], [ 127.031073, 37.643074 ], [ 127.030853, 37.64287 ], [ 127.030722, 37.642952 ], [ 127.030109, 37.643341 ], [ 127.030093, 37.64335 ], [ 127.030121, 37.643377 ], [ 127.030376, 37.643599 ], [ 127.030453, 37.643666 ], [ 127.030491, 37.643702 ], [ 127.03054, 37.643748 ], [ 127.03058, 37.643786 ], [ 127.030613, 37.643818 ], [ 127.030686, 37.643888 ], [ 127.030749, 37.643947 ], [ 127.03083, 37.644025 ], [ 127.030838, 37.644032 ], [ 127.030876, 37.644068 ], [ 127.03088, 37.644072 ], [ 127.030929, 37.644112 ], [ 127.030939, 37.64412 ], [ 127.03099, 37.644176 ], [ 127.031004, 37.6442 ], [ 127.031054, 37.644283 ], [ 127.031074, 37.644318 ], [ 127.03111, 37.644375 ], [ 127.031115, 37.644382 ], [ 127.031153, 37.644443 ], [ 127.031161, 37.644457 ], [ 127.031187, 37.644498 ], [ 127.031218, 37.644551 ], [ 127.031258, 37.644622 ], [ 127.031261, 37.644626 ], [ 127.031312, 37.644714 ], [ 127.031321, 37.64473 ], [ 127.031436, 37.644929 ], [ 127.031676, 37.645345 ], [ 127.031736, 37.645448 ], [ 127.031676, 37.645471 ], [ 127.031541, 37.645522 ], [ 127.03155, 37.645563 ], [ 127.031646, 37.645999 ], [ 127.031662, 37.646075 ], [ 127.031659, 37.646082 ], [ 127.031656, 37.646087 ], [ 127.03162, 37.646162 ], [ 127.031598, 37.646208 ], [ 127.03154, 37.646328 ], [ 127.031511, 37.64639 ], [ 127.03149, 37.646436 ], [ 127.031483, 37.646451 ], [ 127.031429, 37.646569 ], [ 127.031419, 37.646592 ], [ 127.031395, 37.646643 ], [ 127.031391, 37.646651 ], [ 127.031357, 37.64673 ], [ 127.031297, 37.646866 ], [ 127.031257, 37.646938 ], [ 127.031255, 37.646941 ], [ 127.03123, 37.646986 ], [ 127.031233, 37.646986 ], [ 127.031236, 37.646986 ], [ 127.03134, 37.646983 ], [ 127.031347, 37.646983 ], [ 127.031467, 37.64698 ], [ 127.031531, 37.646978 ], [ 127.03157, 37.646978 ], [ 127.031574, 37.647015 ], [ 127.031574, 37.647016 ], [ 127.031579, 37.64707 ], [ 127.031603, 37.647201 ], [ 127.031609, 37.647236 ], [ 127.031622, 37.647311 ], [ 127.031635, 37.647382 ], [ 127.031643, 37.647416 ], [ 127.03165, 37.647449 ], [ 127.031674, 37.647551 ], [ 127.03168, 37.647578 ], [ 127.031682, 37.64759 ], [ 127.03169, 37.647635 ], [ 127.031702, 37.647702 ], [ 127.031712, 37.647755 ], [ 127.031722, 37.647816 ], [ 127.031723, 37.647822 ], [ 127.031729, 37.647856 ], [ 127.031733, 37.647874 ], [ 127.031743, 37.647923 ], [ 127.031744, 37.647929 ], [ 127.031732, 37.647931 ], [ 127.031632, 37.647939 ], [ 127.031602, 37.64794 ], [ 127.031481, 37.647936 ], [ 127.031474, 37.647972 ], [ 127.031471, 37.647989 ], [ 127.03147, 37.647997 ], [ 127.031457, 37.648075 ], [ 127.031453, 37.648099 ], [ 127.031437, 37.6482 ], [ 127.031435, 37.648214 ], [ 127.031431, 37.648238 ], [ 127.031408, 37.648383 ], [ 127.031383, 37.648381 ], [ 127.031323, 37.648375 ], [ 127.031301, 37.648373 ], [ 127.031231, 37.648366 ], [ 127.031197, 37.648363 ], [ 127.03113, 37.648348 ], [ 127.031129, 37.648378 ], [ 127.031128, 37.648381 ], [ 127.031099, 37.64847 ], [ 127.031087, 37.648506 ], [ 127.031076, 37.64854 ], [ 127.031074, 37.648547 ], [ 127.031059, 37.648597 ], [ 127.03105, 37.648625 ], [ 127.031024, 37.648706 ], [ 127.03102, 37.648723 ], [ 127.031008, 37.648763 ], [ 127.030995, 37.648808 ], [ 127.031178, 37.648845 ], [ 127.031225, 37.648854 ], [ 127.031246, 37.648858 ], [ 127.031329, 37.648874 ], [ 127.031416, 37.648889 ], [ 127.0315, 37.648904 ], [ 127.031623, 37.648929 ], [ 127.031593, 37.649038 ], [ 127.031592, 37.649041 ], [ 127.031587, 37.64906 ], [ 127.031714, 37.649069 ], [ 127.03184, 37.649075 ], [ 127.031844, 37.64904 ], [ 127.031847, 37.64902 ], [ 127.031854, 37.648961 ], [ 127.031856, 37.648946 ], [ 127.031859, 37.648916 ], [ 127.031864, 37.64886 ], [ 127.031866, 37.648845 ], [ 127.031869, 37.648812 ], [ 127.031876, 37.648739 ], [ 127.031877, 37.648724 ], [ 127.031881, 37.648673 ], [ 127.031881, 37.648665 ], [ 127.031883, 37.648653 ], [ 127.031892, 37.648584 ], [ 127.031903, 37.648505 ], [ 127.031911, 37.648453 ], [ 127.031954, 37.648456 ], [ 127.031982, 37.648457 ], [ 127.032032, 37.64846 ], [ 127.0321, 37.648466 ], [ 127.032195, 37.648475 ], [ 127.032211, 37.648476 ], [ 127.032307, 37.648481 ], [ 127.03235, 37.648483 ], [ 127.032393, 37.648485 ], [ 127.03239, 37.648506 ], [ 127.03239, 37.648508 ], [ 127.032377, 37.648601 ], [ 127.032372, 37.648633 ], [ 127.032369, 37.648656 ], [ 127.032363, 37.648695 ], [ 127.032354, 37.648754 ], [ 127.03235, 37.648787 ], [ 127.032342, 37.648837 ], [ 127.032341, 37.648848 ], [ 127.032329, 37.648953 ], [ 127.032326, 37.648976 ], [ 127.032323, 37.649037 ], [ 127.032356, 37.649038 ], [ 127.032364, 37.649039 ], [ 127.03237, 37.649039 ], [ 127.032418, 37.649042 ], [ 127.032481, 37.649048 ], [ 127.0325, 37.64905 ], [ 127.032524, 37.649053 ], [ 127.032571, 37.649054 ], [ 127.032639, 37.649056 ], [ 127.032659, 37.649048 ], [ 127.032767, 37.649005 ], [ 127.032802, 37.64899 ], [ 127.032906, 37.648952 ], [ 127.033002, 37.648917 ], [ 127.033051, 37.648899 ], [ 127.033069, 37.648892 ], [ 127.03314, 37.648864 ], [ 127.033204, 37.64884 ], [ 127.033297, 37.648803 ], [ 127.033324, 37.648793 ], [ 127.033363, 37.648778 ], [ 127.033426, 37.648754 ], [ 127.033434, 37.648751 ], [ 127.033626, 37.648676 ], [ 127.033672, 37.648685 ], [ 127.033685, 37.648707 ], [ 127.033693, 37.648721 ], [ 127.033732, 37.648788 ], [ 127.033796, 37.648897 ], [ 127.03385, 37.64899 ], [ 127.033907, 37.649088 ], [ 127.033963, 37.649185 ], [ 127.034021, 37.649283 ], [ 127.034079, 37.649382 ], [ 127.034184, 37.649562 ], [ 127.034125, 37.649587 ], [ 127.033981, 37.649642 ], [ 127.033933, 37.649661 ], [ 127.033871, 37.649684 ], [ 127.033776, 37.649721 ], [ 127.033764, 37.649726 ], [ 127.033677, 37.649759 ], [ 127.033644, 37.649772 ], [ 127.033585, 37.649791 ], [ 127.033511, 37.649811 ], [ 127.033488, 37.649815 ], [ 127.033469, 37.649817 ], [ 127.033439, 37.64982 ], [ 127.033419, 37.650019 ], [ 127.033411, 37.650094 ], [ 127.033406, 37.650144 ], [ 127.033401, 37.650186 ], [ 127.033398, 37.650222 ], [ 127.033395, 37.65025 ], [ 127.03339, 37.650299 ], [ 127.033389, 37.650307 ], [ 127.033382, 37.650379 ], [ 127.03338, 37.650391 ], [ 127.033374, 37.650456 ], [ 127.033522, 37.650467 ], [ 127.033616, 37.650474 ], [ 127.033596, 37.650634 ], [ 127.033336, 37.650613 ], [ 127.033331, 37.650656 ], [ 127.033327, 37.650683 ], [ 127.033318, 37.650758 ], [ 127.033309, 37.650827 ], [ 127.033303, 37.650873 ], [ 127.033282, 37.65103 ], [ 127.033274, 37.651137 ], [ 127.033273, 37.651144 ], [ 127.033727, 37.651178 ], [ 127.033742, 37.651179 ], [ 127.033964, 37.651195 ], [ 127.033977, 37.651196 ], [ 127.03402, 37.6512 ], [ 127.034022, 37.6512 ], [ 127.035029, 37.651275 ], [ 127.035037, 37.651276 ], [ 127.03504, 37.651276 ], [ 127.035214, 37.651289 ], [ 127.035215, 37.651289 ], [ 127.035217, 37.65129 ], [ 127.036291, 37.65137 ], [ 127.036329, 37.651373 ], [ 127.036328, 37.651371 ], [ 127.036312, 37.651345 ], [ 127.036073, 37.650943 ], [ 127.036011, 37.65084 ], [ 127.035998, 37.650818 ], [ 127.035752, 37.650403 ], [ 127.03556, 37.65008 ], [ 127.035286, 37.64962 ], [ 127.035256, 37.649569 ], [ 127.035111, 37.64932 ], [ 127.03626, 37.648814 ], [ 127.037203, 37.648849 ], [ 127.037437, 37.646285 ], [ 127.034698, 37.646098 ], [ 127.033485470919686, 37.646594807051045 ], [ 127.03345, 37.646536 ] ], [ [ 127.033488, 37.646599 ], [ 127.033485, 37.646595 ], [ 127.033485470919686, 37.646594807051045 ], [ 127.033488, 37.646599 ] ] ] } },
{ "type": "Feature", "properties": { "name": "압구정로데오거리", "area_code": "POI071", "category": "발달상권" }, "geometry": { "type": "Polygon", "coordinates": [ [ [ 127.033599, 37.527899 ], [ 127.033664, 37.528377 ], [ 127.033674, 37.528451 ], [ 127.033716, 37.528753 ], [ 127.03377, 37.52913 ], [ 127.033774, 37.529156 ], [ 127.03378, 37.529156 ], [ 127.033938, 37.529162 ], [ 127.034112, 37.529169 ], [ 127.034124, 37.52917 ], [ 127.03432, 37.52917 ], [ 127.034474, 37.52917 ], [ 127.034824, 37.529155 ], [ 127.035092, 37.529133 ], [ 127.035172, 37.529127 ], [ 127.035283, 37.529113 ], [ 127.035418, 37.529096 ], [ 127.035518, 37.529084 ], [ 127.035694, 37.529054 ], [ 127.03574, 37.529047 ], [ 127.035803, 37.529036 ], [ 127.036031, 37.528992 ], [ 127.036087, 37.528979 ], [ 127.036212, 37.52895 ], [ 127.036316, 37.528926 ], [ 127.036367, 37.528914 ], [ 127.036625, 37.528848 ], [ 127.036851, 37.528791 ], [ 127.036898, 37.528779 ], [ 127.036921, 37.528773 ], [ 127.037168, 37.52871 ], [ 127.037436, 37.528645 ], [ 127.037705, 37.528575 ], [ 127.037903, 37.528523 ], [ 127.037979, 37.528503 ], [ 127.038054, 37.528484 ], [ 127.038242, 37.528436 ], [ 127.03837, 37.528403 ], [ 127.039125, 37.528211 ], [ 127.039833, 37.52803 ], [ 127.040276, 37.527917 ], [ 127.040694, 37.527811 ], [ 127.040694, 37.527811 ], [ 127.040694, 37.527811 ], [ 127.042336, 37.527392 ], [ 127.043659, 37.527055 ], [ 127.043761, 37.527029 ], [ 127.043761, 37.527029 ], [ 127.043777, 37.527024 ], [ 127.043819, 37.527011 ], [ 127.044551, 37.526824 ], [ 127.044707, 37.526783 ], [ 127.04518, 37.52666 ], [ 127.045347, 37.526614 ], [ 127.045381, 37.526601 ], [ 127.045413, 37.526588 ], [ 127.045433, 37.526581 ], [ 127.045587, 37.526521 ], [ 127.045666, 37.526492 ], [ 127.045695, 37.526478 ], [ 127.045812, 37.526412 ], [ 127.045893, 37.526358 ], [ 127.04599, 37.526294 ], [ 127.046024, 37.526269 ], [ 127.046104, 37.526208 ], [ 127.0462, 37.526127 ], [ 127.046219, 37.526109 ], [ 127.046288, 37.526039 ], [ 127.046356, 37.525965 ], [ 127.046384, 37.525934 ], [ 127.046456, 37.525837 ], [ 127.046526, 37.525725 ], [ 127.046547, 37.52569 ], [ 127.046593, 37.525612 ], [ 127.04662, 37.525558 ], [ 127.046659, 37.525488 ], [ 127.046668, 37.525471 ], [ 127.046683, 37.525442 ], [ 127.046692, 37.525426 ], [ 127.04679, 37.525234 ], [ 127.046804, 37.525209 ], [ 127.04688, 37.525064 ], [ 127.046901, 37.525026 ], [ 127.046921, 37.524995 ], [ 127.046935, 37.52497 ], [ 127.046951, 37.524938 ], [ 127.047013, 37.524819 ], [ 127.04703, 37.524786 ], [ 127.047123, 37.524612 ], [ 127.047141, 37.524579 ], [ 127.047167, 37.524531 ], [ 127.047234, 37.524405 ], [ 127.047253, 37.524372 ], [ 127.047342, 37.524209 ], [ 127.047341, 37.524208 ], [ 127.047141, 37.524183 ], [ 127.046947, 37.524158 ], [ 127.046884, 37.524151 ], [ 127.046627, 37.524119 ], [ 127.046437, 37.524093 ], [ 127.046313, 37.52408 ], [ 127.046254, 37.524073 ], [ 127.046228, 37.52407 ], [ 127.045978, 37.524038 ], [ 127.045737, 37.524006 ], [ 127.045643, 37.523994 ], [ 127.045586, 37.523984 ], [ 127.045308, 37.52395 ], [ 127.044973, 37.523907 ], [ 127.04465, 37.523864 ], [ 127.043522, 37.523733 ], [ 127.043501, 37.52373 ], [ 127.04349, 37.523729 ], [ 127.043332, 37.523714 ], [ 127.043018, 37.523684 ], [ 127.042995, 37.523681 ], [ 127.042984, 37.523681 ], [ 127.042894, 37.523672 ], [ 127.042816, 37.523662 ], [ 127.042615, 37.523635 ], [ 127.042414, 37.523609 ], [ 127.042336, 37.523598 ], [ 127.042013, 37.523556 ], [ 127.041365, 37.523471 ], [ 127.040526, 37.52336 ], [ 127.040525, 37.52336 ], [ 127.040303, 37.523331 ], [ 127.04008, 37.523302 ], [ 127.039959, 37.523291 ], [ 127.039776, 37.523261 ], [ 127.039452, 37.523219 ], [ 127.039259, 37.5232 ], [ 127.039058, 37.523181 ], [ 127.039058, 37.523181 ], [ 127.039056, 37.52318 ], [ 127.038426, 37.52298 ], [ 127.038224, 37.522916 ], [ 127.038188, 37.522904 ], [ 127.037533, 37.522696 ], [ 127.037377, 37.522647 ], [ 127.037377, 37.522647 ], [ 127.036988, 37.522523 ], [ 127.036967, 37.522517 ], [ 127.035936, 37.522189 ], [ 127.035936, 37.522189 ], [ 127.034725, 37.521805 ], [ 127.034523, 37.521741 ], [ 127.033849, 37.521527 ], [ 127.033837, 37.521523 ], [ 127.033703, 37.52182 ], [ 127.033449, 37.522374 ], [ 127.033449, 37.522374 ], [ 127.03344, 37.522396 ], [ 127.033305, 37.52275 ], [ 127.033237, 37.52301 ], [ 127.033235, 37.52302 ], [ 127.033193, 37.5232 ], [ 127.033175, 37.523316 ], [ 127.033158, 37.523433 ], [ 127.033127, 37.523666 ], [ 127.033118, 37.523776 ], [ 127.033104, 37.52397 ], [ 127.0331, 37.524026 ], [ 127.033114, 37.524377 ], [ 127.033284, 37.525587 ], [ 127.033324, 37.52588 ], [ 127.033392, 37.526378 ], [ 127.033423, 37.526609 ], [ 127.033505, 37.527206 ], [ 127.033553, 37.527562 ], [ 127.033586, 37.527803 ], [ 127.033599, 37.527899 ] ] ] } },
{ "type": "Feature", "properties": { "name": "연남동", "area_code": "POI073", "category": "발달상권" }, "geometry": { "type": "Polygon", "coordinates": [ [ [ 126.922958, 37.564171 ], [ 126.922984, 37.564183 ], [ 126.924221, 37.564802 ], [ 126.925327, 37.565273 ], [ 126.926671, 37.56442 ], [ 126.928141, 37.563111 ], [ 126.927401, 37.562127 ], [ 126.927185, 37.561793 ], [ 126.927086, 37.561763 ], [ 126.92698, 37.56171 ], [ 126.92694, 37.561668 ], [ 126.926493, 37.561418 ], [ 126.926013, 37.56106 ], [ 126.92585, 37.560902 ], [ 126.92559, 37.560418 ], [ 126.925529, 37.560379 ], [ 126.925476, 37.56039 ], [ 126.925389, 37.560393 ], [ 126.925289, 37.560401 ], [ 126.925251, 37.560402 ], [ 126.925219, 37.560406 ], [ 126.925137, 37.56043 ], [ 126.925135, 37.560426 ], [ 126.925055, 37.560443 ], [ 126.924973, 37.560512 ], [ 126.924962, 37.560507 ], [ 126.924908, 37.560546 ], [ 126.924886, 37.560576 ], [ 126.924872, 37.560576 ], [ 126.924803, 37.560597 ], [ 126.92478, 37.560606 ], [ 126.924752, 37.560632 ], [ 126.924742, 37.560628 ], [ 126.924666, 37.560664 ], [ 126.924621, 37.560763 ], [ 126.924508, 37.560787 ], [ 126.924142, 37.560888 ], [ 126.924047, 37.560748 ], [ 126.923998, 37.560617 ], [ 126.923965, 37.56055 ], [ 126.923949, 37.560289 ], [ 126.923905, 37.560145 ], [ 126.923866, 37.560149 ], [ 126.923851, 37.560083 ], [ 126.923808, 37.560052 ], [ 126.923769, 37.559984 ], [ 126.923274, 37.560588 ], [ 126.921747, 37.559564 ], [ 126.918847, 37.557572 ], [ 126.916289, 37.560312 ], [ 126.919307, 37.562131 ], [ 126.92044, 37.562774 ], [ 126.920435, 37.562779 ], [ 126.921152, 37.563207 ], [ 126.921151, 37.563209 ], [ 126.921256, 37.563276 ], [ 126.921601, 37.563451 ], [ 126.921642, 37.563472 ], [ 126.921796, 37.563551 ], [ 126.921839, 37.563572 ], [ 126.922958, 37.564171 ] ] ] } },
{ "type": "Feature", "properties": { "name": "영등포 타임스퀘어", "area_code": "POI074", "category": "발달상권" }, "geometry": { "type": "Polygon", "coordinates": [ [ [ 126.903466, 37.514145 ], [ 126.903745, 37.514305 ], [ 126.90364, 37.514457 ], [ 126.90407, 37.514647 ], [ 126.904235, 37.514909 ], [ 126.90422, 37.514909 ], [ 126.90421, 37.514909 ], [ 126.904038, 37.514909 ], [ 126.903885, 37.514917 ], [ 126.903856, 37.514918 ], [ 126.903831, 37.514919 ], [ 126.903825, 37.51492 ], [ 126.903715, 37.514939 ], [ 126.903659, 37.514958 ], [ 126.90363, 37.514968 ], [ 126.903558, 37.514996 ], [ 126.903478, 37.515027 ], [ 126.903444, 37.51504 ], [ 126.903344, 37.515085 ], [ 126.903209, 37.515141 ], [ 126.903099, 37.515186 ], [ 126.903091, 37.51519 ], [ 126.903072, 37.515197 ], [ 126.903013, 37.515222 ], [ 126.902917, 37.515253 ], [ 126.902912, 37.515255 ], [ 126.902906, 37.515258 ], [ 126.902901, 37.515261 ], [ 126.902889, 37.515268 ], [ 126.902887, 37.515269 ], [ 126.902881, 37.515272 ], [ 126.902861, 37.515284 ], [ 126.902845, 37.515294 ], [ 126.902745, 37.515355 ], [ 126.902646, 37.515415 ], [ 126.902641, 37.51542 ], [ 126.902613, 37.515451 ], [ 126.902575, 37.515492 ], [ 126.902571, 37.515497 ], [ 126.902528, 37.515552 ], [ 126.902496, 37.515593 ], [ 126.902451, 37.515655 ], [ 126.902398, 37.515727 ], [ 126.902333, 37.515814 ], [ 126.902286, 37.515878 ], [ 126.902268, 37.515901 ], [ 126.902227, 37.515957 ], [ 126.90216, 37.516049 ], [ 126.9021, 37.51613 ], [ 126.902094, 37.516138 ], [ 126.902063, 37.516201 ], [ 126.902053, 37.516226 ], [ 126.902034, 37.516276 ], [ 126.90202, 37.516309 ], [ 126.901989, 37.516385 ], [ 126.901976, 37.516423 ], [ 126.901951, 37.516497 ], [ 126.901919, 37.516588 ], [ 126.90187, 37.516725 ], [ 126.901829, 37.516843 ], [ 126.901817, 37.516878 ], [ 126.901091, 37.518539 ], [ 126.905757, 37.518099 ], [ 126.905729, 37.518152 ], [ 126.905485, 37.51864 ], [ 126.905264, 37.519081 ], [ 126.904917, 37.519774 ], [ 126.904844, 37.519983 ], [ 126.904931, 37.519965 ], [ 126.905846, 37.519775 ], [ 126.906058, 37.519729 ], [ 126.906424, 37.51965 ], [ 126.907037, 37.519518 ], [ 126.907655, 37.519384 ], [ 126.907753, 37.519367 ], [ 126.907799, 37.51936 ], [ 126.907938, 37.51933 ], [ 126.908387, 37.519234 ], [ 126.909496, 37.518998 ], [ 126.910646, 37.518753 ], [ 126.911335, 37.518607 ], [ 126.911891, 37.518488 ], [ 126.912206, 37.518433 ], [ 126.912337, 37.518429 ], [ 126.912427, 37.518426 ], [ 126.912336, 37.518394 ], [ 126.91217, 37.518334 ], [ 126.91153, 37.518106 ], [ 126.911526, 37.518104 ], [ 126.911351, 37.518042 ], [ 126.911228, 37.517998 ], [ 126.911225, 37.517997 ], [ 126.911138, 37.517966 ], [ 126.91074, 37.517824 ], [ 126.910448, 37.517716 ], [ 126.909851, 37.517506 ], [ 126.909402, 37.517354 ], [ 126.910068, 37.516268 ], [ 126.909991, 37.516268 ], [ 126.910094, 37.51581 ], [ 126.909316, 37.515596 ], [ 126.906394, 37.51415 ], [ 126.904672, 37.513417 ], [ 126.903944, 37.513528 ], [ 126.903466, 37.514145 ] ] ] } },
{ "type": "Feature", "properties": { "name": "용리단길", "area_code": "POI076", "category": "발달상권" }, "geometry": { "type": "Polygon", "coordinates": [ [ [ 126.968825, 37.530432 ], [ 126.971362, 37.533101 ], [ 126.972079, 37.532732 ], [ 126.973487, 37.532397 ], [ 126.973328, 37.531319 ], [ 126.973499, 37.531176 ], [ 126.972377, 37.53001 ], [ 126.971429, 37.530149 ], [ 126.969525, 37.529308 ], [ 126.968825, 37.530432 ] ] ] } },
{ "type": "Feature", "properties": { "name": "이태원 앤틱가구거리", "area_code": "POI077", "category": "발달상권" }, "geometry": { "type": "Polygon", "coordinates": [ [ [ 126.992101, 37.532245 ], [ 126.992477, 37.532446 ], [ 126.992838, 37.532609 ], [ 126.993317, 37.532609 ], [ 126.993395, 37.532526 ], [ 126.993647, 37.532526 ], [ 126.993639, 37.532739 ], [ 126.993696, 37.532871 ], [ 126.993778, 37.533034 ], [ 126.993727, 37.533222 ], [ 126.993726, 37.533228 ], [ 126.993652, 37.533419 ], [ 126.99343, 37.533668 ], [ 126.993143, 37.533952 ], [ 126.993095, 37.534372 ], [ 126.993961, 37.534425 ], [ 126.995544, 37.534521 ], [ 126.995658, 37.534348 ], [ 126.995672, 37.534021 ], [ 126.995558, 37.533107 ], [ 126.996678, 37.53146 ], [ 126.996719, 37.530437 ], [ 126.996719, 37.5304 ], [ 126.996719, 37.530289 ], [ 126.996573, 37.530416 ], [ 126.996406, 37.530461 ], [ 126.995905, 37.53076 ], [ 126.995153, 37.531325 ], [ 126.994861, 37.531131 ], [ 126.994645, 37.531103 ], [ 126.994464, 37.530904 ], [ 126.994103, 37.530876 ], [ 126.993713, 37.530937 ], [ 126.993685, 37.531031 ], [ 126.99372, 37.531413 ], [ 126.992252, 37.531702 ], [ 126.992106, 37.531657 ], [ 126.991612, 37.530444 ], [ 126.991657, 37.529974 ], [ 126.991711, 37.529692 ], [ 126.991793, 37.529607 ], [ 126.9918, 37.529391 ], [ 126.991733, 37.529475 ], [ 126.991403, 37.529932 ], [ 126.989935, 37.53189 ], [ 126.990029, 37.531891 ], [ 126.99003, 37.531891 ], [ 126.99071, 37.531911 ], [ 126.991171, 37.531984 ], [ 126.991801, 37.532153 ], [ 126.991944, 37.532324 ], [ 126.992092, 37.532261 ], [ 126.992101, 37.532245 ] ] ] } },
{ "type": "Feature", "properties": { "name": "인사동", "area_code": "POI078", "category": "발달상권" }, "geometry": { "type": "Polygon", "coordinates": [ [ [ 126.983095, 37.575745 ], [ 126.984208, 37.575973 ], [ 126.985397, 37.576587 ], [ 126.986279, 37.576879 ], [ 126.986636, 37.577042 ], [ 126.986855, 37.577174 ], [ 126.987393, 37.577334 ], [ 126.990053, 37.577413 ], [ 126.990606, 37.575667 ], [ 126.988531, 37.575431 ], [ 126.988655, 37.574752 ], [ 126.988356, 37.574725 ], [ 126.988354, 37.574711 ], [ 126.988176, 37.574676 ], [ 126.98818, 37.574603 ], [ 126.987879, 37.574542 ], [ 126.987869, 37.574392 ], [ 126.987261, 37.574185 ], [ 126.987671, 37.573509 ], [ 126.987875, 37.573028 ], [ 126.987811, 37.572603 ], [ 126.987651, 37.571626 ], [ 126.987699, 37.570193 ], [ 126.984091, 37.570187 ], [ 126.983992, 37.57019 ], [ 126.983306, 37.570187 ], [ 126.983306, 37.570196 ], [ 126.983138, 37.570188 ], [ 126.983142, 37.57106 ], [ 126.98314, 37.57106 ], [ 126.983204, 37.572036 ], [ 126.983002, 37.575222 ], [ 126.983043, 37.575505 ], [ 126.983048, 37.575506 ], [ 126.983095, 37.575745 ] ] ] } },
{ "type": "Feature", "properties": { "name": "창동 신경제 중심지", "area_code": "POI079", "category": "발달상권" }, "geometry": { "type": "Polygon", "coordinates": [ [ [ 127.046642, 37.651291 ], [ 127.046623, 37.651285 ], [ 127.046609, 37.651282 ], [ 127.046382, 37.651222 ], [ 127.046122, 37.651162 ], [ 127.04594, 37.651138 ], [ 127.045747, 37.651123 ], [ 127.045513, 37.651119 ], [ 127.045506, 37.651118 ], [ 127.045417, 37.651122 ], [ 127.045324, 37.651125 ], [ 127.045304, 37.651127 ], [ 127.045163, 37.651141 ], [ 127.045057, 37.651158 ], [ 127.044662, 37.651219 ], [ 127.044276, 37.651279 ], [ 127.044023, 37.651318 ], [ 127.04402, 37.651319 ], [ 127.043982, 37.651325 ], [ 127.043971, 37.651327 ], [ 127.043808, 37.651354 ], [ 127.043774, 37.65136 ], [ 127.043667, 37.651378 ], [ 127.042894, 37.651509 ], [ 127.04272, 37.651539 ], [ 127.042504, 37.651578 ], [ 127.042352, 37.651604 ], [ 127.042154, 37.651635 ], [ 127.04205, 37.65187 ], [ 127.042202, 37.65191 ], [ 127.04279, 37.652045 ], [ 127.043643, 37.65224 ], [ 127.043987, 37.652319 ], [ 127.043956, 37.652418 ], [ 127.04385, 37.652685 ], [ 127.043769, 37.652787 ], [ 127.043734, 37.652819 ], [ 127.043885, 37.652828 ], [ 127.043961, 37.652788 ], [ 127.044052, 37.652738 ], [ 127.044732, 37.652807 ], [ 127.04503, 37.652906 ], [ 127.045107, 37.652931 ], [ 127.045106, 37.652961 ], [ 127.045105, 37.652993 ], [ 127.045101, 37.653093 ], [ 127.0451, 37.653125 ], [ 127.045097, 37.653205 ], [ 127.045092, 37.653322 ], [ 127.045089, 37.653416 ], [ 127.044708, 37.653508 ], [ 127.044423, 37.653576 ], [ 127.044396, 37.653585 ], [ 127.044287, 37.653533 ], [ 127.044122, 37.653579 ], [ 127.043807, 37.653669 ], [ 127.043826, 37.653704 ], [ 127.043798, 37.653764 ], [ 127.043766, 37.653821 ], [ 127.043732, 37.653946 ], [ 127.043744, 37.654071 ], [ 127.043752, 37.654144 ], [ 127.043822, 37.654128 ], [ 127.043875, 37.654115 ], [ 127.043901, 37.654109 ], [ 127.043991, 37.654087 ], [ 127.044103, 37.65406 ], [ 127.04413, 37.654054 ], [ 127.044242, 37.654027 ], [ 127.044341, 37.654005 ], [ 127.044361, 37.654001 ], [ 127.044524, 37.653964 ], [ 127.044536, 37.653961 ], [ 127.044611, 37.653944 ], [ 127.044633, 37.653939 ], [ 127.044738, 37.653913 ], [ 127.044852, 37.653885 ], [ 127.044878, 37.653879 ], [ 127.045079, 37.653829 ], [ 127.045079, 37.653815 ], [ 127.045398, 37.653819 ], [ 127.045411, 37.65386 ], [ 127.045443, 37.653971 ], [ 127.045479, 37.653966 ], [ 127.045619, 37.653947 ], [ 127.045644, 37.653944 ], [ 127.045585, 37.653812 ], [ 127.045551, 37.653665 ], [ 127.045545, 37.653604 ], [ 127.045539, 37.653543 ], [ 127.045314, 37.65354 ], [ 127.045313, 37.653438 ], [ 127.045312, 37.653171 ], [ 127.045325, 37.653154 ], [ 127.045325, 37.653128 ], [ 127.045329, 37.652974 ], [ 127.04571, 37.652986 ], [ 127.045798, 37.652989 ], [ 127.045814, 37.652891 ], [ 127.045835, 37.652756 ], [ 127.046032, 37.652806 ], [ 127.046051, 37.65281 ], [ 127.046126, 37.652829 ], [ 127.046156, 37.652836 ], [ 127.046363, 37.652887 ], [ 127.046499, 37.65292 ], [ 127.046577, 37.652939 ], [ 127.046588, 37.652942 ], [ 127.046629, 37.652952 ], [ 127.046629, 37.652952 ], [ 127.04657, 37.65309 ], [ 127.046576, 37.653091 ], [ 127.047539, 37.653339 ], [ 127.047519, 37.653384 ], [ 127.047519, 37.653384 ], [ 127.047481, 37.653467 ], [ 127.047472, 37.653487 ], [ 127.047286, 37.653899 ], [ 127.047237, 37.654021 ], [ 127.047182, 37.654155 ], [ 127.047133, 37.654277 ], [ 127.047094, 37.654372 ], [ 127.047092, 37.654378 ], [ 127.047049, 37.654484 ], [ 127.047008, 37.654584 ], [ 127.047008, 37.654584 ], [ 127.046875, 37.654911 ], [ 127.0468, 37.655096 ], [ 127.046791, 37.655118 ], [ 127.046746, 37.655228 ], [ 127.046592, 37.655607 ], [ 127.046546, 37.65572 ], [ 127.046544, 37.655725 ], [ 127.046541, 37.655733 ], [ 127.046528, 37.655765 ], [ 127.046511, 37.655807 ], [ 127.046463, 37.655925 ], [ 127.046462, 37.655929 ], [ 127.046336, 37.656238 ], [ 127.046325, 37.656264 ], [ 127.046306, 37.656311 ], [ 127.046219, 37.656517 ], [ 127.046103, 37.656792 ], [ 127.046099, 37.656803 ], [ 127.046026, 37.656975 ], [ 127.046015, 37.657001 ], [ 127.046013, 37.657007 ], [ 127.045968, 37.657113 ], [ 127.045921, 37.657225 ], [ 127.045858, 37.657372 ], [ 127.045773, 37.657575 ], [ 127.045661, 37.65784 ], [ 127.045594, 37.657998 ], [ 127.045554, 37.658094 ], [ 127.045553, 37.658095 ], [ 127.045538, 37.658131 ], [ 127.045431, 37.658385 ], [ 127.045391, 37.658479 ], [ 127.045355, 37.658592 ], [ 127.045345, 37.658624 ], [ 127.045187, 37.659118 ], [ 127.045176, 37.659152 ], [ 127.045097, 37.659399 ], [ 127.045053, 37.659537 ], [ 127.045051, 37.659543 ], [ 127.045041, 37.659575 ], [ 127.044938, 37.660008 ], [ 127.04489, 37.66021 ], [ 127.045087, 37.660241 ], [ 127.045152, 37.660251 ], [ 127.045553, 37.660313 ], [ 127.045715, 37.659772 ], [ 127.045752, 37.659646 ], [ 127.045708, 37.659637 ], [ 127.045762, 37.659506 ], [ 127.045864, 37.659257 ], [ 127.045912, 37.659154 ], [ 127.04613, 37.658689 ], [ 127.045707, 37.658569 ], [ 127.045633, 37.658549 ], [ 127.045738, 37.65835 ], [ 127.045848, 37.658176 ], [ 127.045892, 37.658188 ], [ 127.046149, 37.658261 ], [ 127.046283, 37.6583 ], [ 127.046325, 37.658311 ], [ 127.046698, 37.658418 ], [ 127.046913, 37.658478 ], [ 127.046962, 37.658492 ], [ 127.047143, 37.658543 ], [ 127.047179, 37.658553 ], [ 127.047175, 37.658489 ], [ 127.047151, 37.658086 ], [ 127.047142, 37.657934 ], [ 127.047111, 37.65742 ], [ 127.047097, 37.657189 ], [ 127.046639, 37.657224 ], [ 127.046631, 37.657065 ], [ 127.04659, 37.656936 ], [ 127.046572, 37.656776 ], [ 127.046567, 37.656729 ], [ 127.046552, 37.6566 ], [ 127.04658, 37.656536 ], [ 127.046617, 37.656451 ], [ 127.046868, 37.656038 ], [ 127.047071, 37.655726 ], [ 127.047158, 37.655727 ], [ 127.047537, 37.655736 ], [ 127.048335, 37.655755 ], [ 127.049228, 37.655775 ], [ 127.049428, 37.65578 ], [ 127.04967, 37.655872 ], [ 127.049817, 37.655927 ], [ 127.049743, 37.656114 ], [ 127.04969, 37.656439 ], [ 127.049713, 37.656735 ], [ 127.049717, 37.656786 ], [ 127.049732, 37.657014 ], [ 127.049737, 37.657084 ], [ 127.049754, 37.657367 ], [ 127.049781, 37.65781 ], [ 127.049798, 37.658083 ], [ 127.049808, 37.658249 ], [ 127.049813, 37.658345 ], [ 127.049822, 37.65848 ], [ 127.049825, 37.658534 ], [ 127.049835, 37.658755 ], [ 127.049845, 37.658995 ], [ 127.049851, 37.659087 ], [ 127.049863, 37.659284 ], [ 127.049891, 37.659741 ], [ 127.049896, 37.659818 ], [ 127.049913, 37.659923 ], [ 127.049929, 37.660029 ], [ 127.049929, 37.660029 ], [ 127.049776, 37.660108 ], [ 127.049365, 37.660321 ], [ 127.049028, 37.660498 ], [ 127.048762, 37.660638 ], [ 127.048761, 37.660638 ], [ 127.048284, 37.66089 ], [ 127.047871, 37.661107 ], [ 127.047537, 37.661283 ], [ 127.047537, 37.661283 ], [ 127.047514, 37.661295 ], [ 127.047033, 37.661535 ], [ 127.04696, 37.6616 ], [ 127.046869, 37.661679 ], [ 127.046763, 37.661879 ], [ 127.046763, 37.661879 ], [ 127.046748, 37.661907 ], [ 127.046747, 37.66191 ], [ 127.046714, 37.66202 ], [ 127.046861, 37.661979 ], [ 127.047649, 37.661759 ], [ 127.047758, 37.661728 ], [ 127.048048, 37.661647 ], [ 127.048387, 37.661553 ], [ 127.048835, 37.661427 ], [ 127.048838, 37.661324 ], [ 127.048842, 37.661292 ], [ 127.048894, 37.660861 ], [ 127.048973, 37.660831 ], [ 127.049044, 37.660814 ], [ 127.049792, 37.660608 ], [ 127.050668, 37.660357 ], [ 127.050781, 37.660325 ], [ 127.051786, 37.660062 ], [ 127.051786, 37.660375 ], [ 127.051786, 37.660603 ], [ 127.051787, 37.660979 ], [ 127.051769, 37.66108 ], [ 127.051725, 37.661334 ], [ 127.051712, 37.661409 ], [ 127.051706, 37.661451 ], [ 127.051704, 37.661464 ], [ 127.051703, 37.661495 ], [ 127.0517, 37.661597 ], [ 127.051694, 37.6618 ], [ 127.051691, 37.661891 ], [ 127.051691, 37.661906 ], [ 127.052745, 37.66182 ], [ 127.054139, 37.661707 ], [ 127.054191, 37.661703 ], [ 127.055081, 37.66163 ], [ 127.055593, 37.661589 ], [ 127.055884, 37.661565 ], [ 127.056263, 37.661534 ], [ 127.056363, 37.661526 ], [ 127.056436, 37.66152 ], [ 127.056985, 37.661475 ], [ 127.057252, 37.661454 ], [ 127.057399, 37.661442 ], [ 127.057575, 37.661427 ], [ 127.058031, 37.66139 ], [ 127.058219, 37.661554 ], [ 127.058697, 37.661195 ], [ 127.058697, 37.661195 ], [ 127.058724, 37.661032 ], [ 127.05872, 37.661031 ], [ 127.058433, 37.66095 ], [ 127.058353, 37.660942 ], [ 127.057772, 37.660808 ], [ 127.057277, 37.660701 ], [ 127.057277, 37.660701 ], [ 127.057424, 37.660312 ], [ 127.057429, 37.660298 ], [ 127.056183, 37.660012 ], [ 127.056187, 37.66 ], [ 127.056287, 37.659721 ], [ 127.056194, 37.659699 ], [ 127.056256, 37.659532 ], [ 127.057604, 37.659833 ], [ 127.057824, 37.659247 ], [ 127.057824, 37.659247 ], [ 127.057943, 37.659275 ], [ 127.05894, 37.659518 ], [ 127.059126, 37.659564 ], [ 127.059126, 37.659564 ], [ 127.059127, 37.659562 ], [ 127.059202, 37.659322 ], [ 127.059216, 37.659274 ], [ 127.059292, 37.659011 ], [ 127.059425, 37.658524 ], [ 127.059439, 37.658473 ], [ 127.059439, 37.658473 ], [ 127.059628, 37.657785 ], [ 127.059661, 37.657669 ], [ 127.059804, 37.657162 ], [ 127.060495, 37.657267 ], [ 127.060625, 37.656782 ], [ 127.060771, 37.656239 ], [ 127.061591, 37.656377 ], [ 127.061621, 37.656383 ], [ 127.061672, 37.656388 ], [ 127.061672, 37.656393 ], [ 127.06167, 37.656405 ], [ 127.06167, 37.65641 ], [ 127.061664, 37.656475 ], [ 127.061644, 37.656709 ], [ 127.061629, 37.656876 ], [ 127.061624, 37.656941 ], [ 127.06159, 37.657321 ], [ 127.06159, 37.65733 ], [ 127.061584, 37.657397 ], [ 127.061581, 37.657431 ], [ 127.06155, 37.657786 ], [ 127.06155, 37.657787 ], [ 127.06155, 37.657789 ], [ 127.061537, 37.657903 ], [ 127.061531, 37.657958 ], [ 127.061531, 37.65796 ], [ 127.061529, 37.657978 ], [ 127.061484, 37.658394 ], [ 127.061476, 37.658467 ], [ 127.061474, 37.658479 ], [ 127.061473, 37.658487 ], [ 127.061473, 37.65849 ], [ 127.061438, 37.658812 ], [ 127.061436, 37.658829 ], [ 127.061436, 37.658835 ], [ 127.061435, 37.658841 ], [ 127.061387, 37.659303 ], [ 127.061375, 37.65941 ], [ 127.061341, 37.659737 ], [ 127.061621, 37.659715 ], [ 127.061622, 37.659715 ], [ 127.061896, 37.659693 ], [ 127.061911, 37.659691 ], [ 127.061913, 37.659674 ], [ 127.061924, 37.659588 ], [ 127.061899, 37.659586 ], [ 127.061899, 37.659567 ], [ 127.061777, 37.659556 ], [ 127.061769, 37.659597 ], [ 127.061667, 37.659587 ], [ 127.061637, 37.659584 ], [ 127.061695, 37.659069 ], [ 127.061724, 37.659072 ], [ 127.061844, 37.659085 ], [ 127.061853, 37.659026 ], [ 127.062, 37.659039 ], [ 127.062002, 37.659013 ], [ 127.062214, 37.659026 ], [ 127.06221, 37.659058 ], [ 127.062358, 37.659062 ], [ 127.062368, 37.659114 ], [ 127.062299, 37.659616 ], [ 127.062293, 37.659661 ], [ 127.062331, 37.659658 ], [ 127.062563, 37.659639 ], [ 127.062562, 37.659635 ], [ 127.062561, 37.65959 ], [ 127.062541, 37.658966 ], [ 127.062543, 37.658966 ], [ 127.062551, 37.65899 ], [ 127.062576, 37.658976 ], [ 127.062573, 37.658914 ], [ 127.062572, 37.658896 ], [ 127.062563, 37.658649 ], [ 127.062021, 37.658624 ], [ 127.062047, 37.658352 ], [ 127.062054, 37.658307 ], [ 127.062549, 37.658306 ], [ 127.062538, 37.65802 ], [ 127.062547, 37.657944 ], [ 127.062549, 37.657931 ], [ 127.062656, 37.657936 ], [ 127.062736, 37.657977 ], [ 127.06299, 37.658149 ], [ 127.063118, 37.658219 ], [ 127.063148, 37.658235 ], [ 127.063183, 37.657978 ], [ 127.063235, 37.657784 ], [ 127.063282, 37.657608 ], [ 127.063441, 37.657065 ], [ 127.063454, 37.657023 ], [ 127.063977, 37.657121 ], [ 127.064002, 37.657015 ], [ 127.064037, 37.656866 ], [ 127.06406, 37.656623 ], [ 127.064091, 37.656493 ], [ 127.064141, 37.656504 ], [ 127.064601, 37.65661 ], [ 127.064922, 37.656683 ], [ 127.064941, 37.656688 ], [ 127.065572, 37.656834 ], [ 127.065657, 37.656854 ], [ 127.065871, 37.656905 ], [ 127.066315, 37.657011 ], [ 127.0666, 37.657115 ], [ 127.06662, 37.657092 ], [ 127.066664, 37.656888 ], [ 127.0667, 37.656743 ], [ 127.066727, 37.656645 ], [ 127.066758, 37.656534 ], [ 127.066826, 37.656281 ], [ 127.066833, 37.656256 ], [ 127.066841, 37.656226 ], [ 127.066843, 37.656221 ], [ 127.066898, 37.656008 ], [ 127.066974, 37.655744 ], [ 127.066405, 37.655623 ], [ 127.066224, 37.655583 ], [ 127.066162, 37.65557 ], [ 127.065644, 37.655456 ], [ 127.065628, 37.655453 ], [ 127.065506, 37.655426 ], [ 127.065441, 37.655413 ], [ 127.065258, 37.655375 ], [ 127.065255, 37.655374 ], [ 127.064991, 37.655319 ], [ 127.064782, 37.655268 ], [ 127.064754, 37.655261 ], [ 127.064476, 37.655192 ], [ 127.064453, 37.655187 ], [ 127.064381, 37.655169 ], [ 127.064328, 37.655156 ], [ 127.064335, 37.655131 ], [ 127.064392, 37.654985 ], [ 127.0645, 37.654684 ], [ 127.06442, 37.654663 ], [ 127.064411, 37.654688 ], [ 127.064366, 37.654677 ], [ 127.064382, 37.654616 ], [ 127.064184, 37.654569 ], [ 127.06423, 37.654438 ], [ 127.064179, 37.654428 ], [ 127.064345, 37.653944 ], [ 127.064236, 37.653837 ], [ 127.064343, 37.653536 ], [ 127.063735, 37.653406 ], [ 127.063666, 37.653388 ], [ 127.063569, 37.653643 ], [ 127.062346, 37.65335 ], [ 127.06217, 37.653827 ], [ 127.061557, 37.65369 ], [ 127.061563, 37.65364 ], [ 127.061592, 37.653495 ], [ 127.061674, 37.65319 ], [ 127.061728, 37.652992 ], [ 127.061824, 37.652885 ], [ 127.061865, 37.652705 ], [ 127.061884, 37.652621 ], [ 127.061957, 37.652304 ], [ 127.061924, 37.652179 ], [ 127.061853, 37.652121 ], [ 127.062608, 37.652289 ], [ 127.062673, 37.652092 ], [ 127.062782, 37.651765 ], [ 127.062406, 37.651679 ], [ 127.062001, 37.651581 ], [ 127.061774, 37.651526 ], [ 127.061608, 37.651489 ], [ 127.06136, 37.651435 ], [ 127.061152, 37.65139 ], [ 127.060873, 37.651331 ], [ 127.060732, 37.651299 ], [ 127.060708, 37.651396 ], [ 127.060635, 37.651698 ], [ 127.06063, 37.651714 ], [ 127.060611, 37.651786 ], [ 127.059847, 37.651628 ], [ 127.059733, 37.651966 ], [ 127.059675, 37.652136 ], [ 127.060373, 37.652288 ], [ 127.060355, 37.652357 ], [ 127.060305, 37.652491 ], [ 127.060278, 37.652612 ], [ 127.060226, 37.652701 ], [ 127.060219, 37.652724 ], [ 127.060057, 37.653306 ], [ 127.060048, 37.653337 ], [ 127.060032, 37.653334 ], [ 127.059324, 37.653178 ], [ 127.05898, 37.653102 ], [ 127.057877, 37.652854 ], [ 127.057856, 37.652905 ], [ 127.057839, 37.652951 ], [ 127.05777, 37.653138 ], [ 127.057646, 37.653474 ], [ 127.05759, 37.653626 ], [ 127.057513, 37.653608 ], [ 127.057059, 37.653506 ], [ 127.056991, 37.653491 ], [ 127.056313, 37.653357 ], [ 127.056189, 37.653332 ], [ 127.054949, 37.653086 ], [ 127.05487, 37.65307 ], [ 127.054833, 37.653062 ], [ 127.054833, 37.653062 ], [ 127.054831, 37.653062 ], [ 127.05421, 37.653005 ], [ 127.05421, 37.653005 ], [ 127.053907, 37.652977 ], [ 127.053899, 37.652977 ], [ 127.053899, 37.652977 ], [ 127.053361, 37.652927 ], [ 127.053324, 37.652919 ], [ 127.053324, 37.652919 ], [ 127.052814, 37.652803 ], [ 127.052452, 37.652711 ], [ 127.052033, 37.652605 ], [ 127.051184, 37.65239 ], [ 127.051179, 37.652389 ], [ 127.050505, 37.652219 ], [ 127.050342, 37.652177 ], [ 127.049971, 37.65209 ], [ 127.049851, 37.652062 ], [ 127.049331, 37.65194 ], [ 127.049087, 37.651882 ], [ 127.04901, 37.651865 ], [ 127.048283, 37.651694 ], [ 127.048289, 37.651679 ], [ 127.048297, 37.651662 ], [ 127.048297, 37.651662 ], [ 127.048298, 37.65166 ], [ 127.04791, 37.651577 ], [ 127.047714, 37.651535 ], [ 127.047103, 37.651405 ], [ 127.047082, 37.651403 ], [ 127.047033, 37.651392 ], [ 127.046999, 37.651385 ], [ 127.046912, 37.651366 ], [ 127.046808, 37.651337 ], [ 127.046695, 37.651306 ], [ 127.046669, 37.651298 ], [ 127.046642, 37.651291 ], [ 127.046642, 37.651291 ] ] ] } },
{ "type": "Feature", "properties": { "name": "청담동 명품거리", "area_code": "POI080", "category": "발달상권" }, "geometry": { "type": "Polygon", "coordinates": [ [ [ 127.039137, 37.523192 ], [ 127.039373, 37.524079 ], [ 127.046036, 37.524884 ], [ 127.045616, 37.525725 ], [ 127.045165, 37.52595 ], [ 127.040446, 37.527105 ], [ 127.040747, 37.527853 ], [ 127.039224, 37.528243 ], [ 127.039469, 37.528902 ], [ 127.042552, 37.528122 ], [ 127.042552, 37.52812 ], [ 127.042638, 37.528099 ], [ 127.042545, 37.527859 ], [ 127.043963, 37.527478 ], [ 127.043963, 37.527479 ], [ 127.043996, 37.527467 ], [ 127.04406, 37.527658 ], [ 127.045542, 37.527297 ], [ 127.046764, 37.526878 ], [ 127.047234, 37.526263 ], [ 127.048267, 37.524376 ], [ 127.048262, 37.524375 ], [ 127.048285, 37.524333 ], [ 127.039137, 37.523192 ] ] ] } },
{ "type": "Feature", "properties": { "name": "청량리 제기동 일대 전통시장", "area_code": "POI081", "category": "발달상권" }, "geometry": { "type": "Polygon", "coordinates": [ [ [ 127.035005, 37.578744 ], [ 127.035492, 37.581145 ], [ 127.035922, 37.582902 ], [ 127.044791, 37.583136 ], [ 127.045902, 37.580393 ], [ 127.039173, 37.578309 ], [ 127.038305, 37.578221 ], [ 127.034915, 37.578205 ], [ 127.035005, 37.578744 ] ] ] } },
{ "type": "Feature", "properties": { "name": "해방촌·경리단길", "area_code": "POI082", "category": "발달상권" }, "geometry": { "type": "Polygon", "coordinates": [ [ [ 126.986671, 37.538291 ], [ 126.986351, 37.539493 ], [ 126.985984, 37.539595 ], [ 126.986089, 37.539927 ], [ 126.986373, 37.539958 ], [ 126.986501, 37.541129 ], [ 126.986301, 37.541177 ], [ 126.986396, 37.54131 ], [ 126.986385, 37.541314 ], [ 126.986064, 37.541513 ], [ 126.986493, 37.541777 ], [ 126.986289, 37.541978 ], [ 126.986294, 37.541983 ], [ 126.985996, 37.542241 ], [ 126.986868, 37.542889 ], [ 126.986935, 37.542986 ], [ 126.987258, 37.543305 ], [ 126.986757, 37.543704 ], [ 126.986579, 37.544086 ], [ 126.986356, 37.543917 ], [ 126.985888, 37.544148 ], [ 126.985833, 37.544236 ], [ 126.985187, 37.544706 ], [ 126.984385, 37.54421 ], [ 126.983783, 37.544009 ], [ 126.983359, 37.544487 ], [ 126.983323, 37.544755 ], [ 126.982939, 37.544907 ], [ 126.983167, 37.545233 ], [ 126.983106, 37.545835 ], [ 126.983346, 37.546542 ], [ 126.983404, 37.546975 ], [ 126.983689, 37.546762 ], [ 126.984046, 37.546893 ], [ 126.984421, 37.54703 ], [ 126.984722, 37.54683 ], [ 126.984733, 37.546829 ], [ 126.985562, 37.546351 ], [ 126.986449, 37.546129 ], [ 126.986702, 37.546084 ], [ 126.986588, 37.545678 ], [ 126.986997, 37.544769 ], [ 126.987213, 37.544397 ], [ 126.987249, 37.543909 ], [ 126.987326, 37.54388 ], [ 126.987325, 37.543875 ], [ 126.987755, 37.543383 ], [ 126.98836, 37.543355 ], [ 126.988666, 37.543049 ], [ 126.988654, 37.543039 ], [ 126.98829, 37.541879 ], [ 126.98754, 37.539969 ], [ 126.987677, 37.539893 ], [ 126.987755, 37.53976 ], [ 126.988249, 37.539681 ], [ 126.988189, 37.539417 ], [ 126.988888, 37.539337 ], [ 126.988911, 37.539337 ], [ 126.989154, 37.539397 ], [ 126.989373, 37.539985 ], [ 126.989461, 37.540062 ], [ 126.989461, 37.540064 ], [ 126.989685, 37.540032 ], [ 126.990227, 37.540086 ], [ 126.990669, 37.539834 ], [ 126.991114, 37.539956 ], [ 126.991379, 37.540221 ], [ 126.991415, 37.540232 ], [ 126.991983, 37.540411 ], [ 126.992172, 37.540384 ], [ 126.992617, 37.540553 ], [ 126.993063, 37.540517 ], [ 126.993146, 37.540544 ], [ 126.993398, 37.540756 ], [ 126.993703, 37.5402 ], [ 126.993692, 37.540059 ], [ 126.993441, 37.539961 ], [ 126.993495, 37.539743 ], [ 126.993116, 37.53975 ], [ 126.992798, 37.539777 ], [ 126.992436, 37.539892 ], [ 126.992357, 37.539848 ], [ 126.992257, 37.53972 ], [ 126.992247, 37.539657 ], [ 126.992097, 37.539542 ], [ 126.992, 37.539306 ], [ 126.991766, 37.5394 ], [ 126.991565, 37.539334 ], [ 126.991387, 37.539227 ], [ 126.991137, 37.539147 ], [ 126.990847, 37.539165 ], [ 126.99078, 37.539099 ], [ 126.990602, 37.539085 ], [ 126.990385, 37.538983 ], [ 126.990244, 37.538991 ], [ 126.99001, 37.53879 ], [ 126.990007, 37.538792 ], [ 126.989778, 37.538469 ], [ 126.98945, 37.5385 ], [ 126.988915, 37.538447 ], [ 126.98886, 37.538389 ], [ 126.988693, 37.538331 ], [ 126.988648, 37.538545 ], [ 126.988646, 37.538559 ], [ 126.988626, 37.538655 ], [ 126.988635, 37.538821 ], [ 126.988577, 37.538788 ], [ 126.987314, 37.538348 ], [ 126.986671, 37.538291 ] ] ] } },
{ "type": "Feature", "properties": { "name": "DDP(동대문디자인플라자)", "area_code": "POI083", "category": "발달상권" }, "geometry": { "type": "Polygon", "coordinates": [ [ [ 127.00956, 37.565488 ], [ 127.009472, 37.565516 ], [ 127.009447, 37.565524 ], [ 127.0094, 37.565539 ], [ 127.009352, 37.565554 ], [ 127.009234, 37.565591 ], [ 127.009117, 37.565628 ], [ 127.009073, 37.565642 ], [ 127.009029, 37.565656 ], [ 127.008988, 37.565669 ], [ 127.008906, 37.565695 ], [ 127.008564, 37.565803 ], [ 127.008485, 37.565823 ], [ 127.008479, 37.565824 ], [ 127.008436, 37.565835 ], [ 127.00772, 37.566014 ], [ 127.007974, 37.566462 ], [ 127.008324, 37.566909 ], [ 127.00894, 37.567693 ], [ 127.008976, 37.567739 ], [ 127.00962, 37.568559 ], [ 127.009707, 37.56867 ], [ 127.009833, 37.568746 ], [ 127.010942, 37.568258 ], [ 127.010992, 37.568243 ], [ 127.011732, 37.567889 ], [ 127.011962, 37.567856 ], [ 127.012416, 37.567908 ], [ 127.012577, 37.567925 ], [ 127.012702, 37.567165 ], [ 127.012542, 37.566664 ], [ 127.012322, 37.566461 ], [ 127.011823, 37.566178 ], [ 127.010603, 37.56589 ], [ 127.010484, 37.56584 ], [ 127.01023, 37.565744 ], [ 127.009836, 37.565506 ], [ 127.00956, 37.565488 ] ] ] } },
{ "type": "Feature", "properties": { "name": "DMC(디지털미디어시티)", "area_code": "POI084", "category": "발달상권" }, "geometry": { "type": "Polygon", "coordinates": [ [ [ 126.887859, 37.579807 ], [ 126.887838, 37.579818 ], [ 126.887685, 37.579902 ], [ 126.88732, 37.58012 ], [ 126.886903, 37.580368 ], [ 126.88685, 37.5804 ], [ 126.886404, 37.580669 ], [ 126.886033, 37.580891 ], [ 126.885958, 37.580935 ], [ 126.88582, 37.581016 ], [ 126.8855, 37.581204 ], [ 126.88517, 37.581397 ], [ 126.884935, 37.581535 ], [ 126.884929, 37.581539 ], [ 126.884783, 37.581625 ], [ 126.884488, 37.581798 ], [ 126.88408, 37.582037 ], [ 126.883929, 37.582128 ], [ 126.883637, 37.582302 ], [ 126.883258, 37.582529 ], [ 126.88316, 37.582588 ], [ 126.882942, 37.582721 ], [ 126.882606, 37.582927 ], [ 126.882456, 37.583019 ], [ 126.882194, 37.583173 ], [ 126.882098, 37.583228 ], [ 126.882035, 37.583265 ], [ 126.882036, 37.583265 ], [ 126.882109, 37.583315 ], [ 126.882382, 37.583509 ], [ 126.882703, 37.583737 ], [ 126.882761, 37.583779 ], [ 126.883092, 37.584014 ], [ 126.8832, 37.584091 ], [ 126.883594, 37.584375 ], [ 126.884114, 37.584767 ], [ 126.884339, 37.58493 ], [ 126.88466, 37.585163 ], [ 126.885504, 37.585825 ], [ 126.885545, 37.585858 ], [ 126.886466, 37.586547 ], [ 126.886473, 37.586551 ], [ 126.886521, 37.586511 ], [ 126.886722, 37.586344 ], [ 126.887405, 37.585802 ], [ 126.88757, 37.585669 ], [ 126.888125, 37.585239 ], [ 126.888887, 37.58465 ], [ 126.889451, 37.584289 ], [ 126.889983, 37.58395 ], [ 126.890325, 37.583729 ], [ 126.892122, 37.582575 ], [ 126.893236, 37.581863 ], [ 126.893236, 37.581855 ], [ 126.893819, 37.581488 ], [ 126.893859, 37.581463 ], [ 126.894365, 37.581144 ], [ 126.894438, 37.5811 ], [ 126.894508, 37.581051 ], [ 126.895033, 37.580712 ], [ 126.895034, 37.580711 ], [ 126.895277, 37.580556 ], [ 126.895639, 37.580321 ], [ 126.896144, 37.579993 ], [ 126.896145, 37.579992 ], [ 126.896178, 37.579971 ], [ 126.896254, 37.579922 ], [ 126.896553, 37.579729 ], [ 126.896934, 37.579483 ], [ 126.897064, 37.579402 ], [ 126.897149, 37.579349 ], [ 126.897527, 37.579097 ], [ 126.897527, 37.579096 ], [ 126.897694, 37.578987 ], [ 126.897768, 37.578938 ], [ 126.897864, 37.578869 ], [ 126.89794, 37.578817 ], [ 126.898072, 37.578728 ], [ 126.898448, 37.57847 ], [ 126.898902, 37.578159 ], [ 126.89896, 37.578119 ], [ 126.899437, 37.577786 ], [ 126.899462, 37.577769 ], [ 126.899946, 37.577452 ], [ 126.900229, 37.577274 ], [ 126.900598, 37.577028 ], [ 126.900726, 37.576933 ], [ 126.901501, 37.576418 ], [ 126.901626, 37.576334 ], [ 126.901758, 37.576231 ], [ 126.901827, 37.576178 ], [ 126.901864, 37.576153 ], [ 126.902082, 37.576007 ], [ 126.90208, 37.576006 ], [ 126.902081, 37.576006 ], [ 126.902086, 37.576002 ], [ 126.902085, 37.576001 ], [ 126.901878, 37.575866 ], [ 126.901764, 37.575765 ], [ 126.901655, 37.575668 ], [ 126.901603, 37.575592 ], [ 126.901539, 37.575499 ], [ 126.901473, 37.575404 ], [ 126.901352, 37.575196 ], [ 126.901347, 37.575187 ], [ 126.90133, 37.575138 ], [ 126.901297, 37.575047 ], [ 126.901286, 37.575016 ], [ 126.901261, 37.574924 ], [ 126.901245, 37.574868 ], [ 126.901109, 37.574637 ], [ 126.90096, 37.574446 ], [ 126.900939, 37.57442 ], [ 126.900714, 37.574142 ], [ 126.90068, 37.574086 ], [ 126.900651, 37.574036 ], [ 126.900588, 37.573849 ], [ 126.900596, 37.573711 ], [ 126.900597, 37.573688 ], [ 126.900603, 37.57357 ], [ 126.90061, 37.573378 ], [ 126.900611, 37.573243 ], [ 126.90047, 37.573244 ], [ 126.900285, 37.573244 ], [ 126.900148, 37.573348 ], [ 126.90008, 37.573427 ], [ 126.900068, 37.573454 ], [ 126.900043, 37.57351 ], [ 126.9, 37.5737 ], [ 126.899967, 37.573849 ], [ 126.899939, 37.573932 ], [ 126.899937, 37.573938 ], [ 126.899923, 37.573988 ], [ 126.899897, 37.574097 ], [ 126.899855, 37.574148 ], [ 126.899833, 37.574168 ], [ 126.899774, 37.574214 ], [ 126.899667, 37.574262 ], [ 126.899594, 37.57429 ], [ 126.899579, 37.574298 ], [ 126.899444, 37.574361 ], [ 126.899341, 37.574408 ], [ 126.899329, 37.574414 ], [ 126.899319, 37.574402 ], [ 126.899312, 37.574395 ], [ 126.899248, 37.574323 ], [ 126.899157, 37.574224 ], [ 126.899132, 37.574197 ], [ 126.898767, 37.573788 ], [ 126.898735, 37.573784 ], [ 126.898635, 37.57377 ], [ 126.898596, 37.573767 ], [ 126.898597, 37.573765 ], [ 126.898619, 37.573732 ], [ 126.898597, 37.573709 ], [ 126.898588, 37.5737 ], [ 126.898573, 37.573684 ], [ 126.898467, 37.573571 ], [ 126.898462, 37.573574 ], [ 126.897527, 37.574088 ], [ 126.897507, 37.5741 ], [ 126.897336, 37.5742 ], [ 126.89724, 37.574257 ], [ 126.897086, 37.574349 ], [ 126.897023, 37.574386 ], [ 126.896914, 37.574451 ], [ 126.896744, 37.574553 ], [ 126.896657, 37.574604 ], [ 126.896364, 37.574779 ], [ 126.896189, 37.574882 ], [ 126.896069, 37.574953 ], [ 126.895788, 37.575121 ], [ 126.895782, 37.575124 ], [ 126.895753, 37.575141 ], [ 126.895465, 37.575308 ], [ 126.895339, 37.575381 ], [ 126.895099, 37.57552 ], [ 126.895003, 37.575575 ], [ 126.894739, 37.575729 ], [ 126.894718, 37.575741 ], [ 126.894597, 37.575811 ], [ 126.894119, 37.576093 ], [ 126.893906, 37.576219 ], [ 126.893611, 37.576392 ], [ 126.893607, 37.576394 ], [ 126.893461, 37.57627 ], [ 126.893293, 37.57619 ], [ 126.893143, 37.576024 ], [ 126.89311, 37.575988 ], [ 126.892887, 37.576062 ], [ 126.892832, 37.576008 ], [ 126.892795, 37.575972 ], [ 126.89246, 37.575646 ], [ 126.892805, 37.575422 ], [ 126.892714, 37.575331 ], [ 126.892531, 37.575146 ], [ 126.892464, 37.575079 ], [ 126.892456, 37.57511 ], [ 126.892188, 37.575283 ], [ 126.891616, 37.575652 ], [ 126.891265, 37.575878 ], [ 126.891133, 37.575962 ], [ 126.89059, 37.575433 ], [ 126.890104, 37.57496 ], [ 126.890047, 37.574903 ], [ 126.890173, 37.57482 ], [ 126.890546, 37.574574 ], [ 126.890683, 37.574491 ], [ 126.890602, 37.574406 ], [ 126.890602, 37.574396 ], [ 126.890074, 37.573868 ], [ 126.890057, 37.573839 ], [ 126.889526, 37.574158 ], [ 126.889383, 37.574244 ], [ 126.888764, 37.573628 ], [ 126.888347, 37.573212 ], [ 126.888073, 37.572982 ], [ 126.88798, 37.573076 ], [ 126.887708, 37.573315 ], [ 126.887431, 37.573513 ], [ 126.887135, 37.573681 ], [ 126.886769, 37.573883 ], [ 126.886462, 37.574071 ], [ 126.886412, 37.574099 ], [ 126.886607, 37.574291 ], [ 126.888133, 37.575798 ], [ 126.888265, 37.575928 ], [ 126.888326, 37.575988 ], [ 126.888348, 37.57601 ], [ 126.88895, 37.576607 ], [ 126.889416, 37.577069 ], [ 126.889445, 37.577097 ], [ 126.889483, 37.577134 ], [ 126.889928, 37.577565 ], [ 126.890425, 37.578047 ], [ 126.890575, 37.578195 ], [ 126.890356, 37.578318 ], [ 126.88987, 37.578609 ], [ 126.889488, 37.578838 ], [ 126.889462, 37.578853 ], [ 126.888964, 37.579145 ], [ 126.888929, 37.579167 ], [ 126.888053, 37.5797 ], [ 126.887859, 37.579807 ] ] ] } },
{ "type": "Feature", "properties": { "name": "강서한강공원", "area_code": "POI085", "category": "공원" }, "geometry": { "type": "Polygon", "coordinates": [ [ [ 126.819931, 37.584771 ], [ 126.819865, 37.584807 ], [ 126.819552, 37.584979 ], [ 126.819476, 37.585016 ], [ 126.819133, 37.585179 ], [ 126.81894, 37.585271 ], [ 126.818364, 37.585553 ], [ 126.818312, 37.585579 ], [ 126.818198, 37.585637 ], [ 126.817681, 37.585902 ], [ 126.817278, 37.586108 ], [ 126.81724, 37.586128 ], [ 126.817041, 37.586229 ], [ 126.816566, 37.586473 ], [ 126.816378, 37.586569 ], [ 126.816185, 37.586668 ], [ 126.816144, 37.586689 ], [ 126.815847, 37.586841 ], [ 126.815766, 37.586883 ], [ 126.815372, 37.587084 ], [ 126.815336, 37.587103 ], [ 126.814981, 37.587285 ], [ 126.814645, 37.587456 ], [ 126.814637, 37.587461 ], [ 126.81462, 37.587469 ], [ 126.81455, 37.587505 ], [ 126.813902, 37.587837 ], [ 126.813859, 37.587859 ], [ 126.813691, 37.587945 ], [ 126.813431, 37.588078 ], [ 126.813223, 37.588185 ], [ 126.813205, 37.588195 ], [ 126.813185, 37.588205 ], [ 126.813057, 37.58827 ], [ 126.812806, 37.5884 ], [ 126.812615, 37.588498 ], [ 126.812608, 37.588501 ], [ 126.812302, 37.588657 ], [ 126.8123, 37.588692 ], [ 126.812203, 37.588741 ], [ 126.812163, 37.588728 ], [ 126.811564, 37.589034 ], [ 126.811275, 37.589182 ], [ 126.81123, 37.589205 ], [ 126.811003, 37.589322 ], [ 126.810991, 37.589328 ], [ 126.810886, 37.589381 ], [ 126.810661, 37.589496 ], [ 126.810721, 37.589557 ], [ 126.810734, 37.589571 ], [ 126.810853, 37.589692 ], [ 126.810994, 37.589836 ], [ 126.811009, 37.589851 ], [ 126.811058, 37.589901 ], [ 126.811159, 37.590005 ], [ 126.811227, 37.590074 ], [ 126.811235, 37.590083 ], [ 126.811328, 37.590178 ], [ 126.811381, 37.590232 ], [ 126.811397, 37.590249 ], [ 126.811448, 37.590301 ], [ 126.811493, 37.590346 ], [ 126.811532, 37.590386 ], [ 126.81155, 37.590405 ], [ 126.81164, 37.590497 ], [ 126.811805, 37.590666 ], [ 126.811872, 37.590735 ], [ 126.811941, 37.590806 ], [ 126.812041, 37.590908 ], [ 126.812161, 37.59103 ], [ 126.812257, 37.591129 ], [ 126.812288, 37.59116 ], [ 126.812367, 37.591254 ], [ 126.812435, 37.591335 ], [ 126.812616, 37.591232 ], [ 126.812737, 37.591182 ], [ 126.812907, 37.591112 ], [ 126.813065, 37.591043 ], [ 126.813141, 37.591008 ], [ 126.813159, 37.590993 ], [ 126.813233, 37.590932 ], [ 126.8134, 37.590794 ], [ 126.813528, 37.590691 ], [ 126.813623, 37.590613 ], [ 126.81372, 37.590539 ], [ 126.813806, 37.590472 ], [ 126.814093, 37.590241 ], [ 126.814219, 37.590149 ], [ 126.814327, 37.59007 ], [ 126.814469, 37.589966 ], [ 126.81462, 37.589906 ], [ 126.814623, 37.589905 ], [ 126.814643, 37.5899 ], [ 126.814765, 37.589869 ], [ 126.814849, 37.589831 ], [ 126.814902, 37.589788 ], [ 126.814927, 37.589747 ], [ 126.814959, 37.589625 ], [ 126.814959, 37.589624 ], [ 126.815006, 37.589536 ], [ 126.815062, 37.589471 ], [ 126.815265, 37.589361 ], [ 126.815272, 37.589357 ], [ 126.81528, 37.589353 ], [ 126.815462, 37.589239 ], [ 126.815498, 37.58922 ], [ 126.815691, 37.589119 ], [ 126.815701, 37.589114 ], [ 126.81571, 37.589109 ], [ 126.815712, 37.589108 ], [ 126.815993, 37.588977 ], [ 126.816158, 37.588901 ], [ 126.816268, 37.588874 ], [ 126.816379, 37.588848 ], [ 126.81655, 37.588763 ], [ 126.816712, 37.588665 ], [ 126.816713, 37.588664 ], [ 126.816879, 37.588291 ], [ 126.817028, 37.588146 ], [ 126.81728, 37.58805 ], [ 126.817468, 37.587875 ], [ 126.817493, 37.587859 ], [ 126.817642, 37.587768 ], [ 126.817888, 37.587627 ], [ 126.818197, 37.587451 ], [ 126.818235, 37.587429 ], [ 126.818443, 37.58731 ], [ 126.818845, 37.587098 ], [ 126.818997, 37.586988 ], [ 126.819158, 37.586903 ], [ 126.819172, 37.586899 ], [ 126.819231, 37.586881 ], [ 126.819345, 37.586875 ], [ 126.819405, 37.586871 ], [ 126.81969, 37.586785 ], [ 126.819774, 37.586715 ], [ 126.819829, 37.58667 ], [ 126.819832, 37.586667 ], [ 126.819989, 37.586571 ], [ 126.82011, 37.586486 ], [ 126.820212, 37.586372 ], [ 126.82022, 37.586364 ], [ 126.820226, 37.586358 ], [ 126.820244, 37.586338 ], [ 126.820255, 37.586312 ], [ 126.821142, 37.585699 ], [ 126.822329, 37.585114 ], [ 126.82371, 37.584708 ], [ 126.823771, 37.58465 ], [ 126.823789, 37.584656 ], [ 126.823899, 37.584613 ], [ 126.823928, 37.584602 ], [ 126.824147, 37.58447 ], [ 126.824303, 37.584376 ], [ 126.824371, 37.584452 ], [ 126.824434, 37.584412 ], [ 126.824389, 37.584369 ], [ 126.824476, 37.584265 ], [ 126.824616, 37.584096 ], [ 126.824649, 37.584056 ], [ 126.824659, 37.584044 ], [ 126.824663, 37.58404 ], [ 126.824804, 37.583961 ], [ 126.825291, 37.583704 ], [ 126.825302, 37.583698 ], [ 126.825599, 37.583557 ], [ 126.825783, 37.583469 ], [ 126.825783, 37.583469 ], [ 126.825962, 37.583384 ], [ 126.826015, 37.583358 ], [ 126.826168, 37.58327 ], [ 126.826327, 37.583171 ], [ 126.826362, 37.583154 ], [ 126.826548, 37.583058 ], [ 126.826927, 37.582798 ], [ 126.827055, 37.58271 ], [ 126.827104, 37.582676 ], [ 126.827227, 37.582591 ], [ 126.827236, 37.582585 ], [ 126.827245, 37.582579 ], [ 126.827347, 37.582509 ], [ 126.827508, 37.582348 ], [ 126.827562, 37.582295 ], [ 126.827578, 37.582283 ], [ 126.82767, 37.582211 ], [ 126.827743, 37.582155 ], [ 126.827825, 37.582092 ], [ 126.827847, 37.582075 ], [ 126.828178, 37.581795 ], [ 126.828399, 37.58165 ], [ 126.828708, 37.581448 ], [ 126.828711, 37.581443 ], [ 126.828711, 37.581443 ], [ 126.828746, 37.581369 ], [ 126.828804, 37.581247 ], [ 126.828895, 37.58115 ], [ 126.828971, 37.581069 ], [ 126.828991, 37.581048 ], [ 126.829071, 37.580983 ], [ 126.829111, 37.580956 ], [ 126.829153, 37.580942 ], [ 126.829155, 37.580941 ], [ 126.829366, 37.580868 ], [ 126.829366, 37.580862 ], [ 126.829369, 37.580846 ], [ 126.82914, 37.580918 ], [ 126.829139, 37.580918 ], [ 126.82896, 37.580975 ], [ 126.828823, 37.581021 ], [ 126.828815, 37.581024 ], [ 126.828579, 37.581106 ], [ 126.828466, 37.581145 ], [ 126.828306, 37.5812 ], [ 126.828141, 37.581258 ], [ 126.827807, 37.581376 ], [ 126.827548, 37.581468 ], [ 126.827541, 37.58147 ], [ 126.827501, 37.581485 ], [ 126.827412, 37.581516 ], [ 126.827296, 37.581558 ], [ 126.827273, 37.581567 ], [ 126.82717, 37.58161 ], [ 126.827067, 37.581654 ], [ 126.826958, 37.581699 ], [ 126.826918, 37.581716 ], [ 126.826812, 37.58176 ], [ 126.826724, 37.581797 ], [ 126.826541, 37.581874 ], [ 126.826536, 37.581876 ], [ 126.826531, 37.581879 ], [ 126.826286, 37.581981 ], [ 126.826197, 37.582018 ], [ 126.826137, 37.582043 ], [ 126.825929, 37.582127 ], [ 126.825799, 37.582179 ], [ 126.825502, 37.582299 ], [ 126.825378, 37.582349 ], [ 126.825257, 37.582397 ], [ 126.825167, 37.582433 ], [ 126.825121, 37.582454 ], [ 126.825082, 37.582471 ], [ 126.824941, 37.582534 ], [ 126.82491, 37.582548 ], [ 126.824835, 37.582581 ], [ 126.824834, 37.582582 ], [ 126.824679, 37.582651 ], [ 126.824446, 37.582755 ], [ 126.824361, 37.582793 ], [ 126.824173, 37.582877 ], [ 126.824089, 37.582914 ], [ 126.824069, 37.582923 ], [ 126.824021, 37.582945 ], [ 126.823878, 37.583008 ], [ 126.823702, 37.583087 ], [ 126.823682, 37.583095 ], [ 126.823543, 37.583157 ], [ 126.823282, 37.583274 ], [ 126.823093, 37.583358 ], [ 126.82277, 37.583502 ], [ 126.822578, 37.583587 ], [ 126.822563, 37.583594 ], [ 126.822552, 37.583595 ], [ 126.819931, 37.584771 ] ] ] } },
{ "type": "Feature", "properties": { "name": "고척돔", "area_code": "POI086", "category": "공원" }, "geometry": { "type": "Polygon", "coordinates": [ [ [ 126.866611, 37.496087 ], [ 126.866396, 37.497089 ], [ 126.865068, 37.496901 ], [ 126.864986, 37.49735 ], [ 126.864872, 37.497908 ], [ 126.866041, 37.498891 ], [ 126.866189, 37.499006 ], [ 126.866289, 37.49908 ], [ 126.866506, 37.499216 ], [ 126.866575, 37.499259 ], [ 126.866758, 37.49936 ], [ 126.866833, 37.499394 ], [ 126.866985, 37.499461 ], [ 126.867202, 37.499543 ], [ 126.867318, 37.499574 ], [ 126.867548, 37.499615 ], [ 126.867662, 37.499628 ], [ 126.867753, 37.499639 ], [ 126.867921, 37.499645 ], [ 126.868177, 37.499639 ], [ 126.868362, 37.499617 ], [ 126.868542, 37.499587 ], [ 126.868807, 37.499526 ], [ 126.868982, 37.499486 ], [ 126.868125, 37.49734 ], [ 126.868082, 37.496873 ], [ 126.868097, 37.496439 ], [ 126.86824, 37.4959 ], [ 126.868064, 37.49585 ], [ 126.868012, 37.495835 ], [ 126.867921, 37.495794 ], [ 126.867697, 37.495687 ], [ 126.867375, 37.495538 ], [ 126.86678, 37.495257 ], [ 126.866425, 37.495092 ], [ 126.866225, 37.495297 ], [ 126.866167, 37.495628 ], [ 126.865995, 37.495833 ], [ 126.866611, 37.496087 ] ] ] } },
{ "type": "Feature", "properties": { "name": "광나루한강공원", "area_code": "POI087", "category": "공원" }, "geometry": { "type": "Polygon", "coordinates": [ [ [ 127.158279, 37.572516 ], [ 127.160884, 37.573766 ], [ 127.163352, 37.575424 ], [ 127.164991, 37.573406 ], [ 127.158949, 37.570715 ], [ 127.153272, 37.56819 ], [ 127.151319, 37.567348 ], [ 127.150052, 37.566886 ], [ 127.147312, 37.566653 ], [ 127.147255, 37.566649 ], [ 127.139646, 37.567172 ], [ 127.138551, 37.5672 ], [ 127.136616, 37.566835 ], [ 127.134206, 37.565706 ], [ 127.134215, 37.565691 ], [ 127.132778, 37.564917 ], [ 127.132115, 37.564541 ], [ 127.131466, 37.564077 ], [ 127.129763, 37.562782 ], [ 127.127408, 37.560416 ], [ 127.126967, 37.559859 ], [ 127.126249, 37.55895 ], [ 127.125959, 37.558597 ], [ 127.125262, 37.557644 ], [ 127.124839, 37.556912 ], [ 127.124552, 37.556318 ], [ 127.124554, 37.556312 ], [ 127.12427, 37.555728 ], [ 127.123825, 37.554688 ], [ 127.123248, 37.552456 ], [ 127.122634, 37.550755 ], [ 127.122585, 37.550565 ], [ 127.122086, 37.549194 ], [ 127.122088, 37.549194 ], [ 127.121902, 37.54861 ], [ 127.121641, 37.547853 ], [ 127.121246, 37.54693 ], [ 127.121248, 37.546929 ], [ 127.120963, 37.546251 ], [ 127.120669, 37.545814 ], [ 127.120251, 37.545154 ], [ 127.120263, 37.545149 ], [ 127.120059, 37.544672 ], [ 127.119811, 37.544132 ], [ 127.119452, 37.54343 ], [ 127.119219, 37.542879 ], [ 127.119084, 37.542697 ], [ 127.118907, 37.542476 ], [ 127.118754, 37.542338 ], [ 127.11876, 37.542329 ], [ 127.118594, 37.542199 ], [ 127.117712, 37.541226 ], [ 127.114372, 37.53844 ], [ 127.111257, 37.535622 ], [ 127.110694, 37.535014 ], [ 127.110685, 37.535018 ], [ 127.110616, 37.53487 ], [ 127.10992, 37.53382 ], [ 127.1095, 37.532925 ], [ 127.109378, 37.532405 ], [ 127.109224, 37.531389 ], [ 127.108969, 37.530615 ], [ 127.108527, 37.529742 ], [ 127.108504, 37.529764 ], [ 127.108157, 37.529266 ], [ 127.107816, 37.528774 ], [ 127.10772, 37.528636 ], [ 127.107716, 37.528641 ], [ 127.107466, 37.528327 ], [ 127.106571, 37.527398 ], [ 127.106565, 37.527404 ], [ 127.106328, 37.527166 ], [ 127.105891, 37.526849 ], [ 127.105874, 37.526835 ], [ 127.103233, 37.524569 ], [ 127.102459, 37.524005 ], [ 127.102061, 37.52416 ], [ 127.101796, 37.524093 ], [ 127.101475, 37.52469 ], [ 127.101774, 37.524768 ], [ 127.103465, 37.526293 ], [ 127.105537, 37.528421 ], [ 127.106283, 37.529277 ], [ 127.10675, 37.529585 ], [ 127.106737, 37.529598 ], [ 127.107054, 37.529886 ], [ 127.107594, 37.530642 ], [ 127.107588, 37.530648 ], [ 127.10803, 37.531411 ], [ 127.108483, 37.532284 ], [ 127.109257, 37.53382 ], [ 127.110093, 37.535265 ], [ 127.110086, 37.535268 ], [ 127.112855, 37.538781 ], [ 127.112849, 37.538783 ], [ 127.115405, 37.542082 ], [ 127.115397, 37.542084 ], [ 127.115554, 37.542249 ], [ 127.115536, 37.542254 ], [ 127.11586, 37.542672 ], [ 127.116352, 37.543307 ], [ 127.11657, 37.543588 ], [ 127.116593, 37.543621 ], [ 127.116701, 37.54377 ], [ 127.116931, 37.544089 ], [ 127.117559, 37.544957 ], [ 127.11802, 37.545813 ], [ 127.118036, 37.545854 ], [ 127.118093, 37.545997 ], [ 127.118113, 37.546058 ], [ 127.118276, 37.546559 ], [ 127.11833, 37.546745 ], [ 127.11853, 37.547272 ], [ 127.118578, 37.5474 ], [ 127.118844, 37.548098 ], [ 127.118856, 37.54813 ], [ 127.119086, 37.548416 ], [ 127.119555, 37.549678 ], [ 127.119578, 37.54975 ], [ 127.119687, 37.550079 ], [ 127.119761, 37.550304 ], [ 127.120213, 37.551718 ], [ 127.120213, 37.551744 ], [ 127.120321, 37.551948 ], [ 127.120459, 37.552329 ], [ 127.120485, 37.552367 ], [ 127.120507, 37.552512 ], [ 127.120558, 37.552565 ], [ 127.120571, 37.552709 ], [ 127.120642, 37.552798 ], [ 127.120725, 37.553086 ], [ 127.120743, 37.553208 ], [ 127.120841, 37.553296 ], [ 127.120945, 37.553586 ], [ 127.121098, 37.553946 ], [ 127.121173, 37.554062 ], [ 127.121187, 37.55414 ], [ 127.121259, 37.554194 ], [ 127.121272, 37.554331 ], [ 127.121318, 37.554454 ], [ 127.121424, 37.554671 ], [ 127.121528, 37.554812 ], [ 127.12176, 37.555309 ], [ 127.121897, 37.555576 ], [ 127.121961, 37.555699 ], [ 127.12202, 37.555812 ], [ 127.122367, 37.556406 ], [ 127.122587, 37.556756 ], [ 127.122965, 37.557321 ], [ 127.123095, 37.557515 ], [ 127.123154, 37.557598 ], [ 127.123564, 37.558173 ], [ 127.124157, 37.558919 ], [ 127.124638, 37.55948 ], [ 127.124863, 37.559724 ], [ 127.125198, 37.560084 ], [ 127.12582, 37.560702 ], [ 127.126361, 37.561205 ], [ 127.12652, 37.561353 ], [ 127.127376, 37.562081 ], [ 127.127843, 37.562449 ], [ 127.128072, 37.562627 ], [ 127.12835, 37.562843 ], [ 127.128521, 37.562977 ], [ 127.128615, 37.56305 ], [ 127.12877, 37.563171 ], [ 127.129232, 37.563522 ], [ 127.129253, 37.563543 ], [ 127.129684, 37.563865 ], [ 127.129979, 37.56407 ], [ 127.13024, 37.56424 ], [ 127.130389, 37.564337 ], [ 127.130544, 37.564435 ], [ 127.131131, 37.564779 ], [ 127.131197, 37.564814 ], [ 127.131637, 37.565049 ], [ 127.13267, 37.565522 ], [ 127.132923, 37.565631 ], [ 127.133613, 37.565907 ], [ 127.134007, 37.566065 ], [ 127.13401, 37.56606 ], [ 127.138552, 37.567949 ], [ 127.141496, 37.568069 ], [ 127.147107, 37.567701 ], [ 127.149918, 37.568494 ], [ 127.150431, 37.568357 ], [ 127.15002, 37.568113 ], [ 127.15043, 37.567812 ], [ 127.151081, 37.567839 ], [ 127.151389, 37.568193 ], [ 127.1518, 37.568301 ], [ 127.152384, 37.569281 ], [ 127.155606, 37.571184 ], [ 127.15571, 37.571675 ], [ 127.156703, 37.572 ], [ 127.158279, 37.572516 ] ] ] } },
{ "type": "Feature", "properties": { "name": "광화문광장", "area_code": "POI088", "category": "공원" }, "geometry": { "type": "Polygon", "coordinates": [ [ [ 126.974396, 37.576161 ], [ 126.974629, 37.576032 ], [ 126.978157, 37.57596 ], [ 126.978907, 37.576074 ], [ 126.979069, 37.576187 ], [ 126.97913, 37.576122 ], [ 126.97909, 37.575565 ], [ 126.978056, 37.575436 ], [ 126.978138, 37.57032 ], [ 126.975878, 37.570344 ], [ 126.975795, 37.575387 ], [ 126.975258, 37.575468 ], [ 126.974396, 37.575492 ], [ 126.974396, 37.576161 ] ] ] } },
{ "type": "Feature", "properties": { "name": "국립중앙박물관·용산가족공원", "area_code": "POI089", "category": "공원" }, "geometry": { "type": "Polygon", "coordinates": [ [ [ 126.984429, 37.524902 ], [ 126.985193, 37.524849 ], [ 126.985128, 37.523903 ], [ 126.985062, 37.523659 ], [ 126.985051, 37.523268 ], [ 126.985117, 37.522843 ], [ 126.985215, 37.522356 ], [ 126.985292, 37.521861 ], [ 126.985379, 37.521531 ], [ 126.985466, 37.521166 ], [ 126.985597, 37.520575 ], [ 126.985706, 37.520271 ], [ 126.985805, 37.520132 ], [ 126.985805, 37.520097 ], [ 126.985172, 37.52001 ], [ 126.98479, 37.51995 ], [ 126.984452, 37.519932 ], [ 126.984136, 37.519923 ], [ 126.983656, 37.519932 ], [ 126.983241, 37.519975 ], [ 126.982914, 37.52001 ], [ 126.98263, 37.520071 ], [ 126.982401, 37.520106 ], [ 126.9771, 37.521747 ], [ 126.977481, 37.522355 ], [ 126.977449, 37.522485 ], [ 126.977351, 37.522615 ], [ 126.97723, 37.522789 ], [ 126.977034, 37.523032 ], [ 126.976794, 37.523363 ], [ 126.976707, 37.523675 ], [ 126.977284, 37.52517 ], [ 126.977415, 37.525265 ], [ 126.984429, 37.524902 ] ] ] } },
{ "type": "Feature", "properties": { "name": "노들섬", "area_code": "POI092", "category": "공원" }, "geometry": { "type": "Polygon", "coordinates": [ [ [ 126.95873, 37.516563 ], [ 126.955232, 37.518012 ], [ 126.955004, 37.518268 ], [ 126.954938, 37.518684 ], [ 126.955004, 37.518865 ], [ 126.955279, 37.519054 ], [ 126.955753, 37.519182 ], [ 126.957004, 37.518956 ], [ 126.959165, 37.518338 ], [ 126.96091, 37.517614 ], [ 126.962104, 37.516987 ], [ 126.962474, 37.51667 ], [ 126.962531, 37.516406 ], [ 126.962436, 37.516195 ], [ 126.962057, 37.516059 ], [ 126.960787, 37.516051 ], [ 126.95873, 37.516563 ] ] ] } },
{ "type": "Feature", "properties": { "name": "뚝섬한강공원", "area_code": "POI093", "category": "공원" }, "geometry": { "type": "Polygon", "coordinates": [ [ [ 127.059099, 37.533301 ], [ 127.064203, 37.531692 ], [ 127.065495, 37.531666 ], [ 127.06663, 37.531389 ], [ 127.07145, 37.530081 ], [ 127.074601, 37.529176 ], [ 127.07816, 37.527944 ], [ 127.079925, 37.527516 ], [ 127.081154, 37.527289 ], [ 127.083359, 37.527238 ], [ 127.084841, 37.527287 ], [ 127.08607, 37.527436 ], [ 127.087236, 37.527737 ], [ 127.088403, 37.528137 ], [ 127.089032, 37.527359 ], [ 127.088055, 37.526933 ], [ 127.087424, 37.526833 ], [ 127.081499, 37.526637 ], [ 127.080491, 37.526462 ], [ 127.07901, 37.526513 ], [ 127.076836, 37.52674 ], [ 127.072929, 37.527495 ], [ 127.069463, 37.528125 ], [ 127.068234, 37.528502 ], [ 127.066249, 37.529055 ], [ 127.06543, 37.529382 ], [ 127.063414, 37.530161 ], [ 127.061744, 37.530915 ], [ 127.058689, 37.532448 ], [ 127.059099, 37.533301 ] ] ] } },
{ "type": "Feature", "properties": { "name": "망원한강공원", "area_code": "POI094", "category": "공원" }, "geometry": { "type": "Polygon", "coordinates": [ [ [ 126.896061, 37.560501 ], [ 126.895873, 37.559246 ], [ 126.89613, 37.55636 ], [ 126.896982, 37.555482 ], [ 126.90323, 37.550619 ], [ 126.905502, 37.549039 ], [ 126.906826, 37.548714 ], [ 126.910168, 37.548441 ], [ 126.909412, 37.548013 ], [ 126.908656, 37.547385 ], [ 126.907113, 37.546054 ], [ 126.89263, 37.556357 ], [ 126.892094, 37.556708 ], [ 126.891904, 37.557134 ], [ 126.891872, 37.557461 ], [ 126.89184, 37.557762 ], [ 126.891934, 37.558113 ], [ 126.892343, 37.55854 ], [ 126.892784, 37.558842 ], [ 126.893571, 37.559545 ], [ 126.896061, 37.560501 ] ] ] } },
{ "type": "Feature", "properties": { "name": "반포한강공원", "area_code": "POI095", "category": "공원" }, "geometry": { "type": "Polygon", "coordinates": [ [ [ 127.005048, 37.517378 ], [ 127.007443, 37.515797 ], [ 127.003787, 37.512509 ], [ 127.002496, 37.511606 ], [ 126.998935, 37.5101 ], [ 126.996289, 37.50892 ], [ 126.993359, 37.507615 ], [ 126.988066, 37.505431 ], [ 126.982805, 37.504527 ], [ 126.981073, 37.504326 ], [ 126.980254, 37.504326 ], [ 126.98082, 37.506283 ], [ 126.981702, 37.506284 ], [ 126.982049, 37.506208 ], [ 126.984286, 37.50661 ], [ 126.984538, 37.506886 ], [ 126.98564, 37.506886 ], [ 126.986837, 37.507288 ], [ 126.989421, 37.508142 ], [ 126.99276, 37.509598 ], [ 126.993138, 37.509949 ], [ 126.994524, 37.510351 ], [ 126.997171, 37.512233 ], [ 126.998211, 37.512836 ], [ 126.999565, 37.513061 ], [ 127.001298, 37.513563 ], [ 127.00237, 37.514367 ], [ 127.003283, 37.514618 ], [ 127.004638, 37.516048 ], [ 127.00467, 37.516299 ], [ 127.004701, 37.516952 ], [ 127.004764, 37.517228 ], [ 127.005048, 37.517378 ] ] ] } },
{ "type": "Feature", "properties": { "name": "북서울꿈의숲", "area_code": "POI096", "category": "공원" }, "geometry": { "type": "Polygon", "coordinates": [ [ [ 127.036998, 37.620361 ], [ 127.037076, 37.620578 ], [ 127.037082, 37.620597 ], [ 127.037083, 37.620599 ], [ 127.037092, 37.620619 ], [ 127.037167, 37.620738 ], [ 127.037171, 37.620747 ], [ 127.037241, 37.620909 ], [ 127.037317, 37.621083 ], [ 127.037399, 37.621271 ], [ 127.037399, 37.621271 ], [ 127.037486, 37.621284 ], [ 127.037489, 37.621287 ], [ 127.03757, 37.621397 ], [ 127.037571, 37.621398 ], [ 127.037572, 37.6214 ], [ 127.03758, 37.621432 ], [ 127.037621, 37.6216 ], [ 127.037619, 37.621624 ], [ 127.037626, 37.621726 ], [ 127.037628, 37.621746 ], [ 127.03764, 37.621872 ], [ 127.037626, 37.621999 ], [ 127.037624, 37.622028 ], [ 127.037621, 37.622059 ], [ 127.037623, 37.622074 ], [ 127.037626, 37.622103 ], [ 127.037643, 37.622271 ], [ 127.037733, 37.622493 ], [ 127.037741, 37.622509 ], [ 127.037762, 37.622549 ], [ 127.037763, 37.622614 ], [ 127.0378, 37.622624 ], [ 127.037822, 37.622666 ], [ 127.037786, 37.622658 ], [ 127.037794, 37.622754 ], [ 127.037806, 37.622804 ], [ 127.037808, 37.62283 ], [ 127.037816, 37.62288 ], [ 127.037769, 37.622869 ], [ 127.037772, 37.623041 ], [ 127.037722, 37.623069 ], [ 127.037665, 37.623101 ], [ 127.037661, 37.623103 ], [ 127.037669, 37.623242 ], [ 127.037673, 37.623315 ], [ 127.037669, 37.623345 ], [ 127.037647, 37.623495 ], [ 127.037646, 37.623497 ], [ 127.037646, 37.6235 ], [ 127.037646, 37.623502 ], [ 127.037642, 37.623529 ], [ 127.037645, 37.62353 ], [ 127.038127, 37.623695 ], [ 127.03877, 37.623916 ], [ 127.038594, 37.624095 ], [ 127.038391, 37.624187 ], [ 127.038019, 37.624319 ], [ 127.037862, 37.624304 ], [ 127.037767, 37.624249 ], [ 127.037536, 37.624134 ], [ 127.037527, 37.624129 ], [ 127.037523, 37.62415 ], [ 127.037522, 37.624156 ], [ 127.037481, 37.624366 ], [ 127.037473, 37.624387 ], [ 127.037392, 37.62459 ], [ 127.037382, 37.624616 ], [ 127.03738, 37.62462 ], [ 127.037366, 37.624658 ], [ 127.037276, 37.624884 ], [ 127.037265, 37.624912 ], [ 127.037214, 37.625042 ], [ 127.037173, 37.625146 ], [ 127.03712, 37.625286 ], [ 127.037094, 37.625353 ], [ 127.037085, 37.625377 ], [ 127.037085, 37.625377 ], [ 127.037306, 37.625433 ], [ 127.037465, 37.625547 ], [ 127.037548, 37.625639 ], [ 127.037776, 37.625968 ], [ 127.037839, 37.626058 ], [ 127.037991, 37.626238 ], [ 127.038076, 37.626338 ], [ 127.038312, 37.626517 ], [ 127.038586, 37.626628 ], [ 127.038806, 37.626718 ], [ 127.038937, 37.626761 ], [ 127.038967, 37.626771 ], [ 127.039323, 37.626888 ], [ 127.039795, 37.627045 ], [ 127.039803, 37.627041 ], [ 127.039906, 37.627074 ], [ 127.039825, 37.62684 ], [ 127.039868, 37.626786 ], [ 127.039827, 37.626784 ], [ 127.039754, 37.62678 ], [ 127.039723, 37.626787 ], [ 127.039683, 37.62679 ], [ 127.039603, 37.6268 ], [ 127.039501, 37.62681 ], [ 127.039421, 37.626782 ], [ 127.03921, 37.62669 ], [ 127.039145, 37.626644 ], [ 127.039092, 37.626598 ], [ 127.039092, 37.626547 ], [ 127.039071, 37.626509 ], [ 127.039055, 37.626479 ], [ 127.039055, 37.626478 ], [ 127.039042, 37.626412 ], [ 127.039042, 37.626411 ], [ 127.039045, 37.626222 ], [ 127.039049, 37.626008 ], [ 127.039067, 37.625942 ], [ 127.039063, 37.625863 ], [ 127.039023, 37.625789 ], [ 127.038941, 37.625638 ], [ 127.038911, 37.625556 ], [ 127.038829, 37.625404 ], [ 127.038931, 37.625372 ], [ 127.038945, 37.625369 ], [ 127.039093, 37.625327 ], [ 127.039161, 37.625307 ], [ 127.039188, 37.625307 ], [ 127.039205, 37.625321 ], [ 127.039239, 37.625352 ], [ 127.039254, 37.625377 ], [ 127.039282, 37.625444 ], [ 127.039285, 37.62546 ], [ 127.039286, 37.625477 ], [ 127.03929, 37.625497 ], [ 127.039309, 37.625569 ], [ 127.039326, 37.625621 ], [ 127.039332, 37.625637 ], [ 127.039346, 37.625659 ], [ 127.039519, 37.626043 ], [ 127.039536, 37.626068 ], [ 127.039549, 37.626086 ], [ 127.039599, 37.626152 ], [ 127.039642, 37.626169 ], [ 127.039756, 37.626214 ], [ 127.039778, 37.626263 ], [ 127.0399, 37.626385 ], [ 127.039926, 37.626431 ], [ 127.03995, 37.626473 ], [ 127.039961, 37.626514 ], [ 127.040101, 37.626493 ], [ 127.04013, 37.626507 ], [ 127.040188, 37.626534 ], [ 127.040196, 37.62658 ], [ 127.04019, 37.626602 ], [ 127.040278, 37.626627 ], [ 127.040359, 37.62667 ], [ 127.040371, 37.62668 ], [ 127.040378, 37.626699 ], [ 127.040493, 37.626736 ], [ 127.040502, 37.626734 ], [ 127.040631, 37.626649 ], [ 127.040805, 37.626509 ], [ 127.040917, 37.626438 ], [ 127.041, 37.62641 ], [ 127.041032, 37.626413 ], [ 127.041054, 37.626426 ], [ 127.041089, 37.626445 ], [ 127.041101, 37.626446 ], [ 127.041115, 37.626445 ], [ 127.041179, 37.626424 ], [ 127.041237, 37.626404 ], [ 127.041224, 37.626384 ], [ 127.041211, 37.626366 ], [ 127.041211, 37.626347 ], [ 127.041232, 37.626322 ], [ 127.041274, 37.626309 ], [ 127.041346, 37.626208 ], [ 127.04145, 37.626202 ], [ 127.041499, 37.626197 ], [ 127.041617, 37.62617 ], [ 127.041781, 37.626145 ], [ 127.041897, 37.626128 ], [ 127.042002, 37.626107 ], [ 127.042077, 37.626196 ], [ 127.042278, 37.626495 ], [ 127.042306, 37.626552 ], [ 127.042306, 37.626558 ], [ 127.041895, 37.626736 ], [ 127.041594, 37.626822 ], [ 127.041538, 37.626833 ], [ 127.041521, 37.626845 ], [ 127.041502, 37.626852 ], [ 127.041491, 37.626856 ], [ 127.041389, 37.626883 ], [ 127.04134, 37.626854 ], [ 127.041302, 37.626807 ], [ 127.041244, 37.626847 ], [ 127.041018, 37.627059 ], [ 127.040949, 37.627088 ], [ 127.040708, 37.627159 ], [ 127.040664, 37.627242 ], [ 127.040623, 37.62732 ], [ 127.040696, 37.62735 ], [ 127.040741, 37.627365 ], [ 127.040794, 37.627382 ], [ 127.040856, 37.627393 ], [ 127.040951, 37.627404 ], [ 127.041053, 37.627414 ], [ 127.041159, 37.627424 ], [ 127.041206, 37.627445 ], [ 127.041223, 37.627456 ], [ 127.041285, 37.627499 ], [ 127.041448, 37.62761 ], [ 127.041707, 37.62779 ], [ 127.041872, 37.627912 ], [ 127.042037, 37.628028 ], [ 127.042081, 37.628059 ], [ 127.042108, 37.628078 ], [ 127.042295, 37.628218 ], [ 127.042333, 37.62824 ], [ 127.042365, 37.628254 ], [ 127.042587, 37.628335 ], [ 127.042761, 37.628401 ], [ 127.042781, 37.628409 ], [ 127.042893, 37.628432 ], [ 127.042941, 37.628436 ], [ 127.043132, 37.628445 ], [ 127.042952, 37.628936 ], [ 127.043722, 37.629523 ], [ 127.043844, 37.629389 ], [ 127.043909, 37.629337 ], [ 127.044173, 37.629125 ], [ 127.044321, 37.629005 ], [ 127.044406, 37.628938 ], [ 127.044439, 37.628921 ], [ 127.044461, 37.628909 ], [ 127.044619, 37.628818 ], [ 127.044749, 37.628743 ], [ 127.044768, 37.628731 ], [ 127.044156, 37.627931 ], [ 127.044085, 37.627837 ], [ 127.04402, 37.627903 ], [ 127.043953, 37.627967 ], [ 127.043816, 37.628086 ], [ 127.043763, 37.628119 ], [ 127.043621, 37.627997 ], [ 127.043519, 37.62791 ], [ 127.043485, 37.62787 ], [ 127.043434, 37.627813 ], [ 127.043263, 37.627754 ], [ 127.043227, 37.627741 ], [ 127.043213, 37.627723 ], [ 127.043168, 37.627664 ], [ 127.043078, 37.62747 ], [ 127.043126, 37.627445 ], [ 127.043207, 37.627382 ], [ 127.043155, 37.627314 ], [ 127.043132, 37.627285 ], [ 127.043536, 37.626979 ], [ 127.044004, 37.626624 ], [ 127.044064, 37.626579 ], [ 127.044063, 37.626468 ], [ 127.044061, 37.626443 ], [ 127.044067, 37.626403 ], [ 127.044102, 37.626272 ], [ 127.044201, 37.626023 ], [ 127.044252, 37.625914 ], [ 127.044295, 37.625824 ], [ 127.044301, 37.62581 ], [ 127.044312, 37.625792 ], [ 127.044369, 37.625694 ], [ 127.044428, 37.625607 ], [ 127.044495, 37.625525 ], [ 127.044555, 37.625451 ], [ 127.044615, 37.625377 ], [ 127.044714, 37.625267 ], [ 127.044812, 37.625157 ], [ 127.044736, 37.625137 ], [ 127.044469, 37.625068 ], [ 127.044415, 37.625133 ], [ 127.044368, 37.625107 ], [ 127.044327, 37.625068 ], [ 127.044314, 37.625051 ], [ 127.044302, 37.625003 ], [ 127.04425, 37.624981 ], [ 127.044215, 37.62497 ], [ 127.044196, 37.624963 ], [ 127.043949, 37.624841 ], [ 127.04393, 37.624809 ], [ 127.044439, 37.624624 ], [ 127.044642, 37.624551 ], [ 127.044964, 37.624435 ], [ 127.04518, 37.624346 ], [ 127.045203, 37.624264 ], [ 127.045204, 37.624261 ], [ 127.045207, 37.624247 ], [ 127.045217, 37.624213 ], [ 127.045257, 37.62423 ], [ 127.045284, 37.624243 ], [ 127.045319, 37.624265 ], [ 127.045347, 37.624277 ], [ 127.04543, 37.624311 ], [ 127.04556, 37.624127 ], [ 127.045618, 37.624046 ], [ 127.045665, 37.62397 ], [ 127.045702, 37.623916 ], [ 127.045864, 37.623574 ], [ 127.046009, 37.623292 ], [ 127.04608, 37.623154 ], [ 127.046118, 37.623053 ], [ 127.046139, 37.622952 ], [ 127.046172, 37.62279 ], [ 127.046211, 37.622614 ], [ 127.04627, 37.622461 ], [ 127.046323, 37.622383 ], [ 127.046418, 37.622241 ], [ 127.046424, 37.622232 ], [ 127.046434, 37.622227 ], [ 127.046339, 37.622131 ], [ 127.046324, 37.622116 ], [ 127.046303, 37.622095 ], [ 127.046097, 37.621891 ], [ 127.04608, 37.621875 ], [ 127.046069, 37.621859 ], [ 127.045887, 37.621609 ], [ 127.045787, 37.621474 ], [ 127.045723, 37.621388 ], [ 127.045703, 37.621359 ], [ 127.0457, 37.621354 ], [ 127.045678, 37.621313 ], [ 127.045659, 37.621278 ], [ 127.045627, 37.621218 ], [ 127.045622, 37.621208 ], [ 127.045585, 37.62114 ], [ 127.045576, 37.621123 ], [ 127.045552, 37.621078 ], [ 127.045517, 37.621014 ], [ 127.045368, 37.620735 ], [ 127.045223, 37.620468 ], [ 127.045225, 37.620467 ], [ 127.045214, 37.620447 ], [ 127.045212, 37.620448 ], [ 127.045056, 37.620149 ], [ 127.04505, 37.620138 ], [ 127.045028, 37.620097 ], [ 127.044977, 37.620001 ], [ 127.044899, 37.619856 ], [ 127.044845, 37.619754 ], [ 127.044747, 37.61957 ], [ 127.044734, 37.619546 ], [ 127.044679, 37.619442 ], [ 127.044605, 37.619362 ], [ 127.044572, 37.619326 ], [ 127.044571, 37.619324 ], [ 127.044531, 37.619281 ], [ 127.044023, 37.618726 ], [ 127.043968, 37.618665 ], [ 127.043949, 37.618644 ], [ 127.043944, 37.618641 ], [ 127.043912, 37.618618 ], [ 127.043776, 37.618521 ], [ 127.043732, 37.61849 ], [ 127.043677, 37.618451 ], [ 127.043616, 37.618408 ], [ 127.043566, 37.618373 ], [ 127.043302, 37.618185 ], [ 127.043136, 37.618068 ], [ 127.043054, 37.61801 ], [ 127.043028, 37.617991 ], [ 127.042875, 37.617883 ], [ 127.042696, 37.617756 ], [ 127.042578, 37.617672 ], [ 127.042495, 37.617614 ], [ 127.042378, 37.617531 ], [ 127.042339, 37.617503 ], [ 127.042198, 37.617395 ], [ 127.042089, 37.617311 ], [ 127.041856, 37.617132 ], [ 127.041526, 37.616904 ], [ 127.041472, 37.616886 ], [ 127.041446, 37.616876 ], [ 127.041428, 37.616869 ], [ 127.041428, 37.616869 ], [ 127.04139, 37.616841 ], [ 127.041344, 37.616808 ], [ 127.041157, 37.616673 ], [ 127.041121, 37.616651 ], [ 127.040996, 37.616575 ], [ 127.040981, 37.616556 ], [ 127.040942, 37.616514 ], [ 127.040558, 37.616107 ], [ 127.040409, 37.616067 ], [ 127.040372, 37.616081 ], [ 127.040072, 37.616195 ], [ 127.040041, 37.616247 ], [ 127.039986, 37.616185 ], [ 127.039993, 37.616109 ], [ 127.039996, 37.616044 ], [ 127.039995, 37.616013 ], [ 127.039989, 37.615848 ], [ 127.039985, 37.615761 ], [ 127.039966, 37.615687 ], [ 127.039851, 37.61559 ], [ 127.039843, 37.615593 ], [ 127.039842, 37.615595 ], [ 127.039835, 37.615597 ], [ 127.039816, 37.615601 ], [ 127.039762, 37.615613 ], [ 127.039713, 37.615672 ], [ 127.039709, 37.615677 ], [ 127.039699, 37.615676 ], [ 127.039633, 37.615668 ], [ 127.039598, 37.615665 ], [ 127.039571, 37.615662 ], [ 127.039467, 37.615703 ], [ 127.039323, 37.615731 ], [ 127.039272, 37.615786 ], [ 127.03925, 37.61581 ], [ 127.039265, 37.615829 ], [ 127.039151, 37.615888 ], [ 127.039143, 37.615879 ], [ 127.039138, 37.615877 ], [ 127.038991, 37.615697 ], [ 127.038883, 37.615757 ], [ 127.038853, 37.615733 ], [ 127.038778, 37.61567 ], [ 127.038648, 37.615552 ], [ 127.038561, 37.615465 ], [ 127.038451, 37.615347 ], [ 127.038398, 37.615287 ], [ 127.038387, 37.61527 ], [ 127.038382, 37.615254 ], [ 127.038376, 37.615195 ], [ 127.038374, 37.615166 ], [ 127.038373, 37.615122 ], [ 127.038373, 37.615116 ], [ 127.03837, 37.615113 ], [ 127.038363, 37.615111 ], [ 127.038357, 37.615111 ], [ 127.038334, 37.615111 ], [ 127.038237, 37.615112 ], [ 127.038192, 37.615114 ], [ 127.038173, 37.615103 ], [ 127.038169, 37.615101 ], [ 127.038139, 37.615084 ], [ 127.038097, 37.615084 ], [ 127.038036, 37.615085 ], [ 127.037962, 37.615084 ], [ 127.037962, 37.615086 ], [ 127.037962, 37.615118 ], [ 127.037967, 37.615266 ], [ 127.037967, 37.615268 ], [ 127.037966, 37.615419 ], [ 127.037966, 37.615421 ], [ 127.037971, 37.615614 ], [ 127.037972, 37.615631 ], [ 127.037975, 37.615726 ], [ 127.037977, 37.615802 ], [ 127.037977, 37.615804 ], [ 127.03798, 37.615868 ], [ 127.03798, 37.61591 ], [ 127.037979, 37.615938 ], [ 127.037979, 37.615941 ], [ 127.037975, 37.616008 ], [ 127.037975, 37.616011 ], [ 127.037977, 37.616108 ], [ 127.037981, 37.61622 ], [ 127.037983, 37.616344 ], [ 127.037983, 37.616346 ], [ 127.03799, 37.616473 ], [ 127.037988, 37.616501 ], [ 127.037986, 37.61651 ], [ 127.037985, 37.616512 ], [ 127.037983, 37.616518 ], [ 127.037967, 37.616541 ], [ 127.037934, 37.616574 ], [ 127.037894, 37.616611 ], [ 127.037891, 37.616614 ], [ 127.037847, 37.616655 ], [ 127.037804, 37.616693 ], [ 127.03777, 37.616665 ], [ 127.037713, 37.616593 ], [ 127.037676, 37.616548 ], [ 127.037665, 37.616536 ], [ 127.037376, 37.616706 ], [ 127.037381, 37.616812 ], [ 127.037283, 37.616925 ], [ 127.037255, 37.616948 ], [ 127.037176, 37.617048 ], [ 127.037176, 37.617048 ], [ 127.037216, 37.61735 ], [ 127.037293, 37.617932 ], [ 127.036653, 37.618138 ], [ 127.03593, 37.618371 ], [ 127.035934, 37.618378 ], [ 127.036036, 37.618535 ], [ 127.036142, 37.618688 ], [ 127.036157, 37.618712 ], [ 127.036245, 37.618839 ], [ 127.036346, 37.618985 ], [ 127.036573, 37.619329 ], [ 127.036778, 37.619659 ], [ 127.036789, 37.619677 ], [ 127.036789, 37.619677 ], [ 127.03684, 37.619769 ], [ 127.03686, 37.619806 ], [ 127.036816, 37.619946 ], [ 127.036822, 37.619961 ], [ 127.036998, 37.620361 ] ], [ [ 127.043173, 37.626137 ], [ 127.043093, 37.626137 ], [ 127.042966, 37.626128 ], [ 127.042943, 37.626135 ], [ 127.042814, 37.626129 ], [ 127.042789, 37.626057 ], [ 127.042766, 37.626001 ], [ 127.042734, 37.625939 ], [ 127.042748, 37.62589 ], [ 127.042791, 37.625853 ], [ 127.042732, 37.625758 ], [ 127.042643, 37.625739 ], [ 127.042626, 37.625562 ], [ 127.042631, 37.625511 ], [ 127.042665, 37.625462 ], [ 127.042634, 37.625414 ], [ 127.042632, 37.625402 ], [ 127.04264, 37.625329 ], [ 127.042725, 37.625374 ], [ 127.042827, 37.625388 ], [ 127.042867, 37.625435 ], [ 127.042921, 37.625484 ], [ 127.043124, 37.625498 ], [ 127.043237, 37.625597 ], [ 127.043328, 37.625612 ], [ 127.043447, 37.625666 ], [ 127.043549, 37.625675 ], [ 127.04365, 37.625673 ], [ 127.043731, 37.625701 ], [ 127.043727, 37.625714 ], [ 127.043719, 37.625739 ], [ 127.043746, 37.625811 ], [ 127.043767, 37.625807 ], [ 127.043789, 37.62587 ], [ 127.04378, 37.625872 ], [ 127.043765, 37.625896 ], [ 127.043767, 37.625897 ], [ 127.043751, 37.625928 ], [ 127.043746, 37.625927 ], [ 127.043695, 37.626009 ], [ 127.043681, 37.626032 ], [ 127.043579, 37.626042 ], [ 127.04355, 37.626082 ], [ 127.0434, 37.626282 ], [ 127.043361, 37.626258 ], [ 127.043186, 37.626146 ], [ 127.043173, 37.626137 ] ] ] } },
{ "type": "Feature", "properties": { "name": "서리풀공원·몽마르뜨공원", "area_code": "POI098", "category": "공원" }, "geometry": { "type": "Polygon", "coordinates": [ [ [ 127.002199, 37.493364 ], [ 127.002199, 37.493868 ], [ 127.002348, 37.494093 ], [ 127.002332, 37.494624 ], [ 127.002115, 37.49534 ], [ 127.002997, 37.495539 ], [ 127.002798, 37.496162 ], [ 127.002565, 37.496188 ], [ 127.002531, 37.496321 ], [ 127.002764, 37.496493 ], [ 127.004429, 37.496944 ], [ 127.004812, 37.497329 ], [ 127.005311, 37.497316 ], [ 127.005313, 37.497312 ], [ 127.006445, 37.497673 ], [ 127.006498, 37.499259 ], [ 127.007007, 37.499664 ], [ 127.007039, 37.499978 ], [ 127.007064, 37.49998 ], [ 127.007103, 37.500095 ], [ 127.006554, 37.502182 ], [ 127.006499, 37.503167 ], [ 127.006563, 37.503182 ], [ 127.006874, 37.50246 ], [ 127.006966, 37.501562 ], [ 127.007252, 37.501193 ], [ 127.007941, 37.499697 ], [ 127.008738, 37.498548 ], [ 127.008793, 37.498538 ], [ 127.008809, 37.498511 ], [ 127.008841, 37.498481 ], [ 127.009455, 37.497933 ], [ 127.009777, 37.497942 ], [ 127.009704, 37.498088 ], [ 127.01018, 37.498117 ], [ 127.010272, 37.498073 ], [ 127.010345, 37.497854 ], [ 127.01029, 37.497533 ], [ 127.010163, 37.497302 ], [ 127.010167, 37.497298 ], [ 127.009699, 37.49672 ], [ 127.009868, 37.496422 ], [ 127.008041, 37.495932 ], [ 127.006938, 37.495636 ], [ 127.006898, 37.495725 ], [ 127.006869, 37.495789 ], [ 127.006045, 37.496052 ], [ 127.005949, 37.496024 ], [ 127.005881, 37.496049 ], [ 127.00588, 37.496051 ], [ 127.005294, 37.496255 ], [ 127.005095, 37.496188 ], [ 127.004778, 37.495605 ], [ 127.004895, 37.495353 ], [ 127.005228, 37.495181 ], [ 127.005444, 37.494663 ], [ 127.004978, 37.494438 ], [ 127.004762, 37.494093 ], [ 127.004063, 37.493894 ], [ 127.003214, 37.493563 ], [ 127.002665, 37.492993 ], [ 127.002518, 37.492875 ], [ 127.003546, 37.491944 ], [ 127.003673, 37.491826 ], [ 127.003849, 37.491658 ], [ 127.00386, 37.491652 ], [ 127.003969, 37.491447 ], [ 127.004122, 37.491159 ], [ 127.004118, 37.491152 ], [ 127.004242, 37.490901 ], [ 127.004196, 37.490266 ], [ 127.003685, 37.488722 ], [ 127.004418, 37.488596 ], [ 127.004251, 37.487229 ], [ 127.004182, 37.487238 ], [ 127.004177, 37.487209 ], [ 127.003975, 37.487229 ], [ 127.003785, 37.487248 ], [ 127.003868, 37.487497 ], [ 127.003917, 37.487643 ], [ 127.003922, 37.487656 ], [ 127.003763, 37.487781 ], [ 127.003712, 37.487781 ], [ 127.003418, 37.487712 ], [ 127.003437, 37.487355 ], [ 127.003014, 37.487339 ], [ 127.003048, 37.486768 ], [ 127.003031, 37.486731 ], [ 127.003016, 37.486632 ], [ 127.003046, 37.486527 ], [ 127.003054, 37.486525 ], [ 127.003128, 37.486501 ], [ 127.003226, 37.486468 ], [ 127.003205, 37.486416 ], [ 127.003182, 37.48641 ], [ 127.003181, 37.4864 ], [ 127.002825, 37.486289 ], [ 127.002575, 37.48621 ], [ 127.002508, 37.486161 ], [ 127.002439, 37.486142 ], [ 127.001973, 37.48587 ], [ 127.001867, 37.485809 ], [ 127.001562, 37.485533 ], [ 127.0015, 37.485424 ], [ 127.00165, 37.485353 ], [ 127.001872, 37.485211 ], [ 127.001936, 37.485169 ], [ 127.002455, 37.484288 ], [ 127.002393, 37.483968 ], [ 127.002337, 37.483928 ], [ 127.002292, 37.483698 ], [ 127.00229, 37.483675 ], [ 127.002282, 37.483619 ], [ 127.002272, 37.48356 ], [ 127.002178, 37.483044 ], [ 127.002177, 37.483044 ], [ 127.002147, 37.482785 ], [ 127.001845, 37.482697 ], [ 127.001387, 37.482763 ], [ 127.001341, 37.483004 ], [ 127.000773, 37.483266 ], [ 127.000343, 37.483405 ], [ 126.999931, 37.48342 ], [ 126.99979, 37.483382 ], [ 126.999247, 37.483236 ], [ 126.999134, 37.483186 ], [ 126.999134, 37.483266 ], [ 126.999465, 37.483769 ], [ 126.999489, 37.483805 ], [ 126.999651, 37.484051 ], [ 126.999568, 37.484077 ], [ 126.999495, 37.484098 ], [ 126.999429, 37.484118 ], [ 126.999311, 37.484154 ], [ 126.999181, 37.484194 ], [ 126.999043, 37.484236 ], [ 126.998914, 37.484275 ], [ 126.998889, 37.484283 ], [ 126.99892, 37.484326 ], [ 126.998943, 37.484326 ], [ 126.999103, 37.484329 ], [ 126.999222, 37.484345 ], [ 126.999233, 37.484348 ], [ 126.999345, 37.484401 ], [ 126.99936, 37.484412 ], [ 126.999459, 37.48449 ], [ 126.99951, 37.484528 ], [ 126.999488, 37.484624 ], [ 126.999449, 37.484693 ], [ 126.999389, 37.484717 ], [ 126.999399, 37.484872 ], [ 126.999354, 37.484872 ], [ 126.999306, 37.484961 ], [ 126.999271, 37.485025 ], [ 126.999143, 37.485069 ], [ 126.999033, 37.485317 ], [ 126.998566, 37.485565 ], [ 126.998356, 37.485753 ], [ 126.998357, 37.485763 ], [ 126.998365, 37.485857 ], [ 126.999297, 37.485754 ], [ 126.999306, 37.485764 ], [ 126.999413, 37.485753 ], [ 126.999465, 37.485748 ], [ 126.999585, 37.485736 ], [ 126.9997, 37.485832 ], [ 127.000075, 37.486142 ], [ 126.999986, 37.486455 ], [ 126.999884, 37.486814 ], [ 126.999875, 37.486813 ], [ 126.999832, 37.486958 ], [ 126.999708, 37.487397 ], [ 126.999691, 37.487452 ], [ 126.999631, 37.487543 ], [ 126.999615, 37.487567 ], [ 126.99951, 37.487721 ], [ 126.999433, 37.487837 ], [ 126.999357, 37.487951 ], [ 126.999334, 37.487985 ], [ 126.999392, 37.488043 ], [ 126.999473, 37.488124 ], [ 126.999617, 37.488269 ], [ 126.999685, 37.488337 ], [ 126.999745, 37.488398 ], [ 126.99975, 37.488403 ], [ 126.999733, 37.488516 ], [ 126.999733, 37.488516 ], [ 126.999721, 37.488588 ], [ 126.999667, 37.488933 ], [ 126.999626, 37.489193 ], [ 126.999609, 37.489303 ], [ 126.999598, 37.48937 ], [ 126.999575, 37.48954 ], [ 126.999382, 37.489533 ], [ 126.999315, 37.48953 ], [ 126.999137, 37.489524 ], [ 126.999009, 37.48952 ], [ 126.998771, 37.489511 ], [ 126.998558, 37.489502 ], [ 126.998417, 37.489496 ], [ 126.998273, 37.489488 ], [ 126.998127, 37.48948 ], [ 126.997981, 37.489472 ], [ 126.997834, 37.489466 ], [ 126.997693, 37.489461 ], [ 126.997552, 37.489457 ], [ 126.997365, 37.489451 ], [ 126.997349, 37.489451 ], [ 126.99732, 37.489503 ], [ 126.997321, 37.489504 ], [ 126.996715, 37.490441 ], [ 126.996718, 37.490446 ], [ 126.996725, 37.490454 ], [ 126.996745, 37.490478 ], [ 126.996813, 37.490558 ], [ 126.997176, 37.490987 ], [ 126.99719, 37.491002 ], [ 126.99724, 37.491062 ], [ 126.997309, 37.491146 ], [ 126.997377, 37.491225 ], [ 126.997718, 37.491661 ], [ 126.997735, 37.491682 ], [ 126.997797, 37.491728 ], [ 126.997836, 37.491841 ], [ 126.997862, 37.491889 ], [ 126.998027, 37.491983 ], [ 126.998844, 37.492453 ], [ 126.998667, 37.492765 ], [ 126.998207, 37.493508 ], [ 126.998179, 37.493559 ], [ 126.998165, 37.493579 ], [ 126.998511, 37.49357 ], [ 126.998534, 37.493567 ], [ 126.998585, 37.493567 ], [ 126.999551, 37.493588 ], [ 126.999632, 37.49359 ], [ 126.999755, 37.493587 ], [ 126.999791, 37.493586 ], [ 126.999893, 37.493548 ], [ 127.000026, 37.49345 ], [ 127.00005, 37.493429 ], [ 127.000144, 37.493345 ], [ 127.000219, 37.493277 ], [ 127.000277, 37.493278 ], [ 127.000288, 37.493278 ], [ 127.000349, 37.493262 ], [ 127.000495, 37.493223 ], [ 127.000543, 37.493235 ], [ 127.000659, 37.493266 ], [ 127.000792, 37.493217 ], [ 127.00119, 37.493345 ], [ 127.001327, 37.493432 ], [ 127.001529, 37.493465 ], [ 127.001692, 37.493543 ], [ 127.001733, 37.493512 ], [ 127.002199, 37.493364 ] ] ] } },
{ "type": "Feature", "properties": { "name": "서울대공원", "area_code": "POI100", "category": "공원" }, "geometry": { "type": "Polygon", "coordinates": [ [ [ 127.001898, 37.437261 ], [ 127.006405, 37.435418 ], [ 127.008486, 37.438827 ], [ 127.009179, 37.438781 ], [ 127.01178, 37.439841 ], [ 127.012126, 37.439196 ], [ 127.012993, 37.438873 ], [ 127.013744, 37.438551 ], [ 127.014149, 37.437491 ], [ 127.014611, 37.437306 ], [ 127.014669, 37.437675 ], [ 127.015478, 37.438412 ], [ 127.015709, 37.438504 ], [ 127.016749, 37.438274 ], [ 127.01698, 37.437905 ], [ 127.016576, 37.437352 ], [ 127.016807, 37.436983 ], [ 127.017211, 37.436891 ], [ 127.018193, 37.43726 ], [ 127.018656, 37.436937 ], [ 127.018771, 37.436154 ], [ 127.019175, 37.435877 ], [ 127.020967, 37.4362 ], [ 127.021487, 37.436061 ], [ 127.022238, 37.4356 ], [ 127.022816, 37.43537 ], [ 127.023567, 37.435508 ], [ 127.024723, 37.435738 ], [ 127.026803, 37.435 ], [ 127.026687, 37.433987 ], [ 127.022642, 37.433204 ], [ 127.021544, 37.433158 ], [ 127.02293, 37.430808 ], [ 127.024201, 37.4309 ], [ 127.025356, 37.430439 ], [ 127.025761, 37.429886 ], [ 127.026627, 37.429056 ], [ 127.027436, 37.428549 ], [ 127.028187, 37.428549 ], [ 127.028534, 37.428319 ], [ 127.028533, 37.427674 ], [ 127.028244, 37.427397 ], [ 127.027089, 37.427674 ], [ 127.026049, 37.427812 ], [ 127.025529, 37.427859 ], [ 127.0242, 37.429011 ], [ 127.023219, 37.430347 ], [ 127.021081, 37.430486 ], [ 127.020445, 37.429841 ], [ 127.019983, 37.429426 ], [ 127.018712, 37.429242 ], [ 127.018712, 37.42915 ], [ 127.020329, 37.42832 ], [ 127.021947, 37.428228 ], [ 127.022813, 37.427537 ], [ 127.023275, 37.42726 ], [ 127.024258, 37.42726 ], [ 127.024546, 37.426615 ], [ 127.024431, 37.426062 ], [ 127.025182, 37.425647 ], [ 127.025586, 37.424587 ], [ 127.026683, 37.424218 ], [ 127.027607, 37.423112 ], [ 127.029109, 37.423204 ], [ 127.029456, 37.422328 ], [ 127.0283, 37.422283 ], [ 127.02726, 37.422053 ], [ 127.026393, 37.421776 ], [ 127.025816, 37.421869 ], [ 127.025469, 37.42173 ], [ 127.025295, 37.420855 ], [ 127.026509, 37.42044 ], [ 127.026855, 37.419288 ], [ 127.029685, 37.418181 ], [ 127.030378, 37.417767 ], [ 127.03032, 37.417444 ], [ 127.026045, 37.417445 ], [ 127.026276, 37.416708 ], [ 127.024774, 37.416892 ], [ 127.024139, 37.416754 ], [ 127.023445, 37.415879 ], [ 127.021828, 37.415557 ], [ 127.020152, 37.415511 ], [ 127.019286, 37.416018 ], [ 127.018997, 37.417354 ], [ 127.01998, 37.418506 ], [ 127.01998, 37.419059 ], [ 127.018767, 37.419474 ], [ 127.018651, 37.419981 ], [ 127.019056, 37.421087 ], [ 127.01871, 37.421547 ], [ 127.016572, 37.421686 ], [ 127.016514, 37.422423 ], [ 127.01767, 37.422515 ], [ 127.018306, 37.42339 ], [ 127.017844, 37.424312 ], [ 127.016977, 37.424358 ], [ 127.015359, 37.42422 ], [ 127.014377, 37.424267 ], [ 127.013164, 37.424635 ], [ 127.012875, 37.425419 ], [ 127.013164, 37.426018 ], [ 127.014146, 37.425879 ], [ 127.015244, 37.425741 ], [ 127.015649, 37.426248 ], [ 127.015475, 37.426847 ], [ 127.013107, 37.427262 ], [ 127.012644, 37.427354 ], [ 127.012587, 37.427999 ], [ 127.011489, 37.427584 ], [ 127.010853, 37.428045 ], [ 127.011085, 37.428921 ], [ 127.010623, 37.429335 ], [ 127.010796, 37.430073 ], [ 127.009294, 37.429935 ], [ 127.009236, 37.430626 ], [ 127.008543, 37.431547 ], [ 127.006174, 37.430257 ], [ 127.006, 37.430718 ], [ 127.005538, 37.430718 ], [ 127.006694, 37.432469 ], [ 127.007329, 37.432607 ], [ 127.005365, 37.433437 ], [ 127.003747, 37.431179 ], [ 127.002534, 37.431548 ], [ 127.003169, 37.433529 ], [ 127.001378, 37.436478 ], [ 127.001898, 37.437261 ] ] ] } },
{ "type": "Feature", "properties": { "name": "서울숲공원", "area_code": "POI101", "category": "공원" }, "geometry": { "type": "Polygon", "coordinates": [ [ [ 127.032095, 37.545245 ], [ 127.036476, 37.543738 ], [ 127.036523, 37.543977 ], [ 127.036523, 37.544491 ], [ 127.036665, 37.545206 ], [ 127.037045, 37.547289 ], [ 127.037266, 37.548092 ], [ 127.037597, 37.548557 ], [ 127.037975, 37.548933 ], [ 127.038512, 37.549435 ], [ 127.039773, 37.550125 ], [ 127.040388, 37.550639 ], [ 127.041933, 37.551178 ], [ 127.04242, 37.548768 ], [ 127.039402, 37.548456 ], [ 127.039212, 37.548157 ], [ 127.038206, 37.548438 ], [ 127.037683, 37.547326 ], [ 127.039259, 37.546915 ], [ 127.039366, 37.547147 ], [ 127.041818, 37.54648 ], [ 127.041409, 37.545636 ], [ 127.043199, 37.545085 ], [ 127.04203, 37.542296 ], [ 127.043986, 37.541807 ], [ 127.043751, 37.540421 ], [ 127.04376, 37.539305 ], [ 127.043785, 37.538277 ], [ 127.043532, 37.537185 ], [ 127.042823, 37.537386 ], [ 127.040633, 37.538065 ], [ 127.03786, 37.539095 ], [ 127.036347, 37.539559 ], [ 127.034977, 37.539974 ], [ 127.032676, 37.540665 ], [ 127.031557, 37.540904 ], [ 127.030596, 37.541054 ], [ 127.029477, 37.541205 ], [ 127.02809, 37.541243 ], [ 127.027822, 37.541356 ], [ 127.027649, 37.541557 ], [ 127.027539, 37.54177 ], [ 127.027507, 37.541984 ], [ 127.027586, 37.542272 ], [ 127.027744, 37.542461 ], [ 127.03178, 37.544856 ], [ 127.032095, 37.545245 ] ] ] } },
{ "type": "Feature", "properties": { "name": "아차산", "area_code": "POI102", "category": "공원" }, "geometry": { "type": "Polygon", "coordinates": [ [ [ 127.103231, 37.578952 ], [ 127.109728, 37.576146 ], [ 127.110745, 37.575592 ], [ 127.112644, 37.575237 ], [ 127.116684, 37.575042 ], [ 127.117374, 37.573381 ], [ 127.11643, 37.573244 ], [ 127.116015, 37.572546 ], [ 127.119134, 37.570929 ], [ 127.120162, 37.572252 ], [ 127.120841, 37.572278 ], [ 127.120823, 37.571724 ], [ 127.119263, 37.56938 ], [ 127.116661, 37.566879 ], [ 127.115078, 37.56419 ], [ 127.113008, 37.563967 ], [ 127.112534, 37.562598 ], [ 127.112211, 37.562446 ], [ 127.111375, 37.562193 ], [ 127.1112, 37.561584 ], [ 127.110555, 37.561697 ], [ 127.110107, 37.561038 ], [ 127.110767, 37.559727 ], [ 127.109649, 37.559267 ], [ 127.109955, 37.558693 ], [ 127.108125, 37.558066 ], [ 127.107983, 37.557637 ], [ 127.10814, 37.557479 ], [ 127.109762, 37.557227 ], [ 127.109148, 37.556207 ], [ 127.108411, 37.555997 ], [ 127.108021, 37.555298 ], [ 127.108277, 37.554942 ], [ 127.108658, 37.554883 ], [ 127.108939, 37.554586 ], [ 127.108673, 37.554184 ], [ 127.108135, 37.553849 ], [ 127.10787, 37.553592 ], [ 127.107903, 37.553348 ], [ 127.107277, 37.552637 ], [ 127.107119, 37.552097 ], [ 127.106729, 37.551722 ], [ 127.106051, 37.551551 ], [ 127.105645, 37.551611 ], [ 127.105075, 37.551869 ], [ 127.10356, 37.551824 ], [ 127.101625, 37.551335 ], [ 127.100904, 37.550848 ], [ 127.099805, 37.552061 ], [ 127.099732, 37.552575 ], [ 127.099302, 37.552878 ], [ 127.099567, 37.553287 ], [ 127.098741, 37.554025 ], [ 127.099008, 37.554417 ], [ 127.09857, 37.554767 ], [ 127.097957, 37.554306 ], [ 127.097526, 37.554155 ], [ 127.097022, 37.554419 ], [ 127.09756, 37.554873 ], [ 127.097337, 37.555077 ], [ 127.096112, 37.555091 ], [ 127.096204, 37.555546 ], [ 127.095501, 37.556218 ], [ 127.095452, 37.556739 ], [ 127.095891, 37.556877 ], [ 127.096248, 37.557288 ], [ 127.09605, 37.557743 ], [ 127.09562, 37.55802 ], [ 127.095546, 37.558567 ], [ 127.095795, 37.559246 ], [ 127.096127, 37.560379 ], [ 127.095856, 37.561321 ], [ 127.096221, 37.562171 ], [ 127.096088, 37.562243 ], [ 127.095708, 37.562092 ], [ 127.095169, 37.561625 ], [ 127.094936, 37.560979 ], [ 127.094727, 37.560788 ], [ 127.09476, 37.560436 ], [ 127.094018, 37.559257 ], [ 127.093364, 37.559363 ], [ 127.091631, 37.560165 ], [ 127.090915, 37.561875 ], [ 127.090344, 37.561599 ], [ 127.089748, 37.56185 ], [ 127.089633, 37.562541 ], [ 127.089841, 37.563147 ], [ 127.090132, 37.564149 ], [ 127.089571, 37.565592 ], [ 127.089489, 37.566205 ], [ 127.089448, 37.567022 ], [ 127.090201, 37.566929 ], [ 127.090512, 37.567278 ], [ 127.090388, 37.567462 ], [ 127.0898, 37.5674 ], [ 127.089925, 37.567819 ], [ 127.089624, 37.568273 ], [ 127.08902, 37.568663 ], [ 127.088517, 37.570267 ], [ 127.088022, 37.571849 ], [ 127.088403, 37.571918 ], [ 127.088718, 37.572484 ], [ 127.090804, 37.572186 ], [ 127.091051, 37.57152 ], [ 127.0924, 37.5709 ], [ 127.09346, 37.571492 ], [ 127.093528, 37.572642 ], [ 127.092494, 37.573611 ], [ 127.092084, 37.574689 ], [ 127.090859, 37.575434 ], [ 127.089353, 37.575277 ], [ 127.090198, 37.576383 ], [ 127.090604, 37.576396 ], [ 127.09096, 37.576732 ], [ 127.092107, 37.577228 ], [ 127.093316, 37.577162 ], [ 127.094787, 37.578247 ], [ 127.096179, 37.579419 ], [ 127.103231, 37.578952 ] ] ] } },
{ "type": "Feature", "properties": { "name": "청계산", "area_code": "POI112", "category": "공원" }, "geometry": { "type": "Polygon", "coordinates": [ [ [ 127.049463, 37.454246 ], [ 127.061662, 37.439039 ], [ 127.069837, 37.430852 ], [ 127.067758, 37.430324 ], [ 127.065722, 37.42902 ], [ 127.0613, 37.429975 ], [ 127.059885, 37.429517 ], [ 127.058116, 37.429976 ], [ 127.052277, 37.428286 ], [ 127.050067, 37.430191 ], [ 127.047325, 37.430581 ], [ 127.047016, 37.432168 ], [ 127.04096, 37.437813 ], [ 127.036891, 37.438167 ], [ 127.035409, 37.438944 ], [ 127.035123, 37.440848 ], [ 127.038265, 37.444833 ], [ 127.037626, 37.449383 ], [ 127.034752, 37.452893 ], [ 127.036723, 37.45619 ], [ 127.03805, 37.456649 ], [ 127.038672, 37.456357 ], [ 127.039455, 37.455991 ], [ 127.040315, 37.455174 ], [ 127.040866, 37.454688 ], [ 127.04141, 37.452538 ], [ 127.042316, 37.450757 ], [ 127.045479, 37.450668 ], [ 127.046586, 37.452007 ], [ 127.047272, 37.452007 ], [ 127.049463, 37.454246 ] ] ] } },
{ "type": "Feature", "properties": { "name": "양화한강공원", "area_code": "POI103", "category": "공원" }, "geometry": { "type": "Polygon", "coordinates": [ [ [ 126.889701, 37.547402 ], [ 126.90597, 37.537176 ], [ 126.906274, 37.53689 ], [ 126.906799, 37.536055 ], [ 126.906827, 37.535308 ], [ 126.9039, 37.536888 ], [ 126.902105, 37.538315 ], [ 126.901663, 37.538644 ], [ 126.891996, 37.544086 ], [ 126.891056, 37.545096 ], [ 126.889701, 37.547402 ] ] ] } },
{ "type": "Feature", "properties": { "name": "어린이대공원", "area_code": "POI104", "category": "공원" }, "geometry": { "type": "Polygon", "coordinates": [ [ [ 127.078333, 37.552929 ], [ 127.078368, 37.552891 ], [ 127.078396, 37.552902 ], [ 127.078442, 37.552919 ], [ 127.078493, 37.552937 ], [ 127.078551, 37.552939 ], [ 127.078654, 37.552921 ], [ 127.078656, 37.552921 ], [ 127.078698, 37.55291 ], [ 127.078797, 37.552869 ], [ 127.078925, 37.552826 ], [ 127.078964, 37.552823 ], [ 127.079118, 37.552803 ], [ 127.079258, 37.552779 ], [ 127.079296, 37.552765 ], [ 127.079369, 37.552708 ], [ 127.079461, 37.552638 ], [ 127.079494, 37.552613 ], [ 127.079493, 37.552612 ], [ 127.07943, 37.55255 ], [ 127.079429, 37.552548 ], [ 127.079403, 37.552523 ], [ 127.07929, 37.552395 ], [ 127.079273, 37.552381 ], [ 127.079166, 37.552336 ], [ 127.079148, 37.552326 ], [ 127.07905, 37.552271 ], [ 127.07914, 37.552159 ], [ 127.079209, 37.552065 ], [ 127.079426, 37.552058 ], [ 127.07946, 37.552106 ], [ 127.079683, 37.552137 ], [ 127.079839, 37.552262 ], [ 127.080008, 37.552287 ], [ 127.080069, 37.552419 ], [ 127.080061, 37.552592 ], [ 127.080326, 37.552598 ], [ 127.080614, 37.552616 ], [ 127.08094, 37.552552 ], [ 127.081103, 37.552572 ], [ 127.081533, 37.552477 ], [ 127.081707, 37.552314 ], [ 127.081757, 37.552278 ], [ 127.081792, 37.552262 ], [ 127.081859, 37.552237 ], [ 127.081928, 37.552217 ], [ 127.081982, 37.552214 ], [ 127.082194, 37.552218 ], [ 127.082475, 37.552237 ], [ 127.082509, 37.552243 ], [ 127.082535, 37.552251 ], [ 127.08256, 37.552264 ], [ 127.08258, 37.55228 ], [ 127.082599, 37.552301 ], [ 127.082703, 37.552471 ], [ 127.08281, 37.552647 ], [ 127.082841, 37.552648 ], [ 127.083557, 37.552672 ], [ 127.083597, 37.552673 ], [ 127.083627, 37.552669 ], [ 127.083643, 37.552667 ], [ 127.083858, 37.552579 ], [ 127.084265, 37.552414 ], [ 127.084776, 37.552206 ], [ 127.084805, 37.552193 ], [ 127.084822, 37.552166 ], [ 127.084834, 37.552125 ], [ 127.08484, 37.552068 ], [ 127.084841, 37.552056 ], [ 127.084865, 37.551996 ], [ 127.085443, 37.551762 ], [ 127.085458, 37.551756 ], [ 127.085713, 37.551658 ], [ 127.085943, 37.55157 ], [ 127.086075, 37.55152 ], [ 127.086114, 37.551511 ], [ 127.086121, 37.551509 ], [ 127.086193, 37.551501 ], [ 127.08657, 37.551635 ], [ 127.086925, 37.551781 ], [ 127.087006, 37.551816 ], [ 127.087166, 37.551883 ], [ 127.087302, 37.551948 ], [ 127.087378, 37.551985 ], [ 127.087718, 37.552096 ], [ 127.088378, 37.552346 ], [ 127.088448, 37.552374 ], [ 127.08845, 37.552375 ], [ 127.088513, 37.552324 ], [ 127.08854, 37.552305 ], [ 127.088588, 37.552286 ], [ 127.088646, 37.55228 ], [ 127.088702, 37.552275 ], [ 127.0892, 37.552247 ], [ 127.089484, 37.552317 ], [ 127.089511, 37.552324 ], [ 127.089554, 37.552217 ], [ 127.089582, 37.552144 ], [ 127.089589, 37.552128 ], [ 127.08968, 37.551896 ], [ 127.089696, 37.551857 ], [ 127.089416, 37.551662 ], [ 127.089408, 37.551615 ], [ 127.089254, 37.55152 ], [ 127.089015, 37.551263 ], [ 127.089009, 37.551255 ], [ 127.08895, 37.551174 ], [ 127.08891, 37.551145 ], [ 127.088782, 37.551052 ], [ 127.08864, 37.550949 ], [ 127.088549, 37.550883 ], [ 127.088542, 37.550878 ], [ 127.088539, 37.550876 ], [ 127.088486, 37.550822 ], [ 127.088376, 37.550711 ], [ 127.08815, 37.550478 ], [ 127.088126, 37.550458 ], [ 127.088048, 37.550378 ], [ 127.08803, 37.55036 ], [ 127.08807, 37.550322 ], [ 127.08817, 37.550227 ], [ 127.088155, 37.550215 ], [ 127.088316, 37.550113 ], [ 127.088316, 37.550113 ], [ 127.087962, 37.549739 ], [ 127.087843, 37.549616 ], [ 127.087774, 37.549537 ], [ 127.087765, 37.549528 ], [ 127.087698, 37.549456 ], [ 127.087627, 37.54938 ], [ 127.087565, 37.549392 ], [ 127.087532, 37.549399 ], [ 127.087085, 37.549489 ], [ 127.086981, 37.549509 ], [ 127.086836, 37.549524 ], [ 127.086826, 37.549565 ], [ 127.086751, 37.549652 ], [ 127.086639, 37.549616 ], [ 127.086626, 37.549608 ], [ 127.086574, 37.549578 ], [ 127.086546, 37.549549 ], [ 127.086533, 37.549541 ], [ 127.086403, 37.549677 ], [ 127.086296, 37.549565 ], [ 127.086203, 37.549502 ], [ 127.086199, 37.5495 ], [ 127.086237, 37.549402 ], [ 127.086266, 37.549385 ], [ 127.086233, 37.549317 ], [ 127.086159, 37.549307 ], [ 127.086088, 37.549285 ], [ 127.086108, 37.549277 ], [ 127.086088, 37.54926 ], [ 127.085999, 37.549083 ], [ 127.085999, 37.54907 ], [ 127.085955, 37.549072 ], [ 127.085954, 37.549072 ], [ 127.085922, 37.549086 ], [ 127.08587, 37.549107 ], [ 127.085851, 37.549093 ], [ 127.085698, 37.548975 ], [ 127.085663, 37.548947 ], [ 127.085619, 37.54889 ], [ 127.085387, 37.54898 ], [ 127.085247, 37.549084 ], [ 127.085227, 37.549043 ], [ 127.085213, 37.548995 ], [ 127.085263, 37.548872 ], [ 127.085312, 37.548817 ], [ 127.085396, 37.54873 ], [ 127.085419, 37.54871 ], [ 127.085441, 37.548691 ], [ 127.085429, 37.548639 ], [ 127.085425, 37.548594 ], [ 127.085394, 37.548574 ], [ 127.085365, 37.548558 ], [ 127.085457, 37.548421 ], [ 127.085584, 37.548176 ], [ 127.085599, 37.548144 ], [ 127.085696, 37.547889 ], [ 127.085728, 37.547783 ], [ 127.085782, 37.547587 ], [ 127.085795, 37.547497 ], [ 127.08579, 37.54745 ], [ 127.085763, 37.547348 ], [ 127.085754, 37.547313 ], [ 127.085658, 37.547049 ], [ 127.085658, 37.546951 ], [ 127.085673, 37.5469 ], [ 127.085673, 37.5469 ], [ 127.085696, 37.546854 ], [ 127.08574, 37.546813 ], [ 127.085743, 37.546805 ], [ 127.085765, 37.546749 ], [ 127.085766, 37.546747 ], [ 127.08573, 37.546745 ], [ 127.085733, 37.546743 ], [ 127.085943, 37.546563 ], [ 127.085943, 37.546562 ], [ 127.085978, 37.546539 ], [ 127.085896, 37.546438 ], [ 127.085892, 37.546433 ], [ 127.085905, 37.546423 ], [ 127.085907, 37.546422 ], [ 127.085906, 37.546421 ], [ 127.085888, 37.546404 ], [ 127.085949, 37.546356 ], [ 127.085949, 37.546356 ], [ 127.08591, 37.546324 ], [ 127.085832, 37.546259 ], [ 127.08583, 37.546258 ], [ 127.085687, 37.54614 ], [ 127.085653, 37.546112 ], [ 127.085502, 37.545988 ], [ 127.085476, 37.545956 ], [ 127.08547, 37.545949 ], [ 127.085467, 37.545941 ], [ 127.085455, 37.545914 ], [ 127.085455, 37.545912 ], [ 127.085445, 37.545845 ], [ 127.085445, 37.545845 ], [ 127.085445, 37.545845 ], [ 127.085319, 37.545748 ], [ 127.085282, 37.545719 ], [ 127.085285, 37.545499 ], [ 127.085285, 37.545499 ], [ 127.085119, 37.545305 ], [ 127.085085, 37.545182 ], [ 127.085064, 37.545108 ], [ 127.08445, 37.545144 ], [ 127.084436, 37.545145 ], [ 127.084271, 37.545154 ], [ 127.084096, 37.545164 ], [ 127.084084, 37.545165 ], [ 127.083797, 37.545181 ], [ 127.083781, 37.545182 ], [ 127.083394, 37.545203 ], [ 127.082503, 37.545253 ], [ 127.082485, 37.545254 ], [ 127.08199, 37.545282 ], [ 127.081613, 37.545299 ], [ 127.081551, 37.545302 ], [ 127.081551, 37.545305 ], [ 127.081562, 37.545383 ], [ 127.081001, 37.545378 ], [ 127.080502, 37.545347 ], [ 127.080486, 37.545346 ], [ 127.080235, 37.54532 ], [ 127.079933, 37.545301 ], [ 127.07963, 37.545334 ], [ 127.079546, 37.545351 ], [ 127.079424, 37.545378 ], [ 127.079278, 37.545408 ], [ 127.079128, 37.54544 ], [ 127.07895, 37.545477 ], [ 127.078651, 37.545544 ], [ 127.078509, 37.54558 ], [ 127.078338, 37.545622 ], [ 127.078227, 37.54564 ], [ 127.078144, 37.545654 ], [ 127.077997, 37.545684 ], [ 127.077821, 37.545713 ], [ 127.07774, 37.545727 ], [ 127.077433, 37.545803 ], [ 127.077313, 37.545835 ], [ 127.077207, 37.545872 ], [ 127.077059, 37.545922 ], [ 127.076902, 37.545997 ], [ 127.07663, 37.54616 ], [ 127.076478, 37.546229 ], [ 127.076473, 37.546232 ], [ 127.076258, 37.546335 ], [ 127.076061, 37.546429 ], [ 127.075934, 37.546489 ], [ 127.075912, 37.546501 ], [ 127.07574, 37.546586 ], [ 127.075582, 37.546673 ], [ 127.075561, 37.546685 ], [ 127.075342, 37.546806 ], [ 127.075122, 37.546944 ], [ 127.075119, 37.546946 ], [ 127.07507, 37.546974 ], [ 127.074995, 37.547019 ], [ 127.074928, 37.547047 ], [ 127.074905, 37.547055 ], [ 127.074894, 37.547058 ], [ 127.074889, 37.547053 ], [ 127.074886, 37.547051 ], [ 127.074264, 37.547289 ], [ 127.074256, 37.547292 ], [ 127.07417, 37.547312 ], [ 127.074127, 37.547323 ], [ 127.074485, 37.547852 ], [ 127.074716, 37.548194 ], [ 127.074743, 37.548233 ], [ 127.074755, 37.548251 ], [ 127.07476, 37.548259 ], [ 127.075166, 37.548859 ], [ 127.075188, 37.548892 ], [ 127.075188, 37.548892 ], [ 127.075203, 37.548918 ], [ 127.075365, 37.548869 ], [ 127.075593, 37.549253 ], [ 127.075963, 37.549888 ], [ 127.076046, 37.550028 ], [ 127.07622, 37.550233 ], [ 127.076249, 37.550336 ], [ 127.076262, 37.550383 ], [ 127.076323, 37.550497 ], [ 127.076395, 37.550686 ], [ 127.076462, 37.550859 ], [ 127.076526, 37.551019 ], [ 127.076538, 37.551049 ], [ 127.076588, 37.551173 ], [ 127.076641, 37.551313 ], [ 127.076726, 37.551522 ], [ 127.076787, 37.551555 ], [ 127.07676, 37.55155 ], [ 127.076775, 37.551584 ], [ 127.076829, 37.551705 ], [ 127.076869, 37.551793 ], [ 127.07691, 37.551876 ], [ 127.076922, 37.5519 ], [ 127.076935, 37.551925 ], [ 127.076988, 37.552032 ], [ 127.077053, 37.552164 ], [ 127.077061, 37.55218 ], [ 127.077069, 37.552196 ], [ 127.077093, 37.552244 ], [ 127.077135, 37.552328 ], [ 127.077176, 37.552411 ], [ 127.077259, 37.55258 ], [ 127.077336, 37.552738 ], [ 127.077398, 37.552866 ], [ 127.07728, 37.55293 ], [ 127.077405, 37.552894 ], [ 127.077798, 37.552782 ], [ 127.0779, 37.552751 ], [ 127.077942, 37.552739 ], [ 127.077974, 37.552729 ], [ 127.078045, 37.55288 ], [ 127.078133, 37.553073 ], [ 127.078148, 37.553105 ], [ 127.078148, 37.553105 ], [ 127.078183, 37.553081 ], [ 127.078233, 37.553045 ], [ 127.07825, 37.553028 ], [ 127.078281, 37.552987 ], [ 127.078333, 37.552929 ] ] ] } },
{ "type": "Feature", "properties": { "name": "여의도한강공원", "area_code": "POI105", "category": "공원" }, "geometry": { "type": "Polygon", "coordinates": [ [ [ 126.921591, 37.533952 ], [ 126.922213, 37.533818 ], [ 126.922538, 37.533741 ], [ 126.92263, 37.533719 ], [ 126.92295, 37.533639 ], [ 126.924033, 37.533355 ], [ 126.925002, 37.533044 ], [ 126.926282, 37.532596 ], [ 126.927249, 37.532206 ], [ 126.92778, 37.531991 ], [ 126.928862, 37.531556 ], [ 126.929796, 37.531162 ], [ 126.930799, 37.530686 ], [ 126.930911, 37.530623 ], [ 126.93162, 37.530228 ], [ 126.931948, 37.530027 ], [ 126.932449, 37.52972 ], [ 126.932908, 37.5294 ], [ 126.933313, 37.529119 ], [ 126.934028, 37.528569 ], [ 126.934858, 37.527872 ], [ 126.935856, 37.527022 ], [ 126.937332, 37.525766 ], [ 126.938569, 37.524733 ], [ 126.940142, 37.52342 ], [ 126.941638, 37.522171 ], [ 126.942955, 37.52104 ], [ 126.943123, 37.520892 ], [ 126.943324, 37.520732 ], [ 126.943425, 37.520628 ], [ 126.943571, 37.520419 ], [ 126.943788, 37.520099 ], [ 126.943873, 37.519927 ], [ 126.943919, 37.519818 ], [ 126.94392, 37.519817 ], [ 126.943912, 37.519669 ], [ 126.943889, 37.519528 ], [ 126.943843, 37.519343 ], [ 126.943789, 37.519208 ], [ 126.943712, 37.519079 ], [ 126.943576, 37.518911 ], [ 126.943573, 37.518907 ], [ 126.943567, 37.518903 ], [ 126.943248, 37.518703 ], [ 126.943063, 37.518611 ], [ 126.942845, 37.518516 ], [ 126.942824, 37.518507 ], [ 126.942708, 37.518464 ], [ 126.942646, 37.518463 ], [ 126.942392, 37.518095 ], [ 126.942276, 37.517953 ], [ 126.942152, 37.517867 ], [ 126.942029, 37.51783 ], [ 126.941944, 37.51783 ], [ 126.941874, 37.517848 ], [ 126.941627, 37.518002 ], [ 126.941542, 37.518174 ], [ 126.941507, 37.518248 ], [ 126.941464, 37.51834 ], [ 126.941441, 37.518481 ], [ 126.941238, 37.519371 ], [ 126.941216, 37.519465 ], [ 126.941147, 37.519817 ], [ 126.9411, 37.520055 ], [ 126.941023, 37.520307 ], [ 126.940849, 37.520575 ], [ 126.940654, 37.520858 ], [ 126.940632, 37.520888 ], [ 126.940416, 37.521097 ], [ 126.938552, 37.522481 ], [ 126.938315, 37.522663 ], [ 126.938314, 37.5228 ], [ 126.938319, 37.52281 ], [ 126.938372, 37.522931 ], [ 126.93857, 37.523036 ], [ 126.938593, 37.523048 ], [ 126.938652, 37.52308 ], [ 126.93857, 37.523162 ], [ 126.938308, 37.523424 ], [ 126.938245, 37.523459 ], [ 126.938155, 37.523424 ], [ 126.937836, 37.523368 ], [ 126.937687, 37.523367 ], [ 126.937486, 37.523456 ], [ 126.937274, 37.523617 ], [ 126.935842, 37.524713 ], [ 126.933937, 37.526192 ], [ 126.933068, 37.526842 ], [ 126.932178, 37.527508 ], [ 126.930853, 37.528507 ], [ 126.93054, 37.52874 ], [ 126.930482, 37.528926 ], [ 126.930498, 37.528969 ], [ 126.930535, 37.529074 ], [ 126.930541, 37.529091 ], [ 126.930611, 37.529199 ], [ 126.930631, 37.529375 ], [ 126.930582, 37.529496 ], [ 126.930293, 37.52979 ], [ 126.930196, 37.52985 ], [ 126.929986, 37.52993 ], [ 126.929905, 37.529935 ], [ 126.929292, 37.529798 ], [ 126.929083, 37.529791 ], [ 126.928884, 37.529815 ], [ 126.928486, 37.529925 ], [ 126.928032, 37.530124 ], [ 126.927519, 37.530362 ], [ 126.926863, 37.530621 ], [ 126.926387, 37.530808 ], [ 126.924267, 37.53148 ], [ 126.922837, 37.531916 ], [ 126.922716, 37.531987 ], [ 126.922566, 37.532129 ], [ 126.92249, 37.532155 ], [ 126.922375, 37.53214 ], [ 126.92215, 37.532129 ], [ 126.921786, 37.532213 ], [ 126.921592, 37.532271 ], [ 126.921117, 37.532414 ], [ 126.920256, 37.532626 ], [ 126.920007, 37.532687 ], [ 126.919371, 37.532844 ], [ 126.91867, 37.533013 ], [ 126.917855, 37.53324 ], [ 126.916836, 37.533454 ], [ 126.91618, 37.533588 ], [ 126.916172, 37.53359 ], [ 126.915934, 37.533634 ], [ 126.915517, 37.533711 ], [ 126.914783, 37.533756 ], [ 126.914581, 37.533772 ], [ 126.913395, 37.533864 ], [ 126.912762, 37.533903 ], [ 126.912623, 37.533912 ], [ 126.912458, 37.533904 ], [ 126.91218, 37.533827 ], [ 126.91204, 37.533789 ], [ 126.911926, 37.533758 ], [ 126.911832, 37.533708 ], [ 126.911797, 37.53369 ], [ 126.911558, 37.53355 ], [ 126.91121, 37.533301 ], [ 126.911176, 37.533276 ], [ 126.910983, 37.533155 ], [ 126.910951, 37.533137 ], [ 126.910904, 37.53311 ], [ 126.910723, 37.533028 ], [ 126.910661, 37.533016 ], [ 126.91053, 37.533063 ], [ 126.910297, 37.533196 ], [ 126.910277, 37.533204 ], [ 126.9101, 37.533279 ], [ 126.910019, 37.533302 ], [ 126.909944, 37.533318 ], [ 126.909767, 37.533343 ], [ 126.909677, 37.533351 ], [ 126.909668, 37.533352 ], [ 126.909573, 37.533362 ], [ 126.909406, 37.533386 ], [ 126.909301, 37.533421 ], [ 126.909216, 37.533479 ], [ 126.909278, 37.533478 ], [ 126.909423, 37.53352 ], [ 126.909481, 37.533518 ], [ 126.909515, 37.533524 ], [ 126.909622, 37.533579 ], [ 126.909736, 37.533669 ], [ 126.90974, 37.533674 ], [ 126.909802, 37.533749 ], [ 126.909835, 37.533843 ], [ 126.909895, 37.534072 ], [ 126.90992, 37.534213 ], [ 126.909942, 37.534333 ], [ 126.909973, 37.53448 ], [ 126.910027, 37.534887 ], [ 126.910131, 37.535126 ], [ 126.910275, 37.53531 ], [ 126.910338, 37.535392 ], [ 126.910488, 37.5355 ], [ 126.91058, 37.535566 ], [ 126.910914, 37.535732 ], [ 126.91119, 37.535815 ], [ 126.911444, 37.535851 ], [ 126.91164, 37.535852 ], [ 126.911885, 37.535807 ], [ 126.914874, 37.535262 ], [ 126.915744, 37.535103 ], [ 126.915932, 37.535069 ], [ 126.916104, 37.535037 ], [ 126.916146, 37.53503 ], [ 126.916486, 37.534968 ], [ 126.919836, 37.534289 ], [ 126.920217, 37.53422 ], [ 126.920441, 37.53418 ], [ 126.920491, 37.534171 ], [ 126.921292, 37.534016 ], [ 126.921591, 37.533952 ] ] ] } },
{ "type": "Feature", "properties": { "name": "월드컵공원", "area_code": "POI106", "category": "공원" }, "geometry": { "type": "Polygon", "coordinates": [ [ [ 126.865775, 37.575347 ], [ 126.867388, 37.576815 ], [ 126.868495, 37.577617 ], [ 126.86957, 37.578078 ], [ 126.876508, 37.580025 ], [ 126.877033, 37.579783 ], [ 126.883048, 37.576202 ], [ 126.883141, 37.576106 ], [ 126.887725, 37.573347 ], [ 126.888842, 37.572198 ], [ 126.890442, 37.570222 ], [ 126.893633, 37.567668 ], [ 126.899714, 37.574377 ], [ 126.899236, 37.566004 ], [ 126.899156, 37.564613 ], [ 126.899096, 37.563563 ], [ 126.899095, 37.563546 ], [ 126.899079, 37.563302 ], [ 126.899051, 37.563109 ], [ 126.899006, 37.562963 ], [ 126.898944, 37.562761 ], [ 126.898925, 37.56272 ], [ 126.898904, 37.562672 ], [ 126.898893, 37.562649 ], [ 126.89885, 37.562593 ], [ 126.898792, 37.562516 ], [ 126.89625, 37.561421 ], [ 126.892824, 37.559946 ], [ 126.8924, 37.559764 ], [ 126.892319, 37.559764 ], [ 126.892221, 37.559791 ], [ 126.892066, 37.559868 ], [ 126.892024, 37.559891 ], [ 126.891653, 37.560104 ], [ 126.891583, 37.560144 ], [ 126.891115, 37.560415 ], [ 126.890912, 37.560534 ], [ 126.889988, 37.561077 ], [ 126.889835, 37.561167 ], [ 126.889561, 37.561327 ], [ 126.88956, 37.561327 ], [ 126.888996, 37.561659 ], [ 126.888844, 37.561748 ], [ 126.888732, 37.561814 ], [ 126.888217, 37.56216 ], [ 126.887689, 37.562483 ], [ 126.887606, 37.562534 ], [ 126.886731, 37.563011 ], [ 126.885126, 37.563942 ], [ 126.882801, 37.565312 ], [ 126.88194, 37.565803 ], [ 126.881733, 37.56593 ], [ 126.881199, 37.566242 ], [ 126.880809, 37.566476 ], [ 126.88061, 37.566587 ], [ 126.880113, 37.566856 ], [ 126.878868, 37.567588 ], [ 126.877123, 37.568617 ], [ 126.87627, 37.569129 ], [ 126.875276, 37.569706 ], [ 126.874621, 37.570084 ], [ 126.874595, 37.570097 ], [ 126.865775, 37.575347 ] ] ] } },
{ "type": "Feature", "properties": { "name": "응봉산", "area_code": "POI107", "category": "공원" }, "geometry": { "type": "Polygon", "coordinates": [ [ [ 127.024772, 37.544746 ], [ 127.024543, 37.545057 ], [ 127.025528, 37.547194 ], [ 127.025771, 37.547774 ], [ 127.026001, 37.547882 ], [ 127.026446, 37.547881 ], [ 127.027093, 37.547914 ], [ 127.027903, 37.548375 ], [ 127.031505, 37.550232 ], [ 127.031924, 37.550587 ], [ 127.032234, 37.550995 ], [ 127.032899, 37.552608 ], [ 127.034249, 37.554455 ], [ 127.035165, 37.55119 ], [ 127.03565, 37.549772 ], [ 127.033005, 37.547453 ], [ 127.031116, 37.545864 ], [ 127.028553, 37.544984 ], [ 127.025423, 37.543868 ], [ 127.025423, 37.543868 ], [ 127.024772, 37.544746 ] ] ] } },
{ "type": "Feature", "properties": { "name": "이촌한강공원", "area_code": "POI108", "category": "공원" }, "geometry": { "type": "Polygon", "coordinates": [ [ [ 126.952247, 37.530414 ], [ 126.952858, 37.529858 ], [ 126.952858, 37.529163 ], [ 126.952728, 37.527704 ], [ 126.95321, 37.525758 ], [ 126.954039, 37.524681 ], [ 126.95548, 37.523604 ], [ 126.956266, 37.52284 ], [ 126.9574, 37.522319 ], [ 126.959058, 37.522181 ], [ 126.960193, 37.521972 ], [ 126.961371, 37.521556 ], [ 126.971582, 37.517562 ], [ 126.973458, 37.517076 ], [ 126.974462, 37.516764 ], [ 126.975684, 37.516451 ], [ 126.976993, 37.516243 ], [ 126.97804, 37.516 ], [ 126.979218, 37.515965 ], [ 126.980047, 37.515931 ], [ 126.981312, 37.516 ], [ 126.98297, 37.515966 ], [ 126.983013, 37.515445 ], [ 126.982708, 37.514437 ], [ 126.982054, 37.514437 ], [ 126.981268, 37.514437 ], [ 126.980091, 37.514402 ], [ 126.978913, 37.514401 ], [ 126.977996, 37.514645 ], [ 126.976557, 37.514714 ], [ 126.974463, 37.51513 ], [ 126.972237, 37.515755 ], [ 126.968965, 37.51704 ], [ 126.961197, 37.520339 ], [ 126.959626, 37.520825 ], [ 126.958492, 37.521207 ], [ 126.958012, 37.521346 ], [ 126.957401, 37.521485 ], [ 126.956659, 37.521485 ], [ 126.95583, 37.521589 ], [ 126.954957, 37.521832 ], [ 126.95439, 37.522283 ], [ 126.953604, 37.523013 ], [ 126.952862, 37.524298 ], [ 126.952643, 37.525028 ], [ 126.952424, 37.525618 ], [ 126.952249, 37.526661 ], [ 126.952162, 37.527113 ], [ 126.952161, 37.527391 ], [ 126.952161, 37.527912 ], [ 126.952161, 37.528364 ], [ 126.952161, 37.528676 ], [ 126.951942, 37.528989 ], [ 126.951069, 37.529753 ], [ 126.952247, 37.530414 ] ] ] } },
{ "type": "Feature", "properties": { "name": "잠실종합운동장", "area_code": "POI109", "category": "공원" }, "geometry": { "type": "Polygon", "coordinates": [ [ [ 127.0721, 37.518059 ], [ 127.073865, 37.517807 ], [ 127.076007, 37.517354 ], [ 127.07692, 37.516751 ], [ 127.078144, 37.512007 ], [ 127.070833, 37.510832 ], [ 127.070707, 37.510907 ], [ 127.070113, 37.515325 ], [ 127.069736, 37.517082 ], [ 127.069894, 37.517558 ], [ 127.07002, 37.517759 ], [ 127.070588, 37.51796 ], [ 127.071218, 37.518035 ], [ 127.0721, 37.518059 ] ] ] } },
{ "type": "Feature", "properties": { "name": "잠실한강공원", "area_code": "POI110", "category": "공원" }, "geometry": { "type": "Polygon", "coordinates": [ [ [ 127.069172, 37.520269 ], [ 127.080104, 37.518481 ], [ 127.082026, 37.518404 ], [ 127.084358, 37.518503 ], [ 127.086091, 37.518803 ], [ 127.086848, 37.518903 ], [ 127.08814, 37.519027 ], [ 127.089243, 37.519177 ], [ 127.090504, 37.519452 ], [ 127.091701, 37.519702 ], [ 127.093624, 37.520579 ], [ 127.094318, 37.521005 ], [ 127.095926, 37.521857 ], [ 127.097724, 37.522784 ], [ 127.098291, 37.523135 ], [ 127.0993, 37.523461 ], [ 127.101916, 37.523759 ], [ 127.101884, 37.523559 ], [ 127.100907, 37.523007 ], [ 127.09624, 37.520426 ], [ 127.09419, 37.519424 ], [ 127.088894, 37.517621 ], [ 127.087602, 37.517321 ], [ 127.083348, 37.516972 ], [ 127.082623, 37.517023 ], [ 127.079662, 37.517075 ], [ 127.076385, 37.517705 ], [ 127.075503, 37.517982 ], [ 127.072762, 37.51851 ], [ 127.067879, 37.518589 ], [ 127.067691, 37.519894 ], [ 127.067691, 37.520145 ], [ 127.067754, 37.520195 ], [ 127.068132, 37.520396 ], [ 127.069172, 37.520269 ] ] ] } },
{ "type": "Feature", "properties": { "name": "잠원한강공원", "area_code": "POI111", "category": "공원" }, "geometry": { "type": "Polygon", "coordinates": [ [ [ 127.021214, 37.530219 ], [ 127.023568, 37.532178 ], [ 127.023719, 37.531783 ], [ 127.023526, 37.531464 ], [ 127.022601, 37.530267 ], [ 127.022174, 37.52957 ], [ 127.021704, 37.528915 ], [ 127.021166, 37.527993 ], [ 127.020471, 37.52721 ], [ 127.016013, 37.524623 ], [ 127.015707, 37.524337 ], [ 127.015707, 37.524337 ], [ 127.014734, 37.523425 ], [ 127.014024, 37.522918 ], [ 127.012364, 37.520692 ], [ 127.011292, 37.519582 ], [ 127.010619, 37.51894 ], [ 127.009966, 37.518433 ], [ 127.007795, 37.516489 ], [ 127.006308, 37.517565 ], [ 127.00624, 37.517614 ], [ 127.006418, 37.517626 ], [ 127.006611, 37.517768 ], [ 127.00668, 37.51783 ], [ 127.006687, 37.517829 ], [ 127.006819, 37.517935 ], [ 127.007209, 37.51829 ], [ 127.007829, 37.518844 ], [ 127.007965, 37.518959 ], [ 127.009046, 37.519889 ], [ 127.010274, 37.520985 ], [ 127.011218, 37.521807 ], [ 127.012515, 37.523025 ], [ 127.01305, 37.52343 ], [ 127.015109, 37.525182 ], [ 127.020147, 37.52938 ], [ 127.021208, 37.530223 ], [ 127.021214, 37.530219 ] ] ] } },
{ "type": "Feature", "properties": { "name": "북창동 먹자골목", "area_code": "POI114", "category": "발달상권" }, "geometry": { "type": "Polygon", "coordinates": [ [ [ 126.976006, 37.560666 ], [ 126.976016, 37.560685 ], [ 126.976012, 37.560792 ], [ 126.97606, 37.560885 ], [ 126.976687, 37.562552 ], [ 126.977279, 37.564042 ], [ 126.977767, 37.563945 ], [ 126.978106, 37.56387 ], [ 126.979474, 37.564054 ], [ 126.981548, 37.561767 ], [ 126.981115, 37.561572 ], [ 126.977971, 37.56086 ], [ 126.976052, 37.560316 ], [ 126.976078, 37.560564 ], [ 126.976006, 37.560666 ] ] ] } },
{ "type": "Feature", "properties": { "name": "남대문시장", "area_code": "POI115", "category": "발달상권" }, "geometry": { "type": "Polygon", "coordinates": [ [ [ 126.976052, 37.560316 ], [ 126.977957, 37.560854 ], [ 126.981094, 37.561572 ], [ 126.981555, 37.561756 ], [ 126.982126, 37.560733 ], [ 126.981898, 37.560662 ], [ 126.981958, 37.560526 ], [ 126.98195, 37.560461 ], [ 126.981603, 37.560319 ], [ 126.981155, 37.560014 ], [ 126.981065, 37.56007 ], [ 126.980398, 37.559852 ], [ 126.98017, 37.559858 ], [ 126.980014, 37.559863 ], [ 126.97984, 37.5596 ], [ 126.97959, 37.559536 ], [ 126.979077, 37.559364 ], [ 126.978621, 37.559111 ], [ 126.978223, 37.558766 ], [ 126.977812, 37.55832 ], [ 126.977389, 37.558018 ], [ 126.977145, 37.557896 ], [ 126.976513, 37.557681 ], [ 126.976169, 37.558441 ], [ 126.975833, 37.558735 ], [ 126.975653, 37.558933 ], [ 126.975627, 37.559119 ], [ 126.97564, 37.559268 ], [ 126.975799, 37.559465 ], [ 126.975943, 37.559633 ], [ 126.976038, 37.55986 ], [ 126.975991, 37.560224 ], [ 126.976052, 37.560316 ] ] ] } },
{ "type": "Feature", "properties": { "name": "익선동", "area_code": "POI116", "category": "발달상권" }, "geometry": { "type": "Polygon", "coordinates": [ [ [ 126.988531, 37.575431 ], [ 126.990606, 37.575666 ], [ 126.992081, 37.570845 ], [ 126.992129, 37.570464 ], [ 126.9877, 37.570193 ], [ 126.987651, 37.571626 ], [ 126.987875, 37.573028 ], [ 126.987671, 37.573509 ], [ 126.987261, 37.574185 ], [ 126.987869, 37.574392 ], [ 126.98788, 37.574542 ], [ 126.98818, 37.574603 ], [ 126.988176, 37.574676 ], [ 126.988354, 37.574711 ], [ 126.988356, 37.574725 ], [ 126.988655, 37.574751 ], [ 126.988531, 37.575431 ] ] ] } },
{ "type": "Feature", "properties": { "name": "올림픽공원", "area_code": "POI127", "category": "공원" }, "geometry": { "type": "Polygon", "coordinates": [ [ [ 127.115836, 37.516697 ], [ 127.115652, 37.516417 ], [ 127.112787, 37.517461 ], [ 127.117551, 37.525248 ], [ 127.117809, 37.525323 ], [ 127.117924, 37.525302 ], [ 127.118092, 37.525276 ], [ 127.118259, 37.525256 ], [ 127.118427, 37.525243 ], [ 127.118455, 37.525241 ], [ 127.118596, 37.525235 ], [ 127.118664, 37.525235 ], [ 127.118767, 37.525234 ], [ 127.118819, 37.525236 ], [ 127.1189, 37.525238 ], [ 127.118936, 37.52524 ], [ 127.119059, 37.525247 ], [ 127.119103, 37.525251 ], [ 127.119279, 37.525269 ], [ 127.119438, 37.525292 ], [ 127.119597, 37.525322 ], [ 127.119763, 37.525359 ], [ 127.119968, 37.525416 ], [ 127.120639, 37.525607 ], [ 127.120744, 37.525637 ], [ 127.120943, 37.525696 ], [ 127.121149, 37.525755 ], [ 127.121351, 37.52581 ], [ 127.121468, 37.525832 ], [ 127.121474, 37.525833 ], [ 127.121533, 37.525845 ], [ 127.121646, 37.525864 ], [ 127.121697, 37.525873 ], [ 127.121868, 37.525894 ], [ 127.122037, 37.525907 ], [ 127.1222, 37.525913 ], [ 127.122379, 37.525912 ], [ 127.122547, 37.525903 ], [ 127.122724, 37.525885 ], [ 127.122744, 37.525882 ], [ 127.122808, 37.525872 ], [ 127.122824, 37.525869 ], [ 127.122937, 37.525835 ], [ 127.122941, 37.525834 ], [ 127.122946, 37.525833 ], [ 127.122949, 37.525831 ], [ 127.122959, 37.525829 ], [ 127.12296, 37.525828 ], [ 127.122998, 37.525812 ], [ 127.128679, 37.5233 ], [ 127.127756, 37.523069 ], [ 127.127967, 37.522008 ], [ 127.127974, 37.521998 ], [ 127.128582, 37.521066 ], [ 127.128739, 37.520694 ], [ 127.128775, 37.520596 ], [ 127.128895, 37.520354 ], [ 127.128929, 37.520283 ], [ 127.129, 37.520122 ], [ 127.129065, 37.519936 ], [ 127.129118, 37.519745 ], [ 127.129182, 37.519447 ], [ 127.129313, 37.518743 ], [ 127.129349, 37.518606 ], [ 127.129409, 37.518453 ], [ 127.129494, 37.51831 ], [ 127.129594, 37.518177 ], [ 127.129654, 37.518115 ], [ 127.129659, 37.518111 ], [ 127.129708, 37.518061 ], [ 127.129839, 37.517957 ], [ 127.129978, 37.517873 ], [ 127.13041, 37.517672 ], [ 127.130953, 37.517432 ], [ 127.127919, 37.51246 ], [ 127.127856, 37.512422 ], [ 127.127744, 37.512371 ], [ 127.127683, 37.512359 ], [ 127.127624, 37.512344 ], [ 127.127561, 37.512335 ], [ 127.127498, 37.512331 ], [ 127.127434, 37.512332 ], [ 127.127419, 37.512333 ], [ 127.123114, 37.514102 ], [ 127.115836, 37.516697 ] ] ] } },
{ "type": "Feature", "properties": { "name": "신정네거리역", "area_code": "POI117", "category": "인구밀집지역" }, "geometry": { "type": "Polygon", "coordinates": [ [ [ 126.851838, 37.522038 ], [ 126.859596, 37.522912 ], [ 126.859642, 37.522492 ], [ 126.859866, 37.52134 ], [ 126.854804, 37.520768 ], [ 126.854449, 37.520384 ], [ 126.854411, 37.520348 ], [ 126.854316, 37.520303 ], [ 126.854025, 37.520161 ], [ 126.854077, 37.519302 ], [ 126.853519, 37.519175 ], [ 126.853615, 37.518978 ], [ 126.852676, 37.518699 ], [ 126.852383, 37.519396 ], [ 126.852039, 37.520189 ], [ 126.851969, 37.520229 ], [ 126.851562, 37.520749 ], [ 126.852094, 37.52124 ], [ 126.852049, 37.521614 ], [ 126.851838, 37.522038 ] ] ] } },
{ "type": "Feature", "properties": { "name": "잠실새내역", "area_code": "POI118", "category": "인구밀집지역" }, "geometry": { "type": "Polygon", "coordinates": [ [ [ 127.078365, 37.511881 ], [ 127.078313, 37.512121 ], [ 127.078699, 37.512183 ], [ 127.08193, 37.51204 ], [ 127.081884, 37.512233 ], [ 127.081897, 37.512301 ], [ 127.08879, 37.512176 ], [ 127.088921, 37.511341 ], [ 127.088593, 37.511336 ], [ 127.087984, 37.511326 ], [ 127.086771, 37.511379 ], [ 127.085965, 37.511411 ], [ 127.085887, 37.511353 ], [ 127.086167, 37.510314 ], [ 127.086376, 37.509818 ], [ 127.086501, 37.509604 ], [ 127.08669, 37.509348 ], [ 127.086435, 37.509239 ], [ 127.083459, 37.508735 ], [ 127.083538, 37.50839 ], [ 127.079317, 37.507756 ], [ 127.078365, 37.511881 ] ] ] } },
{ "type": "Feature", "properties": { "name": "잠실역", "area_code": "POI119", "category": "인구밀집지역" }, "geometry": { "type": "Polygon", "coordinates": [ [ [ 127.094746, 37.511906 ], [ 127.095625, 37.511993 ], [ 127.095918, 37.512028 ], [ 127.096119, 37.51206 ], [ 127.096172, 37.512068 ], [ 127.096421, 37.512116 ], [ 127.098979, 37.512749 ], [ 127.101161, 37.513391 ], [ 127.101195, 37.513405 ], [ 127.101202, 37.513407 ], [ 127.105224, 37.514774 ], [ 127.106075, 37.513174 ], [ 127.106142, 37.513038 ], [ 127.102288, 37.511236 ], [ 127.101468, 37.510861 ], [ 127.100058, 37.510189 ], [ 127.0992, 37.50996 ], [ 127.098695, 37.50985 ], [ 127.097889, 37.50983 ], [ 127.097496, 37.509856 ], [ 127.097509, 37.510059 ], [ 127.094809, 37.510257 ], [ 127.094746, 37.511906 ] ] ] } },
{ "type": "Feature", "properties": { "name": "잠실롯데타워·석촌호수", "area_code": "POI120", "category": "발달상권" }, "geometry": { "type": "Polygon", "coordinates": [ [ [ 127.093074, 37.510513 ], [ 127.092721, 37.511498 ], [ 127.092908, 37.511723 ], [ 127.095625, 37.511993 ], [ 127.095918, 37.512028 ], [ 127.096119, 37.51206 ], [ 127.096172, 37.512068 ], [ 127.096421, 37.512116 ], [ 127.098979, 37.512749 ], [ 127.101161, 37.513391 ], [ 127.101195, 37.513405 ], [ 127.101202, 37.513407 ], [ 127.101565, 37.513531 ], [ 127.105151, 37.514749 ], [ 127.106195, 37.515106 ], [ 127.107, 37.515378 ], [ 127.111852, 37.517026 ], [ 127.112275, 37.51717 ], [ 127.112557, 37.517168 ], [ 127.112786, 37.51746 ], [ 127.115651, 37.516416 ], [ 127.114577, 37.514686 ], [ 127.111818, 37.515766 ], [ 127.110326, 37.515256 ], [ 127.110502, 37.514836 ], [ 127.110339, 37.514574 ], [ 127.110037, 37.514692 ], [ 127.109173, 37.514398 ], [ 127.109665, 37.51325 ], [ 127.108572, 37.511564 ], [ 127.109055, 37.511368 ], [ 127.10887, 37.511084 ], [ 127.108043, 37.511418 ], [ 127.1045, 37.508655 ], [ 127.104793, 37.50833 ], [ 127.104649, 37.508218 ], [ 127.102862, 37.507466 ], [ 127.09968, 37.506117 ], [ 127.098516, 37.505953 ], [ 127.097223, 37.505837 ], [ 127.097289, 37.506715 ], [ 127.097509, 37.510059 ], [ 127.093291, 37.510368 ], [ 127.093074, 37.510513 ] ] ] } },
{ "type": "Feature", "properties": { "name": "송리단길·호수단길", "area_code": "POI121", "category": "발달상권" }, "geometry": { "type": "Polygon", "coordinates": [ [ [ 127.097223, 37.505837 ], [ 127.097315, 37.506349 ], [ 127.097583, 37.50638 ], [ 127.098376, 37.506333 ], [ 127.098776, 37.506332 ], [ 127.099601, 37.506488 ], [ 127.100526, 37.506795 ], [ 127.102794, 37.507785 ], [ 127.103273, 37.508134 ], [ 127.104106, 37.508666 ], [ 127.107136, 37.511012 ], [ 127.108337, 37.511925 ], [ 127.11224, 37.510329 ], [ 127.110434, 37.507721 ], [ 127.107384, 37.509765 ], [ 127.108138, 37.510484 ], [ 127.107477, 37.510855 ], [ 127.106545, 37.51012 ], [ 127.106892, 37.509869 ], [ 127.104977, 37.508389 ], [ 127.104793, 37.50833 ], [ 127.107345, 37.505531 ], [ 127.106748, 37.505187 ], [ 127.105548, 37.50463 ], [ 127.104021, 37.504156 ], [ 127.102177, 37.507107 ], [ 127.09968, 37.506117 ], [ 127.098516, 37.505953 ], [ 127.097223, 37.505837 ] ] ] } },
{ "type": "Feature", "properties": { "name": "신촌 스타광장", "area_code": "POI122", "category": "발달상권" }, "geometry": { "type": "Polygon", "coordinates": [ [ [ 126.936303, 37.557694 ], [ 126.937411, 37.557694 ], [ 126.937882, 37.55724 ], [ 126.93754, 37.557004 ], [ 126.9375, 37.555988 ], [ 126.937843, 37.555501 ], [ 126.937104, 37.555362 ], [ 126.936701, 37.55534 ], [ 126.935968, 37.5555 ], [ 126.936297, 37.555992 ], [ 126.936303, 37.557694 ] ] ] } },
{ "type": "Feature", "properties": { "name": "보라매공원", "area_code": "POI123", "category": "공원" }, "geometry": { "type": "Polygon", "coordinates": [ [ [ 126.917895, 37.49588 ], [ 126.918535, 37.496002 ], [ 126.91952, 37.496183 ], [ 126.919698, 37.49616 ], [ 126.919816, 37.496109 ], [ 126.920102, 37.495818 ], [ 126.920309, 37.49563 ], [ 126.920576, 37.495442 ], [ 126.920911, 37.495316 ], [ 126.921207, 37.495238 ], [ 126.921522, 37.495215 ], [ 126.922025, 37.495199 ], [ 126.922173, 37.495113 ], [ 126.922616, 37.495062 ], [ 126.923089, 37.494921 ], [ 126.923527, 37.495118 ], [ 126.923722, 37.494998 ], [ 126.923741, 37.494735 ], [ 126.923378, 37.493104 ], [ 126.92412, 37.493001 ], [ 126.924057, 37.492744 ], [ 126.923349, 37.492855 ], [ 126.922788, 37.490516 ], [ 126.921655, 37.490731 ], [ 126.921004, 37.490786 ], [ 126.92065, 37.490801 ], [ 126.920433, 37.490778 ], [ 126.91931, 37.490604 ], [ 126.919053, 37.490604 ], [ 126.917664, 37.490854 ], [ 126.917555, 37.490831 ], [ 126.917447, 37.49076 ], [ 126.916541, 37.490571 ], [ 126.916304, 37.490586 ], [ 126.916245, 37.490665 ], [ 126.915949, 37.49072 ], [ 126.915782, 37.490782 ], [ 126.915663, 37.490931 ], [ 126.915565, 37.491136 ], [ 126.915614, 37.491375 ], [ 126.915712, 37.491619 ], [ 126.915918, 37.491831 ], [ 126.916293, 37.491988 ], [ 126.91647, 37.492129 ], [ 126.916519, 37.492286 ], [ 126.916528, 37.493064 ], [ 126.916804, 37.49319 ], [ 126.91777, 37.493186 ], [ 126.917976, 37.493391 ], [ 126.918351, 37.493634 ], [ 126.91841, 37.493674 ], [ 126.918508, 37.493799 ], [ 126.918498, 37.493941 ], [ 126.918291, 37.494298 ], [ 126.91833, 37.494514 ], [ 126.917895, 37.49588 ] ] ] } },
{ "type": "Feature", "properties": { "name": "서대문독립공원", "area_code": "POI124", "category": "공원" }, "geometry": { "type": "Polygon", "coordinates": [ [ [ 126.955724, 37.576786 ], [ 126.956089, 37.576338 ], [ 126.956445, 37.575941 ], [ 126.956719, 37.575661 ], [ 126.9599, 37.572781 ], [ 126.959865, 37.572604 ], [ 126.959841, 37.572472 ], [ 126.960035, 37.572257 ], [ 126.95979, 37.572131 ], [ 126.959568, 37.57197 ], [ 126.959394, 37.57181 ], [ 126.958963, 37.571611 ], [ 126.958875, 37.571718 ], [ 126.958677, 37.571923 ], [ 126.958598, 37.572055 ], [ 126.958519, 37.572165 ], [ 126.958463, 37.572295 ], [ 126.958447, 37.57238 ], [ 126.958419, 37.572484 ], [ 126.958348, 37.572531 ], [ 126.958047, 37.572711 ], [ 126.957893, 37.572777 ], [ 126.957754, 37.572821 ], [ 126.957596, 37.572811 ], [ 126.95754, 37.572783 ], [ 126.957417, 37.572691 ], [ 126.957239, 37.572584 ], [ 126.957002, 37.572562 ], [ 126.956819, 37.572593 ], [ 126.956716, 37.572619 ], [ 126.956641, 37.57265 ], [ 126.956376, 37.572685 ], [ 126.955358, 37.572732 ], [ 126.954966, 37.572798 ], [ 126.9547, 37.572911 ], [ 126.954609, 37.572946 ], [ 126.954403, 37.573321 ], [ 126.953873, 37.573235 ], [ 126.955068, 37.574005 ], [ 126.953879, 37.575152 ], [ 126.953792, 37.575228 ], [ 126.954109, 37.575574 ], [ 126.954283, 37.575764 ], [ 126.954837, 37.576281 ], [ 126.955027, 37.57642 ], [ 126.955368, 37.576615 ], [ 126.955724, 37.576786 ] ] ] } },
{ "type": "Feature", "properties": { "name": "안양천", "area_code": "POI125", "category": "공원" }, "geometry": { "type": "Polygon", "coordinates": [ [ [ 126.878547, 37.523938 ], [ 126.881168, 37.523532 ], [ 126.881251, 37.523481 ], [ 126.88134, 37.523406 ], [ 126.881455, 37.522698 ], [ 126.881615, 37.521723 ], [ 126.881789, 37.520121 ], [ 126.882129, 37.517903 ], [ 126.882086, 37.517332 ], [ 126.882061, 37.516923 ], [ 126.881966, 37.516569 ], [ 126.881745, 37.515972 ], [ 126.881315, 37.515229 ], [ 126.881093, 37.514956 ], [ 126.880973, 37.514758 ], [ 126.879858, 37.513666 ], [ 126.879014, 37.514165 ], [ 126.877014, 37.514825 ], [ 126.877077, 37.515012 ], [ 126.877115, 37.515169 ], [ 126.877134, 37.515376 ], [ 126.877296, 37.516887 ], [ 126.877459, 37.518292 ], [ 126.877521, 37.518838 ], [ 126.877584, 37.519344 ], [ 126.877691, 37.519692 ], [ 126.877729, 37.519819 ], [ 126.877786, 37.519971 ], [ 126.877893, 37.520223 ], [ 126.878039, 37.520527 ], [ 126.87821, 37.52082 ], [ 126.878431, 37.52128 ], [ 126.878488, 37.521553 ], [ 126.8785, 37.521715 ], [ 126.878493, 37.521927 ], [ 126.878519, 37.522053 ], [ 126.878506, 37.522195 ], [ 126.878211, 37.523933 ], [ 126.878255, 37.523984 ], [ 126.878547, 37.523938 ] ] ] } },
{ "type": "Feature", "properties": { "name": "홍제폭포", "area_code": "POI128", "category": "공원" }, "geometry": { "type": "Polygon", "coordinates": [ [ [ 126.936011, 37.580289 ], [ 126.936497, 37.580476 ], [ 126.936917, 37.581558 ], [ 126.937856, 37.581569 ], [ 126.937847, 37.581397 ], [ 126.937611, 37.580821 ], [ 126.937408, 37.580572 ], [ 126.937245, 37.580413 ], [ 126.936978, 37.580268 ], [ 126.936764, 37.580158 ], [ 126.936454, 37.579986 ], [ 126.936027, 37.579752 ], [ 126.936011, 37.580289 ] ] ] } },
{ "type": "Feature", "properties": { "name": "송현녹지광장", "area_code": "POI129", "category": "공원" }, "geometry": { "type": "Polygon", "coordinates": [ [ [ 126.981587397091062, 37.579772174354396 ], [ 126.981883457857649, 37.579702174156942 ], [ 126.982211533349556, 37.579587603313236 ], [ 126.982203547342039, 37.579523923921094 ], [ 126.982523598091134, 37.57950486828075 ], [ 126.982947665119212, 37.579479459025094 ], [ 126.983779796018538, 37.579428633745316 ], [ 126.984955991531493, 37.579295065300208 ], [ 126.985132064567395, 37.579053110475101 ], [ 126.98534807823026, 37.579135919136043 ], [ 126.985660108308963, 37.579206003464833 ], [ 126.986196165930636, 37.579301584654026 ], [ 126.986428193021695, 37.579333450653849 ], [ 126.986756236249931, 37.579352591370437 ], [ 126.987716372923771, 37.579352695184376 ], [ 126.988300456069339, 37.579352754517522 ], [ 126.988812532776592, 37.579327332881981 ], [ 126.989302792246932, 37.579269252022932 ], [ 126.989244081084138, 37.578918499323819 ], [ 126.989317748228785, 37.57741029210883 ], [ 126.987951583995695, 37.577351702668246 ], [ 126.98748150310864, 37.577351653754448 ], [ 126.987143644532651, 37.577281467948858 ], [ 126.986644219560731, 37.577082655597778 ], [ 126.984764090985692, 37.576158792803291 ], [ 126.984029658756626, 37.575889789279401 ], [ 126.983442118331965, 37.575667568211436 ], [ 126.982869238913509, 37.575585645369614 ], [ 126.982457922375673, 37.575608968136784 ], [ 126.982017220579678, 37.575655668169212 ], [ 126.98122394187088, 37.575795843687544 ], [ 126.980386597075977, 37.575912623388476 ], [ 126.980063419580404, 37.575924260836985 ], [ 126.979608046996447, 37.575889108299506 ], [ 126.979607973667285, 37.576158014736421 ], [ 126.979593210491686, 37.576426918622602 ], [ 126.979548786024168, 37.577724676611609 ], [ 126.979621892406257, 37.578987379908646 ], [ 126.979665896681709, 37.579232910648145 ], [ 126.97991541044675, 37.580063055372065 ], [ 126.980255169507302, 37.58000443163975 ], [ 126.981043296576487, 37.579879118594171 ], [ 126.981587397091062, 37.579772174354396 ] ] ] } },
{ "type": "Feature", "properties": { "name": "시의회 앞", "area_code": "POI130", "category": "인구밀집지역" }, "geometry": { "type": "Polygon", "coordinates": [ [ [ 126.975792015191814, 37.570350827072545 ], [ 126.978103242099621, 37.570343830138121 ], [ 126.978077314508397, 37.563722188647318 ], [ 126.975768503125764, 37.563857041782612 ], [ 126.975792015191814, 37.570350827072545 ] ] ] } },
{ "type": "Feature", "properties": { "name": "숭례문", "area_code": "POI131", "category": "인구밀집지역" }, "geometry": { "type": "Polygon", "coordinates": [ [ [ 126.975593057597678, 37.562785580095223 ], [ 126.977345096294272, 37.562962427672424 ], [ 126.977644480778096, 37.560833321115346 ], [ 126.977374972075964, 37.560191440382575 ], [ 126.97727201979032, 37.558608684292516 ], [ 126.975914450552295, 37.558464512487689 ], [ 126.974998055052168, 37.55804039395246 ], [ 126.974122748812619, 37.55853421793072 ], [ 126.97401106976281, 37.559438816429456 ], [ 126.973235244067965, 37.560403840105415 ], [ 126.975593057597678, 37.562785580095223 ] ] ] } },
{ "type": "Feature", "properties": { "name": "광화문·덕수궁", "area_code": "POI009", "category": "고궁·문화유산" }, "geometry": { "type": "Polygon", "coordinates": [ [ [ 126.973963927416193, 37.577507717374587 ], [ 126.982444178355081, 37.577506557731937 ], [ 126.982552707925649, 37.576789672033961 ], [ 126.983074364791108, 37.575779550731561 ], [ 126.982981921031097, 37.575595513535355 ], [ 126.982897433062718, 37.575419299240103 ], [ 126.982265100668457, 37.575467136262333 ], [ 126.981286474996949, 37.575598793576539 ], [ 126.979359763897634, 37.574268405812887 ], [ 126.980128044873339, 37.572483132427216 ], [ 126.979329622206066, 37.572429718462836 ], [ 126.979211551656775, 37.565856600194842 ], [ 126.97868496139445, 37.564885915569903 ], [ 126.979603477493484, 37.56387953912359 ], [ 126.978790635735621, 37.563819482876333 ], [ 126.978820884062884, 37.563316218886008 ], [ 126.9790167388432, 37.562717123538697 ], [ 126.977932898084532, 37.562872699824638 ], [ 126.977344179717818, 37.562823293184493 ], [ 126.977321017686535, 37.562970508180669 ], [ 126.976858634539369, 37.563080833035876 ], [ 126.975217226149155, 37.563282926622826 ], [ 126.974876544667865, 37.564801288352839 ], [ 126.974093798783855, 37.564753188780521 ], [ 126.973928193639566, 37.564813065339294 ], [ 126.973491508595146, 37.565220376572292 ], [ 126.97350534162176, 37.566631796004657 ], [ 126.973250708210543, 37.567551859442773 ], [ 126.974244426554336, 37.56869303007695 ], [ 126.974407995672649, 37.570361112716903 ], [ 126.975040273903872, 37.570361248087615 ], [ 126.973963927416193, 37.577507717374587 ] ] ] } },
{ "type": "Feature", "properties": { "name": "여의서로", "area_code": "POI126", "category": "공원" }, "geometry": { "type": "Polygon", "coordinates": [ [ [ 126.914014973754206, 37.527390127552202 ], [ 126.912058723634729, 37.526435186873556 ], [ 126.911801, 37.526832 ], [ 126.9112, 37.528514 ], [ 126.910852, 37.530245 ], [ 126.910661, 37.531374 ], [ 126.910061, 37.532328 ], [ 126.910029, 37.53283 ], [ 126.91006, 37.533583 ], [ 126.909806, 37.534511 ], [ 126.910278, 37.53544 ], [ 126.910593, 37.535691 ], [ 126.911475, 37.536043 ], [ 126.913177, 37.535743 ], [ 126.91365, 37.535468 ], [ 126.915668, 37.535243 ], [ 126.920617, 37.534343 ], [ 126.922748362534222, 37.53394932732337 ], [ 126.921225841359274, 37.53203474497797 ], [ 126.920832719793239, 37.53169321124664 ], [ 126.919444905942811, 37.53213118522099 ], [ 126.918057059328561, 37.532584277733783 ], [ 126.917125500690346, 37.532871190974575 ], [ 126.916251102397908, 37.533021923220112 ], [ 126.915205723640327, 37.533111986710232 ], [ 126.914388506935978, 37.533111397115078 ], [ 126.913818477669039, 37.533005038149348 ], [ 126.913419512385957, 37.532883667058279 ], [ 126.912982626418611, 37.53268659213569 ], [ 126.912689484255594, 37.532437686799064 ], [ 126.912547211637204, 37.532244274996629 ], [ 126.912445588338329, 37.531986391813149 ], [ 126.912364289699241, 37.531664036579883 ], [ 126.912404939018771, 37.53114826530873 ], [ 126.912528823557849, 37.530703583419864 ], [ 126.912709808915352, 37.530197302677202 ], [ 126.912929077705328, 37.529704974747183 ], [ 126.913233985996584, 37.52897872308241 ], [ 126.913367346503364, 37.528691257515035 ], [ 126.913576861053031, 37.528282768168609 ], [ 126.914014973754206, 37.527390127552202 ] ] ] } }
]
}
